mtllib acidizer_body.mtl
usemtl material
v -1.500000 0.000000 1.500000
v 1.500000 0.000000 1.500000
v -1.500000 0.000000 -1.500000
v 1.500000 0.000000 -1.500000
v -1.500000 1.000000 1.500000
v 1.500000 1.000000 1.500000
v -1.500000 1.000000 -1.500000
v 1.500000 1.000000 -1.500000
v -1.250000 1.000000 0.500000
v 1.250000 1.000000 0.500000
v -1.250000 1.000000 -0.500000
v 1.250000 1.000000 -0.500000
v 0.500000 1.000000 1.250000
v 0.500000 1.000000 -1.250000
v -0.500000 1.000000 1.250000
v -0.500000 1.000000 -1.250000
v -1.250000 1.875000 0.500000
v 1.250000 1.875000 0.500000
v -1.250000 1.875000 -0.500000
v 1.250000 1.875000 -0.500000
v 0.500000 1.875000 1.250000
v 0.500000 1.875000 -1.250000
v -0.500000 1.875000 1.250000
v -0.500000 1.875000 -1.250000
v -1.312500 1.875000 0.500000
v 1.312500 1.875000 0.500000
v -1.312500 1.875000 -0.500000
v 1.312500 1.875000 -0.500000
v 0.500000 1.875000 1.312500
v 0.500000 1.875000 -1.312500
v -0.500000 1.875000 1.312500
v -0.500000 1.875000 -1.312500
v -1.312500 2.125000 0.500000
v 1.312500 2.125000 0.500000
v -1.312500 2.125000 -0.500000
v 1.312500 2.125000 -0.500000
v 0.500000 2.125000 1.312500
v 0.500000 2.125000 -1.312500
v -0.500000 2.125000 1.312500
v -0.500000 2.125000 -1.312500
v -1.250000 2.125000 0.500000
v 1.250000 2.125000 0.500000
v -1.250000 2.125000 -0.500000
v 1.250000 2.125000 -0.500000
v 0.500000 2.125000 1.250000
v 0.500000 2.125000 -1.250000
v -0.500000 2.125000 1.250000
v -0.500000 2.125000 -1.250000
v -1.250000 6.000000 0.500000
v 1.250000 6.000000 0.500000
v -1.250000 6.000000 -0.500000
v 1.250000 6.000000 -0.500000
v 0.500000 6.000000 1.250000
v 0.500000 6.000000 -1.250000
v -0.500000 6.000000 1.250000
v -0.500000 6.000000 -1.250000
v -1.250000 4.875000 0.500000
v 1.250000 4.875000 0.500000
v -1.250000 4.875000 -0.500000
v 1.250000 4.875000 -0.500000
v 0.500000 4.875000 1.250000
v 0.500000 4.875000 -1.250000
v -0.500000 4.875000 1.250000
v -0.500000 4.875000 -1.250000
v -1.312500 4.875000 0.500000
v 1.312500 4.875000 0.500000
v -1.312500 4.875000 -0.500000
v 1.312500 4.875000 -0.500000
v 0.500000 4.875000 1.312500
v 0.500000 4.875000 -1.312500
v -0.500000 4.875000 1.312500
v -0.500000 4.875000 -1.312500
v -1.312500 5.125000 0.500000
v 1.312500 5.125000 0.500000
v -1.312500 5.125000 -0.500000
v 1.312500 5.125000 -0.500000
v 0.500000 5.125000 1.312500
v 0.500000 5.125000 -1.312500
v -0.500000 5.125000 1.312500
v -0.500000 5.125000 -1.312500
v -1.250000 5.125000 0.500000
v 1.250000 5.125000 0.500000
v -1.250000 5.125000 -0.500000
v 1.250000 5.125000 -0.500000
v 0.500000 5.125000 1.250000
v 0.500000 5.125000 -1.250000
v -0.500000 5.125000 1.250000
v -0.500000 5.125000 -1.250000
v -0.312500 6.000000 0.750000
v 0.312500 6.000000 0.750000
v -0.312500 6.000000 -0.750000
v 0.312500 6.000000 -0.750000
v 0.750000 6.000000 0.312500
v 0.750000 6.000000 -0.312500
v -0.750000 6.000000 0.312500
v -0.750000 6.000000 -0.312500
v -0.312500 6.500000 0.750000
v 0.312500 6.500000 0.750000
v 0.312500 6.500000 -0.750000
v -0.312500 6.500000 -0.750000
v 0.750000 6.500000 0.312500
v 0.750000 6.500000 -0.312500
v -0.750000 6.500000 -0.312500
v -0.750000 6.500000 0.312500
v -0.250000 6.500000 0.625000
v 0.250000 6.500000 0.625000
v -0.250000 6.500000 -0.625000
v 0.250000 6.500000 -0.625000
v 0.625000 6.500000 0.250000
v 0.625000 6.500000 -0.250000
v -0.625000 6.500000 0.250000
v -0.625000 6.500000 -0.250000
v -0.250000 6.250000 0.625000
v 0.250000 6.250000 0.625000
v 0.250000 6.250000 -0.625000
v -0.250000 6.250000 -0.625000
v 0.625000 6.250000 0.250000
v 0.625000 6.250000 -0.250000
v -0.625000 6.250000 -0.250000
v -0.625000 6.250000 0.250000
v -0.375000 2.375000 1.250000
v 0.375000 2.375000 1.250000
v -0.375000 4.625000 1.250000
v 0.375000 4.625000 1.250000
v 0.375000 2.375000 -1.250000
v -0.375000 2.375000 -1.250000
v 0.375000 4.625000 -1.250000
v -0.375000 4.625000 -1.250000
v 1.250000 2.375000 0.375000
v 1.250000 2.375000 -0.375000
v 1.250000 4.625000 0.375000
v 1.250000 4.625000 -0.375000
v -1.250000 2.375000 -0.375000
v -1.250000 2.375000 0.375000
v -1.250000 4.625000 -0.375000
v -1.250000 4.625000 0.375000
v -0.375000 2.375000 0.937500
v 0.375000 2.375000 0.937500
v -0.375000 2.375000 -0.937500
v 0.375000 2.375000 -0.937500
v -0.375000 4.625000 0.937500
v 0.375000 4.625000 0.937500
v -0.375000 4.625000 -0.937500
v 0.375000 4.625000 -0.937500
v -0.937500 2.375000 -0.375000
v -0.937500 2.375000 0.375000
v -0.937500 4.625000 -0.375000
v -0.937500 4.625000 0.375000
v 0.937500 2.375000 0.375000
v 0.937500 2.375000 -0.375000
v 0.937500 4.625000 0.375000
v 0.937500 4.625000 -0.375000
v -0.375000 1.875000 0.937500
v 0.375000 1.875000 0.937500
v -0.375000 1.875000 -0.937500
v 0.375000 1.875000 -0.937500
v -0.937500 1.875000 -0.375000
v -0.937500 1.875000 0.375000
v 0.937500 1.875000 0.375000
v 0.937500 1.875000 -0.375000
v -0.375000 5.125000 0.937500
v 0.375000 5.125000 0.937500
v -0.375000 5.125000 -0.937500
v 0.375000 5.125000 -0.937500
v -0.937500 5.125000 -0.375000
v -0.937500 5.125000 0.375000
v 0.937500 5.125000 0.375000
v 0.937500 5.125000 -0.375000
v 1.281631 1.000000 0.839689
v 1.193243 1.000000 0.803078
v 1.104854 1.000000 0.839689
v 1.068243 1.000000 0.928078
v 1.104854 1.000000 1.016466
v 1.193243 1.000000 1.053077
v 1.281631 1.000000 1.016466
v 1.318243 1.000000 0.928078
v 1.281631 6.000000 0.839689
v 1.193243 6.000000 0.803078
v 1.104854 6.000000 0.839689
v 1.068243 6.000000 0.928078
v 1.104854 6.000000 1.016466
v 1.193243 6.000000 1.053077
v 1.281631 6.000000 1.016466
v 1.318243 6.000000 0.928078
v 1.255743 6.088388 0.813801
v 1.185660 6.025888 0.795495
v 1.060660 6.025888 0.920495
v 1.078966 6.088388 0.990578
v 1.149049 6.150888 1.008883
v 1.229854 6.176776 0.964689
v 1.274049 6.150888 0.883883
v 1.193243 6.125000 0.751301
v 1.167354 6.036611 0.777189
v 1.042355 6.036611 0.902189
v 1.016466 6.125000 0.928078
v 1.042355 6.213388 0.902189
v 1.104854 6.250000 0.839689
v 1.167354 6.213388 0.777189
v 0.662913 6.000000 0.397748
v 0.751301 6.125000 0.309359
v 0.725412 6.036611 0.335248
v 0.600413 6.036611 0.460248
v 0.574524 6.125000 0.486136
v 0.600413 6.213388 0.460248
v 0.662912 6.250000 0.397748
v 0.725412 6.213388 0.335248
v 1.016466 1.000000 1.104855
v 0.928078 1.000000 1.068243
v 0.839689 1.000000 1.104855
v 0.803078 1.000000 1.193243
v 0.839689 1.000000 1.281631
v 0.928078 1.000000 1.318243
v 1.016466 1.000000 1.281631
v 1.053078 1.000000 1.193243
v 1.016466 6.000000 1.104855
v 0.928078 6.000000 1.068243
v 0.839689 6.000000 1.104855
v 0.803078 6.000000 1.193243
v 0.839689 6.000000 1.281631
v 0.928078 6.000000 1.318243
v 1.016466 6.000000 1.281631
v 1.053078 6.000000 1.193243
v 0.990578 6.088388 1.078966
v 0.920495 6.025888 1.060660
v 0.795495 6.025888 1.185660
v 0.813801 6.088388 1.255743
v 0.883884 6.150888 1.274049
v 0.964689 6.176776 1.229855
v 1.008883 6.150888 1.149049
v 0.928078 6.125000 1.016466
v 0.902189 6.036611 1.042354
v 0.777189 6.036611 1.167354
v 0.751301 6.125000 1.193243
v 0.777189 6.213388 1.167354
v 0.839689 6.250000 1.104854
v 0.902189 6.213388 1.042354
v 0.397748 6.000000 0.662912
v 0.486136 6.125000 0.574524
v 0.460248 6.036611 0.600412
v 0.335248 6.036611 0.725412
v 0.309359 6.125000 0.751301
v 0.335248 6.213388 0.725412
v 0.397748 6.250000 0.662912
v 0.460248 6.213388 0.600412
v 1.125000 1.000000 0.750000
v 0.937500 1.000000 0.800241
v 0.800241 1.000000 0.937500
v 0.750000 1.000000 1.125000
v 0.800241 1.000000 1.312500
v 0.937500 1.000000 1.449759
v 1.125000 1.000000 1.500000
v 1.312500 1.000000 1.449759
v 1.449759 1.000000 1.312500
v 1.500000 1.000000 1.125000
v 1.449760 1.000000 0.937500
v 1.312500 1.000000 0.800241
v 1.125000 2.375000 0.750000
v 0.937500 2.375000 0.800241
v 0.800241 2.375000 0.937500
v 0.750000 2.375000 1.125000
v 0.800241 2.375000 1.312500
v 0.937500 2.375000 1.449759
v 1.125000 2.375000 1.500000
v 1.312500 2.375000 1.449759
v 1.449759 2.375000 1.312500
v 1.500000 2.375000 1.125000
v 1.449760 2.375000 0.937500
v 1.312500 2.375000 0.800241
v 1.125000 2.699759 0.937500
v 1.125000 2.562500 0.800241
v 1.218750 2.699759 0.962620
v 1.287380 2.562500 0.843750
v 1.125000 2.750000 1.125000
v 1.287380 2.699759 1.031250
v 1.406250 2.562500 0.962620
v 1.312500 2.699759 1.125000
v 1.449759 2.562500 1.125000
v 1.287380 2.699759 1.218750
v 1.406250 2.562500 1.287380
v 1.218750 2.699759 1.287380
v 1.287380 2.562500 1.406250
v 1.125000 2.699759 1.312500
v 1.125000 2.562500 1.449759
v 1.031250 2.699759 1.287380
v 0.962620 2.562500 1.406250
v 0.962620 2.699759 1.218750
v 0.843750 2.562500 1.287380
v 0.937500 2.699759 1.125000
v 0.800241 2.562500 1.125000
v 0.962620 2.699759 1.031250
v 0.843750 2.562500 0.962620
v 1.031250 2.699759 0.962620
v 0.962620 2.562500 0.843750
v 1.458408 4.375000 0.928078
v 0.928078 4.375000 1.458407
v 1.458408 3.625000 0.928078
v 0.928078 3.625000 1.458407
v 1.104854 4.375000 0.574524
v 0.574524 4.375000 1.104854
v 1.104854 3.625000 0.574524
v 0.574524 3.625000 1.104854
v -1.125000 2.375000 -0.375000
v -1.125000 2.375000 0.375000
v -1.125000 4.625000 -0.375000
v -1.125000 4.625000 0.375000
v 1.125000 2.375000 0.375000
v 1.125000 2.375000 -0.375000
v 1.125000 4.625000 0.375000
v 1.125000 4.625000 -0.375000
v -0.375000 2.375000 1.125000
v 0.375000 2.375000 1.125000
v -0.375000 4.624999 1.125000
v 0.375000 4.624999 1.125000
v 0.375000 2.375000 -1.125000
v -0.375000 2.375000 -1.125000
v 0.375000 4.624999 -1.125000
v -0.375000 4.624999 -1.125000
v 0.312500 1.000000 1.500000
v 0.437500 1.000000 1.500000
v 0.312500 1.000000 1.375000
v 0.437500 1.000000 1.375000
v 0.312500 6.125000 1.375000
v 0.312500 6.125000 1.500000
v 0.437500 6.125000 1.500000
v 0.437500 6.125000 1.375000
v 0.312500 6.250000 1.375000
v 0.437500 6.250000 1.375000
v 0.437500 6.125000 1.000000
v 0.312500 6.125000 1.000000
v 0.437500 6.250000 1.000000
v 0.312500 6.250000 1.000000
v 0.437500 6.125000 0.875000
v 0.312500 6.125000 0.875000
v 0.437500 6.000000 1.000000
v 0.312500 6.000000 1.000000
v 0.437500 6.000000 0.875000
v 0.312500 6.000000 0.875000
v -0.312500 1.312500 1.468750
v 0.312500 1.312500 1.468750
v -0.312500 1.312500 1.406250
v 0.312500 1.312500 1.406250
v -0.312500 1.437500 1.406250
v -0.312500 1.437500 1.468750
v 0.312500 1.437500 1.468750
v 0.312500 1.437500 1.406250
v -0.437500 1.000000 1.500000
v -0.312500 1.000000 1.500000
v -0.437500 1.000000 1.375000
v -0.312500 1.000000 1.375000
v -0.437500 6.125000 1.375000
v -0.437500 6.125000 1.500000
v -0.312500 6.125000 1.500000
v -0.312500 6.125000 1.375000
v -0.437500 6.250000 1.375000
v -0.312500 6.250000 1.375000
v -0.312500 6.125000 1.000000
v -0.437500 6.125000 1.000000
v -0.312500 6.250000 1.000000
v -0.437500 6.250000 1.000000
v -0.312500 6.125000 0.875000
v -0.437500 6.125000 0.875000
v -0.312500 6.000000 1.000000
v -0.437500 6.000000 1.000000
v -0.312500 6.000000 0.875000
v -0.437500 6.000000 0.875000
v -0.312500 1.812500 1.468750
v 0.312500 1.812500 1.468750
v -0.312500 1.812500 1.406250
v 0.312500 1.812500 1.406250
v -0.312500 1.937500 1.406250
v -0.312500 1.937500 1.468750
v 0.312500 1.937500 1.468750
v 0.312500 1.937500 1.406250
v -0.312500 2.312500 1.468750
v 0.312500 2.312500 1.468750
v -0.312500 2.312500 1.406250
v 0.312500 2.312500 1.406250
v -0.312500 2.437500 1.406250
v -0.312500 2.437500 1.468750
v 0.312500 2.437500 1.468750
v 0.312500 2.437500 1.406250
v -0.312500 2.812500 1.468750
v 0.312500 2.812500 1.468750
v -0.312500 2.812500 1.406250
v 0.312500 2.812500 1.406250
v -0.312500 2.937500 1.406250
v -0.312500 2.937500 1.468750
v 0.312500 2.937500 1.468750
v 0.312500 2.937500 1.406250
v -0.312500 3.312500 1.468750
v 0.312500 3.312500 1.468750
v -0.312500 3.312500 1.406250
v 0.312500 3.312500 1.406250
v -0.312500 3.437500 1.406250
v -0.312500 3.437500 1.468750
v 0.312500 3.437500 1.468750
v 0.312500 3.437500 1.406250
v -0.312500 3.812500 1.468750
v 0.312500 3.812500 1.468750
v -0.312500 3.812500 1.406250
v 0.312500 3.812500 1.406250
v -0.312500 3.937500 1.406250
v -0.312500 3.937500 1.468750
v 0.312500 3.937500 1.468750
v 0.312500 3.937500 1.406250
v -0.312500 4.312500 1.468750
v 0.312500 4.312500 1.468750
v -0.312500 4.312500 1.406250
v 0.312500 4.312500 1.406250
v -0.312500 4.437500 1.406250
v -0.312500 4.437500 1.468750
v 0.312500 4.437500 1.468750
v 0.312500 4.437500 1.406250
v -0.312500 4.812500 1.468750
v 0.312500 4.812500 1.468750
v -0.312500 4.812500 1.406250
v 0.312500 4.812500 1.406250
v -0.312500 4.937500 1.406250
v -0.312500 4.937500 1.468750
v 0.312500 4.937500 1.468750
v 0.312500 4.937500 1.406250
v -0.312500 5.312500 1.468750
v 0.312500 5.312500 1.468750
v -0.312500 5.312500 1.406250
v 0.312500 5.312500 1.406250
v -0.312500 5.437500 1.406250
v -0.312500 5.437500 1.468750
v 0.312500 5.437500 1.468750
v 0.312500 5.437500 1.406250
v -0.312500 5.812500 1.468750
v 0.312500 5.812500 1.468750
v -0.312500 5.812500 1.406250
v 0.312500 5.812500 1.406250
v -0.312500 5.937500 1.406250
v -0.312500 5.937500 1.468750
v 0.312500 5.937500 1.468750
v 0.312500 5.937500 1.406250
v 1.125000 1.000000 -1.500000
v 0.937500 1.000000 -1.449759
v 0.800241 1.000000 -1.312500
v 0.750000 1.000000 -1.125000
v 0.800241 1.000000 -0.937500
v 0.937500 1.000000 -0.800241
v 1.125000 1.000000 -0.750000
v 1.312500 1.000000 -0.800241
v 1.449759 1.000000 -0.937500
v 1.500000 1.000000 -1.125000
v 1.449760 1.000000 -1.312500
v 1.312500 1.000000 -1.449759
v 1.125000 2.375000 -1.500000
v 0.937500 2.375000 -1.449759
v 0.800241 2.375000 -1.312500
v 0.750000 2.375000 -1.125000
v 0.800241 2.375000 -0.937500
v 0.937500 2.375000 -0.800241
v 1.125000 2.375000 -0.750000
v 1.312500 2.375000 -0.800241
v 1.449759 2.375000 -0.937500
v 1.500000 2.375000 -1.125000
v 1.449760 2.375000 -1.312500
v 1.312500 2.375000 -1.449759
v 1.125000 2.699759 -1.312500
v 1.125000 2.562500 -1.449759
v 1.218750 2.699759 -1.287380
v 1.287380 2.562500 -1.406250
v 1.125000 2.750000 -1.125000
v 1.287380 2.699759 -1.218750
v 1.406250 2.562500 -1.287380
v 1.312500 2.699759 -1.125000
v 1.449759 2.562500 -1.125000
v 1.287380 2.699759 -1.031250
v 1.406250 2.562500 -0.962620
v 1.218750 2.699759 -0.962620
v 1.287380 2.562500 -0.843750
v 1.125000 2.699759 -0.937500
v 1.125000 2.562500 -0.800241
v 1.031250 2.699759 -0.962620
v 0.962620 2.562500 -0.843750
v 0.962620 2.699759 -1.031250
v 0.843750 2.562500 -0.962620
v 0.937500 2.699759 -1.125000
v 0.800241 2.562500 -1.125000
v 0.962620 2.699759 -1.218750
v 0.843750 2.562500 -1.287380
v 1.031250 2.699759 -1.287380
v 0.962620 2.562500 -1.406250
v -1.125000 1.000000 0.750000
v -1.312500 1.000000 0.800241
v -1.449759 1.000000 0.937500
v -1.500000 1.000000 1.125000
v -1.449759 1.000000 1.312500
v -1.312500 1.000000 1.449759
v -1.125000 1.000000 1.500000
v -0.937500 1.000000 1.449759
v -0.800241 1.000000 1.312500
v -0.750000 1.000000 1.125000
v -0.800240 1.000000 0.937500
v -0.937500 1.000000 0.800241
v -1.125000 2.375000 0.750000
v -1.312500 2.375000 0.800241
v -1.449759 2.375000 0.937500
v -1.500000 2.375000 1.125000
v -1.449759 2.375000 1.312500
v -1.312500 2.375000 1.449759
v -1.125000 2.375000 1.500000
v -0.937500 2.375000 1.449759
v -0.800241 2.375000 1.312500
v -0.750000 2.375000 1.125000
v -0.800240 2.375000 0.937500
v -0.937500 2.375000 0.800241
v -1.125000 2.699759 0.937500
v -1.125000 2.562500 0.800241
v -1.031250 2.699759 0.962620
v -0.962620 2.562500 0.843750
v -1.125000 2.750000 1.125000
v -0.962620 2.699759 1.031250
v -0.843750 2.562500 0.962620
v -0.937500 2.699759 1.125000
v -0.800241 2.562500 1.125000
v -0.962620 2.699759 1.218750
v -0.843750 2.562500 1.287380
v -1.031250 2.699759 1.287380
v -0.962620 2.562500 1.406250
v -1.125000 2.699759 1.312500
v -1.125000 2.562500 1.449759
v -1.218750 2.699759 1.287380
v -1.287380 2.562500 1.406250
v -1.287380 2.699759 1.218750
v -1.406250 2.562500 1.287380
v -1.312500 2.699759 1.125000
v -1.449759 2.562500 1.125000
v -1.287380 2.699759 1.031250
v -1.406250 2.562500 0.962620
v -1.218750 2.699759 0.962620
v -1.287380 2.562500 0.843750
v -1.125000 1.000000 -1.500000
v -1.312500 1.000000 -1.449759
v -1.449759 1.000000 -1.312500
v -1.500000 1.000000 -1.125000
v -1.449759 1.000000 -0.937500
v -1.312500 1.000000 -0.800241
v -1.125000 1.000000 -0.750000
v -0.937500 1.000000 -0.800241
v -0.800241 1.000000 -0.937500
v -0.750000 1.000000 -1.125000
v -0.800240 1.000000 -1.312500
v -0.937500 1.000000 -1.449759
v -1.125000 2.375000 -1.500000
v -1.312500 2.375000 -1.449759
v -1.449759 2.375000 -1.312500
v -1.500000 2.375000 -1.125000
v -1.449759 2.375000 -0.937500
v -1.312500 2.375000 -0.800241
v -1.125000 2.375000 -0.750000
v -0.937500 2.375000 -0.800241
v -0.800241 2.375000 -0.937500
v -0.750000 2.375000 -1.125000
v -0.800240 2.375000 -1.312500
v -0.937500 2.375000 -1.449759
v -1.125000 2.699759 -1.312500
v -1.125000 2.562500 -1.449759
v -1.031250 2.699759 -1.287380
v -0.962620 2.562500 -1.406250
v -1.125000 2.750000 -1.125000
v -0.962620 2.699759 -1.218750
v -0.843750 2.562500 -1.287380
v -0.937500 2.699759 -1.125000
v -0.800241 2.562500 -1.125000
v -0.962620 2.699759 -1.031250
v -0.843750 2.562500 -0.962620
v -1.031250 2.699759 -0.962620
v -0.962620 2.562500 -0.843750
v -1.125000 2.699759 -0.937500
v -1.125000 2.562500 -0.800241
v -1.218750 2.699759 -0.962620
v -1.287380 2.562500 -0.843750
v -1.287380 2.699759 -1.031250
v -1.406250 2.562500 -0.962620
v -1.312500 2.699759 -1.125000
v -1.449759 2.562500 -1.125000
v -1.287380 2.699759 -1.218750
v -1.406250 2.562500 -1.287380
v -1.218750 2.699759 -1.287380
v -1.287380 2.562500 -1.406250
v -1.281631 1.000000 -0.839689
v -1.193243 1.000000 -0.803078
v -1.104854 1.000000 -0.839689
v -1.068243 1.000000 -0.928078
v -1.104854 1.000000 -1.016466
v -1.193243 1.000000 -1.053077
v -1.281631 1.000000 -1.016466
v -1.318243 1.000000 -0.928078
v -1.281631 6.000000 -0.839689
v -1.193243 6.000000 -0.803078
v -1.104854 6.000000 -0.839689
v -1.068243 6.000000 -0.928078
v -1.104854 6.000000 -1.016466
v -1.193243 6.000000 -1.053077
v -1.281631 6.000000 -1.016466
v -1.318243 6.000000 -0.928078
v -1.255743 6.088388 -0.813801
v -1.185660 6.025888 -0.795495
v -1.060660 6.025888 -0.920495
v -1.078966 6.088388 -0.990578
v -1.149049 6.150888 -1.008883
v -1.229854 6.176776 -0.964689
v -1.274049 6.150888 -0.883883
v -1.193243 6.125000 -0.751301
v -1.167355 6.036611 -0.777189
v -1.042355 6.036611 -0.902189
v -1.016466 6.125000 -0.928078
v -1.042355 6.213388 -0.902189
v -1.104855 6.250000 -0.839689
v -1.167355 6.213388 -0.777189
v -0.662913 6.000000 -0.397747
v -0.751301 6.125000 -0.309359
v -0.725412 6.036611 -0.335247
v -0.600413 6.036611 -0.460247
v -0.574524 6.125000 -0.486136
v -0.600413 6.213388 -0.460247
v -0.662912 6.250000 -0.397747
v -0.725412 6.213388 -0.335247
v -1.016466 1.000000 -1.104855
v -0.928078 1.000000 -1.068243
v -0.839690 1.000000 -1.104855
v -0.803078 1.000000 -1.193243
v -0.839690 1.000000 -1.281631
v -0.928078 1.000000 -1.318243
v -1.016466 1.000000 -1.281631
v -1.053078 1.000000 -1.193243
v -1.016466 6.000000 -1.104855
v -0.928078 6.000000 -1.068243
v -0.839690 6.000000 -1.104855
v -0.803078 6.000000 -1.193243
v -0.839690 6.000000 -1.281631
v -0.928078 6.000000 -1.318243
v -1.016466 6.000000 -1.281631
v -1.053078 6.000000 -1.193243
v -0.990578 6.088388 -1.078966
v -0.920495 6.025888 -1.060660
v -0.795495 6.025888 -1.185660
v -0.813801 6.088388 -1.255743
v -0.883884 6.150888 -1.274049
v -0.964690 6.176776 -1.229855
v -1.008883 6.150888 -1.149049
v -0.928078 6.125000 -1.016466
v -0.902189 6.036611 -1.042354
v -0.777189 6.036611 -1.167354
v -0.751301 6.125000 -1.193243
v -0.777189 6.213388 -1.167354
v -0.839689 6.250000 -1.104854
v -0.902189 6.213388 -1.042354
v -0.397748 6.000000 -0.662912
v -0.486136 6.125000 -0.574524
v -0.460248 6.036611 -0.600412
v -0.335248 6.036611 -0.725412
v -0.309359 6.125000 -0.751301
v -0.335248 6.213388 -0.725412
v -0.397748 6.250000 -0.662912
v -0.460248 6.213388 -0.600412
v -1.458408 4.375000 -0.928078
v -0.928078 4.375000 -1.458407
v -1.458408 3.625000 -0.928078
v -0.928078 3.625000 -1.458407
v -1.104854 4.375000 -0.574524
v -0.574524 4.375000 -1.104854
v -1.104854 3.625000 -0.574524
v -0.574524 3.625000 -1.104854
v 0.839689 1.000000 -1.281631
v 0.803078 1.000000 -1.193243
v 0.839689 1.000000 -1.104854
v 0.928078 1.000000 -1.068243
v 1.016466 1.000000 -1.104854
v 1.053077 1.000000 -1.193243
v 1.016466 1.000000 -1.281631
v 0.928078 1.000000 -1.318243
v 0.839689 5.999999 -1.281631
v 0.803078 5.999999 -1.193243
v 0.839689 5.999999 -1.104854
v 0.928078 5.999999 -1.068243
v 1.016466 5.999999 -1.104854
v 1.053077 5.999999 -1.193243
v 1.016466 5.999999 -1.281631
v 0.928078 5.999999 -1.318243
v 0.813801 6.088387 -1.255743
v 0.795495 6.025887 -1.185660
v 0.920495 6.025887 -1.060660
v 0.990578 6.088387 -1.078966
v 1.008883 6.150887 -1.149049
v 0.964689 6.176776 -1.229854
v 0.883883 6.150887 -1.274049
v 0.751301 6.124999 -1.193243
v 0.777189 6.036611 -1.167354
v 0.902189 6.036611 -1.042355
v 0.928078 6.124999 -1.016466
v 0.902189 6.213387 -1.042355
v 0.839689 6.249999 -1.104854
v 0.777189 6.213387 -1.167354
v 0.397747 5.999999 -0.662913
v 0.309359 6.124999 -0.751301
v 0.335247 6.036611 -0.725412
v 0.460247 6.036611 -0.600413
v 0.486136 6.124999 -0.574524
v 0.460247 6.213387 -0.600413
v 0.397747 6.249999 -0.662912
v 0.335247 6.213387 -0.725412
v 1.104855 1.000000 -1.016466
v 1.068243 1.000000 -0.928078
v 1.104855 1.000000 -0.839689
v 1.193243 1.000000 -0.803078
v 1.281631 1.000000 -0.839689
v 1.318243 1.000000 -0.928078
v 1.281631 1.000000 -1.016466
v 1.193243 1.000000 -1.053078
v 1.104855 5.999999 -1.016466
v 1.068243 5.999999 -0.928078
v 1.104855 5.999999 -0.839689
v 1.193243 5.999999 -0.803078
v 1.281631 5.999999 -0.839689
v 1.318243 5.999999 -0.928078
v 1.281631 5.999999 -1.016466
v 1.193243 5.999999 -1.053078
v 1.078966 6.088387 -0.990578
v 1.060660 6.025887 -0.920495
v 1.185660 6.025887 -0.795495
v 1.255743 6.088387 -0.813801
v 1.274049 6.150887 -0.883884
v 1.229855 6.176776 -0.964689
v 1.149049 6.150887 -1.008883
v 1.016466 6.124999 -0.928078
v 1.042354 6.036611 -0.902189
v 1.167354 6.036611 -0.777189
v 1.193243 6.124999 -0.751301
v 1.167354 6.213387 -0.777189
v 1.104854 6.249999 -0.839689
v 1.042354 6.213387 -0.902189
v 0.662912 5.999999 -0.397748
v 0.574524 6.124999 -0.486136
v 0.600412 6.036611 -0.460248
v 0.725412 6.036611 -0.335248
v 0.751301 6.124999 -0.309359
v 0.725412 6.213387 -0.335248
v 0.662912 6.249999 -0.397748
v 0.600412 6.213387 -0.460248
v 0.928078 4.375000 -1.458408
v 1.458407 4.375000 -0.928078
v 0.928078 3.625000 -1.458408
v 1.458407 3.625000 -0.928078
v 0.574524 4.375000 -1.104854
v 1.104854 4.375000 -0.574524
v 0.574524 3.625000 -1.104854
v 1.104854 3.625000 -0.574524
v -0.839689 1.000000 1.281631
v -0.803078 1.000000 1.193243
v -0.839689 1.000000 1.104854
v -0.928078 1.000000 1.068243
v -1.016466 1.000000 1.104854
v -1.053077 1.000000 1.193243
v -1.016466 1.000000 1.281631
v -0.928078 1.000000 1.318243
v -0.839689 5.999999 1.281631
v -0.803078 5.999999 1.193243
v -0.839689 5.999999 1.104854
v -0.928078 5.999999 1.068243
v -1.016466 5.999999 1.104854
v -1.053077 5.999999 1.193243
v -1.016466 5.999999 1.281631
v -0.928078 5.999999 1.318243
v -0.813801 6.088387 1.255743
v -0.795495 6.025887 1.185660
v -0.920495 6.025887 1.060660
v -0.990578 6.088387 1.078966
v -1.008883 6.150887 1.149049
v -0.964689 6.176776 1.229854
v -0.883883 6.150887 1.274048
v -0.751301 6.124999 1.193243
v -0.777189 6.036611 1.167355
v -0.902189 6.036611 1.042355
v -0.928078 6.124999 1.016466
v -0.902189 6.213387 1.042355
v -0.839689 6.249999 1.104855
v -0.777189 6.213387 1.167355
v -0.397747 5.999999 0.662913
v -0.309359 6.124999 0.751301
v -0.335247 6.036611 0.725412
v -0.460247 6.036611 0.600413
v -0.486136 6.124999 0.574524
v -0.460247 6.213387 0.600413
v -0.397747 6.249999 0.662912
v -0.335247 6.213387 0.725412
v -1.104855 1.000000 1.016466
v -1.068243 1.000000 0.928078
v -1.104855 1.000000 0.839690
v -1.193243 1.000000 0.803078
v -1.281631 1.000000 0.839690
v -1.318243 1.000000 0.928078
v -1.281631 1.000000 1.016466
v -1.193243 1.000000 1.053078
v -1.104855 5.999999 1.016466
v -1.068243 5.999999 0.928078
v -1.104855 5.999999 0.839690
v -1.193243 5.999999 0.803078
v -1.281631 5.999999 0.839690
v -1.318243 5.999999 0.928078
v -1.281631 5.999999 1.016466
v -1.193243 5.999999 1.053078
v -1.078966 6.088387 0.990578
v -1.060660 6.025887 0.920496
v -1.185660 6.025887 0.795496
v -1.255743 6.088387 0.813801
v -1.274049 6.150887 0.883884
v -1.229855 6.176776 0.964690
v -1.149049 6.150887 1.008883
v -1.016466 6.124999 0.928078
v -1.042354 6.036611 0.902189
v -1.167354 6.036611 0.777189
v -1.193243 6.124999 0.751301
v -1.167354 6.213387 0.777189
v -1.104854 6.249999 0.839689
v -1.042354 6.213387 0.902189
v -0.662912 5.999999 0.397748
v -0.574524 6.124999 0.486136
v -0.600412 6.036611 0.460248
v -0.725412 6.036611 0.335248
v -0.751301 6.124999 0.309359
v -0.725412 6.213387 0.335248
v -0.662912 6.249999 0.397748
v -0.600412 6.213387 0.460248
v -0.928078 4.375000 1.458408
v -1.458407 4.375000 0.928078
v -0.928078 3.625000 1.458408
v -1.458407 3.625000 0.928078
v -0.574524 4.375000 1.104854
v -1.104854 4.375000 0.574524
v -0.574524 3.625000 1.104854
v -1.104854 3.625000 0.574524
vt 0.240000 0.089888
vt 0.000000 0.359551
vt 0.000000 0.089888
vt -0.000000 0.089888
vt 0.240000 0.359551
vt -0.000000 0.359551
vt 0.240000 -0.000000
vt 0.000000 0.089888
vt 0.000000 -0.000000
vt 0.240000 0.000000
vt -0.000000 0.000000
vt 0.240000 -0.000000
vt 0.000000 0.089888
vt 0.000000 -0.000000
vt 0.240000 -0.000000
vt 0.000000 0.089888
vt 0.000000 -0.000000
vt 0.720000 0.078652
vt 0.640000 0.000000
vt 0.720000 -0.000000
vt 0.320000 0.078652
vt 0.240000 -0.000000
vt 0.320000 -0.000000
vt 0.560000 -0.000000
vt 0.480000 0.078652
vt 0.480000 0.000000
vt 0.400000 0.078652
vt 0.400000 0.000000
vt 0.880000 -0.000000
vt 0.800000 0.078652
vt 0.800000 0.000000
vt 0.640000 0.078652
vt 0.320000 0.084270
vt 0.880000 0.078652
vt 0.800000 0.084270
vt 0.720000 0.084270
vt 0.400000 0.084270
vt 0.560000 0.084270
vt 0.560000 0.078652
vt 0.240000 0.084270
vt 0.240000 0.078652
vt 0.640000 0.084270
vt 0.480000 0.084270
vt 0.640000 0.106742
vt 0.480000 0.106742
vt 0.320000 0.106742
vt 0.880000 0.084270
vt 0.800000 0.106742
vt 0.720000 0.106742
vt 0.400000 0.106742
vt 0.560000 0.106742
vt 0.240000 0.106742
vt 0.320000 0.112360
vt 0.480000 0.112360
vt 0.640000 0.112360
vt 0.800000 0.112360
vt 0.880000 0.106742
vt 0.400000 0.359551
vt 0.320000 0.365169
vt 0.320000 0.359551
vt 0.880000 0.359551
vt 0.800000 0.365169
vt 0.800000 0.359551
vt 0.720000 0.365169
vt 0.720000 0.359551
vt 0.480000 0.359551
vt 0.400000 0.365169
vt 0.640000 0.359551
vt 0.560000 0.365169
vt 0.560000 0.359551
vt 0.240000 0.365169
vt 0.240000 0.359551
vt 0.640000 0.365169
vt 0.480000 0.365169
vt 0.640000 0.387640
vt 0.480000 0.387640
vt 0.320000 0.387640
vt 0.880000 0.365169
vt 0.800000 0.387640
vt 0.720000 0.387640
vt 0.400000 0.387640
vt 0.560000 0.387640
vt 0.240000 0.387640
vt 0.320000 0.393258
vt 0.480000 0.393258
vt 0.640000 0.393258
vt 0.800000 0.393258
vt 0.880000 0.387640
vt 0.880000 0.471910
vt 0.800000 0.471910
vt 0.240000 0.471910
vt 0.320000 0.471910
vt 0.400000 0.393258
vt 0.400000 0.471910
vt 0.480000 0.471910
vt 0.560000 0.471910
vt 0.640000 0.471910
vt 0.720000 0.393258
vt 0.720000 0.471910
vt 0.410000 0.134831
vt 0.400000 0.112360
vt 0.470000 0.337079
vt 0.560000 0.112360
vt 0.720000 0.112360
vt 0.470000 0.134831
vt 0.880000 0.112360
vt 0.780000 0.808989
vt 0.730000 0.853933
vt 0.730000 0.808989
vt 0.305000 0.516854
vt 0.385000 0.516854
vt 0.335000 0.516854
vt 0.465000 0.516854
vt 0.545000 0.516854
vt 0.625000 0.516854
vt 0.705000 0.516854
vt 0.655000 0.516854
vt 0.785000 0.516854
vt 0.865000 0.516854
vt 0.625000 0.865169
vt 0.580000 0.853933
vt 0.630000 0.853933
vt 0.980000 0.808989
vt 0.930000 0.853933
vt 0.930000 0.808989
vt 0.830000 0.808989
vt 0.780000 0.853933
vt 0.680000 0.853933
vt 0.680000 0.808989
vt 0.880000 0.808989
vt 0.830000 0.853933
vt 0.630000 0.808989
vt 0.580000 0.808989
vt 0.880000 0.853933
vt 0.825000 0.865169
vt 0.925000 0.865169
vt 0.725000 0.865169
vt 0.735000 0.865169
vt 0.835000 0.865169
vt 0.975000 0.865169
vt 0.980000 0.853933
vt 0.675000 0.865169
vt 0.585000 0.887640
vt 0.585000 0.865169
vt 0.625000 1.000000
vt 0.585000 1.000000
vt 0.625000 0.887640
vt 0.785000 0.887640
vt 0.785000 0.865169
vt 0.935000 0.887640
vt 0.935000 0.865169
vt 0.885000 0.887640
vt 0.885000 0.865169
vt 0.775000 0.865169
vt 0.735000 0.887640
vt 0.685000 0.887640
vt 0.685000 0.865169
vt 0.635000 0.887640
vt 0.635000 0.865169
vt 0.875000 0.865169
vt 0.835000 0.887640
vt 0.410000 0.337079
vt 0.120000 0.747191
vt 0.060000 0.775281
vt 0.060000 0.747191
vt 0.570000 0.337079
vt 0.630000 0.337079
vt 0.630000 0.134831
vt 0.730000 0.337079
vt 0.790000 0.337079
vt 0.730000 0.134831
vt 0.240000 0.112360
vt 0.250000 0.337079
vt 0.310000 0.337079
vt 0.310000 0.134831
vt 0.300000 0.573034
vt 0.360000 0.601124
vt 0.300000 0.601124
vt 0.120000 0.601124
vt 0.060000 0.573034
vt 0.120000 0.573034
vt 0.360000 0.747191
vt 0.300000 0.775281
vt 0.300000 0.747191
vt 0.445000 0.337079
vt 0.435000 0.337079
vt 0.765000 0.337079
vt 0.790000 0.134831
vt 0.755000 0.337079
vt 0.420000 0.601124
vt 0.480000 0.573034
vt 0.480000 0.601124
vt 0.285000 0.134831
vt 0.480000 0.747191
vt 0.420000 0.775281
vt 0.420000 0.747191
vt 0.250000 0.134831
vt 0.275000 0.337079
vt 0.570000 0.134831
vt 0.595000 0.337079
vt 0.180000 0.601124
vt 0.240000 0.573034
vt 0.240000 0.601124
vt 0.605000 0.134831
vt 0.240000 0.747191
vt 0.180000 0.775281
vt 0.180000 0.747191
vt 0.240000 0.775281
vt 0.360000 0.573034
vt 0.360000 0.775281
vt 0.000000 0.775281
vt 0.120000 0.775281
vt 0.180000 0.573034
vt 0.240000 0.528090
vt 0.120000 0.528090
vt 0.180000 0.528090
vt 0.420000 0.573034
vt 0.480000 0.528090
vt -0.000000 0.573034
vt 0.060000 0.528090
vt 0.360000 0.528090
vt 0.420000 0.528090
vt 0.300000 0.528090
vt 0.165000 0.477528
vt 0.015000 0.410112
vt 0.180000 0.820225
vt 0.120000 0.820225
vt 0.300000 0.820225
vt 0.480000 0.775281
vt 0.420000 0.820225
vt 0.000000 0.820225
vt 0.360000 0.820225
vt 0.240000 0.820225
vt 0.060000 0.820225
vt 0.165000 0.870786
vt 0.120000 0.988764
vt 0.345000 0.932584
vt 0.385000 0.865169
vt 0.385000 0.932584
vt 0.445000 0.977528
vt 0.445000 0.932584
vt 0.445000 0.865169
vt 0.485000 0.865169
vt 0.445000 0.820225
vt 0.910000 0.741573
vt 0.850000 0.539326
vt 0.910000 0.539326
vt 0.910000 0.741573
vt 0.850000 0.539326
vt 0.910000 0.539326
vt 0.910000 0.741573
vt 0.850000 0.539326
vt 0.910000 0.539326
vt 0.910000 0.741573
vt 0.850000 0.539326
vt 0.910000 0.539326
vt 1.000000 0.471910
vt 0.990000 0.505618
vt 0.990000 0.471910
vt 1.000000 0.000000
vt 0.990000 0.460674
vt 0.990000 0.000000
vt 0.980000 0.000000
vt 0.970000 0.460674
vt 0.970000 0.000000
vt 0.980000 0.460674
vt 0.960000 0.460674
vt 0.960000 0.000000
vt 0.960000 0.471910
vt 0.970000 0.471910
vt 0.990000 0.471910
vt 0.970000 0.516854
vt 0.960000 0.528090
vt 0.960000 0.516854
vt 0.960000 0.505618
vt 0.960000 0.471910
vt 0.980000 0.471910
vt 0.970000 0.505618
vt 0.980000 0.505618
vt 0.990000 0.516854
vt 0.980000 0.516854
vt 0.970000 0.528090
vt 1.000000 0.516854
vt 0.990000 0.528090
vt 0.990000 0.516854
vt 0.980000 0.528090
vt 0.960000 0.516854
vt 0.910000 0.539326
vt 0.960000 0.544944
vt 0.910000 0.544944
vt 0.960000 0.556180
vt 0.910000 0.561798
vt 0.910000 0.556180
vt 0.910000 0.573034
vt 0.960000 0.561798
vt 0.960000 0.573034
vt 1.000000 0.471910
vt 0.990000 0.505618
vt 0.990000 0.471910
vt 1.000000 0.000000
vt 0.990000 0.460674
vt 0.990000 0.000000
vt 0.980000 0.000000
vt 0.970000 0.460674
vt 0.970000 0.000000
vt 0.980000 0.460674
vt 0.960000 0.460674
vt 0.960000 0.000000
vt 0.960000 0.471910
vt 0.970000 0.471910
vt 0.990000 0.471910
vt 0.970000 0.516854
vt 0.960000 0.528090
vt 0.960000 0.516854
vt 0.960000 0.505618
vt 0.960000 0.471910
vt 0.980000 0.471910
vt 0.970000 0.505618
vt 0.980000 0.505618
vt 0.990000 0.516854
vt 0.980000 0.516854
vt 0.970000 0.528090
vt 1.000000 0.516854
vt 0.990000 0.528090
vt 0.990000 0.516854
vt 0.980000 0.528090
vt 0.960000 0.516854
vt 0.910000 0.539326
vt 0.960000 0.544944
vt 0.910000 0.544944
vt 0.960000 0.556180
vt 0.910000 0.561798
vt 0.910000 0.556180
vt 0.910000 0.573034
vt 0.960000 0.561798
vt 0.960000 0.573034
vt 0.910000 0.539326
vt 0.960000 0.544944
vt 0.910000 0.544944
vt 0.960000 0.556180
vt 0.910000 0.561798
vt 0.910000 0.556180
vt 0.910000 0.573034
vt 0.960000 0.561798
vt 0.960000 0.573034
vt 0.910000 0.539326
vt 0.960000 0.544944
vt 0.910000 0.544944
vt 0.960000 0.556180
vt 0.910000 0.561798
vt 0.910000 0.556180
vt 0.910000 0.573034
vt 0.960000 0.561798
vt 0.960000 0.573034
vt 0.910000 0.539326
vt 0.960000 0.544944
vt 0.910000 0.544944
vt 0.960000 0.556180
vt 0.910000 0.561798
vt 0.910000 0.556180
vt 0.910000 0.573034
vt 0.960000 0.561798
vt 0.960000 0.573034
vt 0.910000 0.539326
vt 0.960000 0.544944
vt 0.910000 0.544944
vt 0.960000 0.556180
vt 0.910000 0.561798
vt 0.910000 0.556180
vt 0.910000 0.573034
vt 0.960000 0.561798
vt 0.960000 0.573034
vt 0.910000 0.539326
vt 0.960000 0.544944
vt 0.910000 0.544944
vt 0.960000 0.556180
vt 0.910000 0.561798
vt 0.910000 0.556180
vt 0.910000 0.573034
vt 0.960000 0.561798
vt 0.960000 0.573034
vt 0.910000 0.539326
vt 0.960000 0.544944
vt 0.910000 0.544944
vt 0.960000 0.556180
vt 0.910000 0.561798
vt 0.910000 0.556180
vt 0.910000 0.573034
vt 0.960000 0.561798
vt 0.960000 0.573034
vt 0.910000 0.539326
vt 0.960000 0.544944
vt 0.910000 0.544944
vt 0.960000 0.556180
vt 0.910000 0.561798
vt 0.910000 0.556180
vt 0.910000 0.573034
vt 0.960000 0.561798
vt 0.960000 0.573034
vt 0.910000 0.539326
vt 0.960000 0.544944
vt 0.910000 0.544944
vt 0.960000 0.556180
vt 0.910000 0.561798
vt 0.910000 0.556180
vt 0.910000 0.573034
vt 0.960000 0.561798
vt 0.960000 0.573034
vt 0.345000 0.932584
vt 0.385000 0.865169
vt 0.385000 0.932584
vt 0.445000 0.977528
vt 0.445000 0.932584
vt 0.445000 0.865169
vt 0.485000 0.865169
vt 0.445000 0.820225
vt 0.345000 0.932584
vt 0.385000 0.865169
vt 0.385000 0.932584
vt 0.445000 0.977528
vt 0.445000 0.932584
vt 0.445000 0.865169
vt 0.485000 0.865169
vt 0.385000 0.820225
vt 0.345000 0.932584
vt 0.385000 0.865169
vt 0.385000 0.932584
vt 0.445000 0.977528
vt 0.445000 0.932584
vt 0.445000 0.865169
vt 0.485000 0.865169
vt 0.385000 0.820225
vt 0.240000 0.359551
vt 0.240000 0.089888
vt 0.240000 0.089888
vt 0.240000 0.089888
vt 0.240000 0.089888
vt 0.240000 0.393258
vt 0.560000 0.393258
vt 0.880000 0.393258
vt 0.255000 0.516854
vt 0.415000 0.516854
vt 0.495000 0.516854
vt 0.575000 0.516854
vt 0.735000 0.516854
vt 0.815000 0.516854
vt 0.625000 0.887640
vt 0.555000 0.966292
vt 0.555000 0.921348
vt 0.585000 0.887640
vt 0.655000 0.921348
vt 0.655000 0.966292
vt 0.825000 0.887640
vt 0.975000 0.887640
vt 0.925000 0.887640
vt 0.775000 0.887640
vt 0.725000 0.887640
vt 0.675000 0.887640
vt 0.875000 0.887640
vt 0.060000 0.601124
vt 0.445000 0.134831
vt 0.435000 0.134831
vt 0.765000 0.134831
vt 0.755000 0.134831
vt 0.285000 0.337079
vt 0.275000 0.134831
vt 0.595000 0.134831
vt 0.605000 0.337079
vt 0.000000 0.528090
vt 0.060000 0.359551
vt 0.120000 0.359551
vt 0.165000 0.410112
vt 0.015000 0.477528
vt 0.480000 0.820225
vt 0.060000 0.988764
vt 0.015000 0.938202
vt 0.015000 0.870786
vt 0.165000 0.938202
vt 0.345000 0.865169
vt 0.385000 0.977528
vt 0.485000 0.932584
vt 0.385000 0.820225
vt 0.850000 0.741573
vt 0.850000 0.741573
vt 0.850000 0.741573
vt 0.850000 0.741573
vt 1.000000 0.505618
vt 1.000000 0.460674
vt 1.000000 0.528090
vt 0.960000 0.539326
vt 1.000000 0.505618
vt 1.000000 0.460674
vt 1.000000 0.528090
vt 0.960000 0.539326
vt 0.960000 0.539326
vt 0.960000 0.539326
vt 0.960000 0.539326
vt 0.960000 0.539326
vt 0.960000 0.539326
vt 0.960000 0.539326
vt 0.960000 0.539326
vt 0.960000 0.539326
vt 0.345000 0.865169
vt 0.385000 0.977528
vt 0.485000 0.932584
vt 0.385000 0.820225
vt 0.345000 0.865169
vt 0.385000 0.977528
vt 0.485000 0.932584
vt 0.445000 0.820225
vt 0.345000 0.865169
vt 0.385000 0.977528
vt 0.485000 0.932584
vt 0.445000 0.820225
vt 0.930000 -0.000000
vt 0.920000 0.449438
vt 0.920000 -0.000000
vt 0.910000 -0.000000
vt 0.900000 0.449438
vt 0.900000 -0.000000
vt 0.890000 0.000000
vt 0.880000 0.449438
vt 0.880000 0.000000
vt 0.950000 -0.000000
vt 0.940000 0.449438
vt 0.940000 0.000000
vt 0.930000 0.449438
vt 0.910000 0.449438
vt 0.890000 0.449438
vt 0.960000 -0.000000
vt 0.950000 0.449438
vt 0.950000 0.460674
vt 0.940000 0.466292
vt 0.940000 0.455056
vt 0.930000 0.466292
vt 0.910000 0.466292
vt 0.890000 0.460674
vt 0.900000 0.466292
vt 0.890000 0.466292
vt 0.920000 0.466292
vt 0.900000 0.455056
vt 0.920000 0.483146
vt 0.910000 0.483146
vt 0.900000 0.477528
vt 0.950000 0.466292
vt 0.940000 0.477528
vt 0.930000 0.483146
vt 0.890000 0.471910
vt 0.960000 0.466292
vt 0.950000 0.471910
vt 0.880000 0.466292
vt 0.880000 0.483146
vt 0.890000 0.539326
vt 0.880000 0.539326
vt 0.940000 0.483146
vt 0.930000 0.539326
vt 0.960000 0.483146
vt 0.950000 0.539326
vt 0.950000 0.483146
vt 0.910000 0.539326
vt 0.900000 0.483146
vt 0.890000 0.483146
vt 0.920000 0.539326
vt 0.900000 0.539326
vt 0.940000 0.539326
vt 0.930000 -0.000000
vt 0.920000 0.449438
vt 0.920000 -0.000000
vt 0.910000 0.000000
vt 0.900000 0.449438
vt 0.900000 0.000000
vt 0.890000 0.000000
vt 0.880000 0.449438
vt 0.880000 -0.000000
vt 0.950000 -0.000000
vt 0.940000 0.449438
vt 0.940000 -0.000000
vt 0.930000 0.449438
vt 0.910000 0.449438
vt 0.890000 0.449438
vt 0.960000 0.000000
vt 0.950000 0.449438
vt 0.940000 0.455056
vt 0.950000 0.466292
vt 0.940000 0.466292
vt 0.930000 0.466292
vt 0.910000 0.466292
vt 0.900000 0.455056
vt 0.890000 0.466292
vt 0.890000 0.460674
vt 0.920000 0.466292
vt 0.900000 0.466292
vt 0.920000 0.483146
vt 0.900000 0.477528
vt 0.940000 0.477528
vt 0.930000 0.483146
vt 0.910000 0.483146
vt 0.890000 0.471910
vt 0.950000 0.460674
vt 0.960000 0.466292
vt 0.950000 0.471910
vt 0.880000 0.466292
vt 0.890000 0.483146
vt 0.880000 0.539326
vt 0.880000 0.483146
vt 0.940000 0.539326
vt 0.930000 0.539326
vt 0.950000 0.483146
vt 0.960000 0.539326
vt 0.950000 0.539326
vt 0.920000 0.539326
vt 0.910000 0.539326
vt 0.900000 0.539326
vt 0.890000 0.539326
vt 0.900000 0.483146
vt 0.940000 0.483146
vt 0.195000 0.949438
vt 0.180000 0.820225
vt 0.195000 0.820225
vt 0.300000 0.949438
vt 0.285000 0.820225
vt 0.300000 0.820225
vt 0.330000 0.949438
vt 0.315000 0.820225
vt 0.330000 0.820225
vt 0.255000 0.949438
vt 0.240000 0.820225
vt 0.255000 0.820225
vt 0.210000 0.949438
vt 0.210000 0.820225
vt 0.345000 0.949438
vt 0.345000 0.820225
vt 0.270000 0.949438
vt 0.270000 0.820225
vt 0.225000 0.949438
vt 0.225000 0.820225
vt 0.180000 0.949438
vt 0.165000 0.820225
vt 0.285000 0.949438
vt 0.315000 0.949438
vt 0.240000 0.949438
vt 0.295000 0.983146
vt 0.290000 1.000000
vt 0.285000 0.983146
vt 0.285000 0.966292
vt 0.300000 0.966292
vt 0.280000 0.983146
vt 0.275000 1.000000
vt 0.270000 0.983146
vt 0.270000 0.966292
vt 0.265000 0.983146
vt 0.260000 1.000000
vt 0.255000 0.983146
vt 0.255000 0.966292
vt 0.250000 0.983146
vt 0.240000 0.966292
vt 0.245000 1.000000
vt 0.240000 0.983146
vt 0.235000 0.983146
vt 0.225000 0.966292
vt 0.230000 1.000000
vt 0.225000 0.983146
vt 0.220000 0.983146
vt 0.210000 0.966292
vt 0.215000 1.000000
vt 0.210000 0.983146
vt 0.205000 0.983146
vt 0.195000 0.966292
vt 0.200000 1.000000
vt 0.195000 0.983146
vt 0.190000 0.983146
vt 0.180000 0.966292
vt 0.185000 1.000000
vt 0.180000 0.983146
vt 0.175000 0.983146
vt 0.170000 1.000000
vt 0.165000 0.983146
vt 0.165000 0.966292
vt 0.340000 0.983146
vt 0.335000 1.000000
vt 0.330000 0.983146
vt 0.330000 0.966292
vt 0.345000 0.966292
vt 0.165000 0.949438
vt 0.325000 0.983146
vt 0.320000 1.000000
vt 0.315000 0.983146
vt 0.315000 0.966292
vt 0.310000 0.983146
vt 0.305000 1.000000
vt 0.300000 0.983146
vt 0.195000 0.949438
vt 0.180000 0.820225
vt 0.195000 0.820225
vt 0.300000 0.949438
vt 0.285000 0.820225
vt 0.300000 0.820225
vt 0.330000 0.949438
vt 0.315000 0.820225
vt 0.330000 0.820225
vt 0.255000 0.949438
vt 0.240000 0.820225
vt 0.255000 0.820225
vt 0.210000 0.949438
vt 0.210000 0.820225
vt 0.345000 0.949438
vt 0.345000 0.820225
vt 0.270000 0.949438
vt 0.270000 0.820225
vt 0.225000 0.949438
vt 0.225000 0.820225
vt 0.180000 0.949438
vt 0.165000 0.820225
vt 0.285000 0.949438
vt 0.315000 0.949438
vt 0.240000 0.949438
vt 0.295000 0.983146
vt 0.290000 1.000000
vt 0.285000 0.983146
vt 0.285000 0.966292
vt 0.300000 0.966292
vt 0.280000 0.983146
vt 0.275000 1.000000
vt 0.270000 0.983146
vt 0.270000 0.966292
vt 0.265000 0.983146
vt 0.260000 1.000000
vt 0.255000 0.983146
vt 0.255000 0.966292
vt 0.250000 0.983146
vt 0.240000 0.966292
vt 0.245000 1.000000
vt 0.240000 0.983146
vt 0.235000 0.983146
vt 0.225000 0.966292
vt 0.230000 1.000000
vt 0.225000 0.983146
vt 0.220000 0.983146
vt 0.210000 0.966292
vt 0.215000 1.000000
vt 0.210000 0.983146
vt 0.195000 0.983146
vt 0.195000 0.966292
vt 0.205000 0.983146
vt 0.200000 1.000000
vt 0.190000 0.983146
vt 0.180000 0.966292
vt 0.185000 1.000000
vt 0.180000 0.983146
vt 0.175000 0.983146
vt 0.170000 1.000000
vt 0.165000 0.983146
vt 0.165000 0.966292
vt 0.340000 0.983146
vt 0.335000 1.000000
vt 0.330000 0.983146
vt 0.330000 0.966292
vt 0.345000 0.966292
vt 0.165000 0.949438
vt 0.325000 0.983146
vt 0.320000 1.000000
vt 0.315000 0.983146
vt 0.315000 0.966292
vt 0.310000 0.983146
vt 0.305000 1.000000
vt 0.300000 0.983146
vt 0.195000 0.949438
vt 0.180000 0.820225
vt 0.195000 0.820225
vt 0.300000 0.949438
vt 0.285000 0.820225
vt 0.300000 0.820225
vt 0.330000 0.949438
vt 0.315000 0.820225
vt 0.330000 0.820225
vt 0.255000 0.949438
vt 0.240000 0.820225
vt 0.255000 0.820225
vt 0.210000 0.949438
vt 0.210000 0.820225
vt 0.345000 0.949438
vt 0.345000 0.820225
vt 0.270000 0.949438
vt 0.270000 0.820225
vt 0.225000 0.949438
vt 0.225000 0.820225
vt 0.180000 0.949438
vt 0.165000 0.820225
vt 0.285000 0.949438
vt 0.315000 0.949438
vt 0.240000 0.949438
vt 0.295000 0.983146
vt 0.290000 1.000000
vt 0.285000 0.983146
vt 0.300000 0.966292
vt 0.285000 0.966292
vt 0.280000 0.983146
vt 0.275000 1.000000
vt 0.270000 0.983146
vt 0.270000 0.966292
vt 0.265000 0.983146
vt 0.260000 1.000000
vt 0.255000 0.983146
vt 0.255000 0.966292
vt 0.250000 0.983146
vt 0.240000 0.966292
vt 0.245000 1.000000
vt 0.240000 0.983146
vt 0.225000 0.983146
vt 0.225000 0.966292
vt 0.235000 0.983146
vt 0.230000 1.000000
vt 0.210000 0.983146
vt 0.210000 0.966292
vt 0.220000 0.983146
vt 0.215000 1.000000
vt 0.205000 0.983146
vt 0.195000 0.966292
vt 0.200000 1.000000
vt 0.195000 0.983146
vt 0.190000 0.983146
vt 0.180000 0.966292
vt 0.185000 1.000000
vt 0.180000 0.983146
vt 0.175000 0.983146
vt 0.170000 1.000000
vt 0.165000 0.983146
vt 0.165000 0.966292
vt 0.340000 0.983146
vt 0.335000 1.000000
vt 0.330000 0.983146
vt 0.330000 0.966292
vt 0.345000 0.966292
vt 0.165000 0.949438
vt 0.325000 0.983146
vt 0.320000 1.000000
vt 0.315000 0.983146
vt 0.315000 0.966292
vt 0.310000 0.983146
vt 0.305000 1.000000
vt 0.300000 0.983146
vt 0.195000 0.949438
vt 0.180000 0.820225
vt 0.195000 0.820225
vt 0.300000 0.949438
vt 0.285000 0.820225
vt 0.300000 0.820225
vt 0.330000 0.949438
vt 0.315000 0.820225
vt 0.330000 0.820225
vt 0.255000 0.949438
vt 0.240000 0.820225
vt 0.255000 0.820225
vt 0.210000 0.949438
vt 0.210000 0.820225
vt 0.345000 0.949438
vt 0.345000 0.820225
vt 0.270000 0.949438
vt 0.270000 0.820225
vt 0.225000 0.949438
vt 0.225000 0.820225
vt 0.180000 0.949438
vt 0.165000 0.820225
vt 0.285000 0.949438
vt 0.315000 0.949438
vt 0.240000 0.949438
vt 0.295000 0.983146
vt 0.290000 1.000000
vt 0.285000 0.983146
vt 0.285000 0.966292
vt 0.300000 0.966292
vt 0.280000 0.983146
vt 0.275000 1.000000
vt 0.270000 0.983146
vt 0.270000 0.966292
vt 0.265000 0.983146
vt 0.260000 1.000000
vt 0.255000 0.983146
vt 0.255000 0.966292
vt 0.240000 0.983146
vt 0.240000 0.966292
vt 0.250000 0.983146
vt 0.245000 1.000000
vt 0.235000 0.983146
vt 0.225000 0.966292
vt 0.230000 1.000000
vt 0.225000 0.983146
vt 0.210000 0.983146
vt 0.210000 0.966292
vt 0.220000 0.983146
vt 0.215000 1.000000
vt 0.205000 0.983146
vt 0.195000 0.966292
vt 0.200000 1.000000
vt 0.195000 0.983146
vt 0.180000 0.983146
vt 0.180000 0.966292
vt 0.190000 0.983146
vt 0.185000 1.000000
vt 0.175000 0.983146
vt 0.170000 1.000000
vt 0.165000 0.983146
vt 0.165000 0.966292
vt 0.340000 0.983146
vt 0.335000 1.000000
vt 0.330000 0.983146
vt 0.330000 0.966292
vt 0.345000 0.966292
vt 0.165000 0.949438
vt 0.325000 0.983146
vt 0.320000 1.000000
vt 0.315000 0.983146
vt 0.315000 0.966292
vt 0.310000 0.983146
vt 0.305000 1.000000
vt 0.300000 0.983146
vt 0.930000 -0.000000
vt 0.920000 0.449438
vt 0.920000 -0.000000
vt 0.910000 -0.000000
vt 0.900000 0.449438
vt 0.900000 -0.000000
vt 0.890000 0.000000
vt 0.880000 0.449438
vt 0.880000 0.000000
vt 0.950000 -0.000000
vt 0.940000 0.449438
vt 0.940000 0.000000
vt 0.930000 0.449438
vt 0.910000 0.449438
vt 0.890000 0.449438
vt 0.960000 -0.000000
vt 0.950000 0.449438
vt 0.950000 0.460674
vt 0.940000 0.466292
vt 0.940000 0.455056
vt 0.930000 0.466292
vt 0.920000 0.466292
vt 0.910000 0.466292
vt 0.900000 0.455056
vt 0.890000 0.466292
vt 0.890000 0.460674
vt 0.900000 0.466292
vt 0.920000 0.483146
vt 0.910000 0.483146
vt 0.900000 0.477528
vt 0.950000 0.471910
vt 0.940000 0.477528
vt 0.930000 0.483146
vt 0.890000 0.471910
vt 0.960000 0.466292
vt 0.950000 0.466292
vt 0.880000 0.466292
vt 0.880000 0.483146
vt 0.890000 0.539326
vt 0.880000 0.539326
vt 0.940000 0.483146
vt 0.930000 0.539326
vt 0.960000 0.483146
vt 0.950000 0.539326
vt 0.950000 0.483146
vt 0.910000 0.539326
vt 0.900000 0.483146
vt 0.890000 0.483146
vt 0.920000 0.539326
vt 0.900000 0.539326
vt 0.940000 0.539326
vt 0.930000 -0.000000
vt 0.920000 0.449438
vt 0.920000 -0.000000
vt 0.910000 0.000000
vt 0.900000 0.449438
vt 0.900000 0.000000
vt 0.890000 0.000000
vt 0.880000 0.449438
vt 0.880000 -0.000000
vt 0.950000 -0.000000
vt 0.940000 0.449438
vt 0.940000 -0.000000
vt 0.930000 0.449438
vt 0.910000 0.449438
vt 0.890000 0.449438
vt 0.960000 0.000000
vt 0.950000 0.449438
vt 0.940000 0.455056
vt 0.950000 0.466292
vt 0.940000 0.466292
vt 0.930000 0.466292
vt 0.910000 0.466292
vt 0.900000 0.455056
vt 0.890000 0.466292
vt 0.890000 0.460674
vt 0.920000 0.466292
vt 0.900000 0.466292
vt 0.920000 0.483146
vt 0.900000 0.477528
vt 0.940000 0.477528
vt 0.930000 0.483146
vt 0.910000 0.483146
vt 0.890000 0.471910
vt 0.950000 0.460674
vt 0.960000 0.466292
vt 0.950000 0.471910
vt 0.880000 0.466292
vt 0.890000 0.483146
vt 0.880000 0.539326
vt 0.880000 0.483146
vt 0.940000 0.539326
vt 0.930000 0.539326
vt 0.950000 0.483146
vt 0.960000 0.539326
vt 0.950000 0.539326
vt 0.910000 0.539326
vt 0.900000 0.483146
vt 0.890000 0.539326
vt 0.920000 0.539326
vt 0.900000 0.539326
vt 0.940000 0.483146
vt 0.930000 -0.000000
vt 0.920000 0.449438
vt 0.920000 -0.000000
vt 0.910000 -0.000000
vt 0.900000 0.449438
vt 0.900000 -0.000000
vt 0.890000 0.000000
vt 0.880000 0.449438
vt 0.880000 0.000000
vt 0.950000 -0.000000
vt 0.940000 0.449438
vt 0.940000 0.000000
vt 0.930000 0.449438
vt 0.910000 0.449438
vt 0.890000 0.449438
vt 0.960000 -0.000000
vt 0.950000 0.449438
vt 0.950000 0.460674
vt 0.940000 0.466292
vt 0.940000 0.455056
vt 0.930000 0.466292
vt 0.920000 0.466292
vt 0.910000 0.466292
vt 0.890000 0.460674
vt 0.900000 0.466292
vt 0.890000 0.466292
vt 0.900000 0.455056
vt 0.930000 0.483146
vt 0.920000 0.483146
vt 0.910000 0.483146
vt 0.900000 0.477528
vt 0.950000 0.466292
vt 0.940000 0.477528
vt 0.890000 0.471910
vt 0.960000 0.466292
vt 0.950000 0.471910
vt 0.880000 0.466292
vt 0.880000 0.483146
vt 0.890000 0.539326
vt 0.880000 0.539326
vt 0.940000 0.483146
vt 0.930000 0.539326
vt 0.960000 0.483146
vt 0.950000 0.539326
vt 0.950000 0.483146
vt 0.910000 0.539326
vt 0.900000 0.483146
vt 0.890000 0.483146
vt 0.920000 0.539326
vt 0.900000 0.539326
vt 0.940000 0.539326
vt 0.930000 -0.000000
vt 0.920000 0.449438
vt 0.920000 -0.000000
vt 0.910000 0.000000
vt 0.900000 0.449438
vt 0.900000 0.000000
vt 0.890000 0.000000
vt 0.880000 0.449438
vt 0.880000 -0.000000
vt 0.950000 -0.000000
vt 0.940000 0.449438
vt 0.940000 -0.000000
vt 0.930000 0.449438
vt 0.910000 0.449438
vt 0.890000 0.449438
vt 0.960000 0.000000
vt 0.950000 0.449438
vt 0.940000 0.455056
vt 0.950000 0.466292
vt 0.940000 0.466292
vt 0.930000 0.466292
vt 0.920000 0.466292
vt 0.910000 0.466292
vt 0.900000 0.455056
vt 0.890000 0.466292
vt 0.890000 0.460674
vt 0.900000 0.466292
vt 0.920000 0.483146
vt 0.900000 0.477528
vt 0.940000 0.477528
vt 0.930000 0.483146
vt 0.910000 0.483146
vt 0.890000 0.471910
vt 0.950000 0.460674
vt 0.960000 0.466292
vt 0.950000 0.471910
vt 0.880000 0.466292
vt 0.890000 0.483146
vt 0.880000 0.539326
vt 0.880000 0.483146
vt 0.940000 0.539326
vt 0.930000 0.539326
vt 0.950000 0.483146
vt 0.960000 0.539326
vt 0.950000 0.539326
vt 0.920000 0.539326
vt 0.910000 0.539326
vt 0.900000 0.539326
vt 0.890000 0.539326
vt 0.900000 0.483146
vt 0.940000 0.483146
vt 0.930000 -0.000000
vt 0.920000 0.449438
vt 0.920000 -0.000000
vt 0.910000 -0.000000
vt 0.900000 0.449438
vt 0.900000 -0.000000
vt 0.890000 0.000000
vt 0.880000 0.449438
vt 0.880000 0.000000
vt 0.950000 -0.000000
vt 0.940000 0.449438
vt 0.940000 0.000000
vt 0.930000 0.449438
vt 0.910000 0.449438
vt 0.890000 0.449438
vt 0.960000 -0.000000
vt 0.950000 0.449438
vt 0.950000 0.460674
vt 0.940000 0.466292
vt 0.940000 0.455056
vt 0.930000 0.466292
vt 0.920000 0.466292
vt 0.910000 0.466292
vt 0.890000 0.460674
vt 0.900000 0.466292
vt 0.890000 0.466292
vt 0.900000 0.455056
vt 0.920000 0.483146
vt 0.910000 0.483146
vt 0.900000 0.477528
vt 0.950000 0.471910
vt 0.940000 0.477528
vt 0.930000 0.483146
vt 0.890000 0.471910
vt 0.960000 0.466292
vt 0.950000 0.466292
vt 0.880000 0.466292
vt 0.880000 0.483146
vt 0.890000 0.539326
vt 0.880000 0.539326
vt 0.940000 0.483146
vt 0.930000 0.539326
vt 0.960000 0.483146
vt 0.950000 0.539326
vt 0.950000 0.483146
vt 0.920000 0.539326
vt 0.910000 0.539326
vt 0.900000 0.483146
vt 0.890000 0.483146
vt 0.900000 0.539326
vt 0.940000 0.539326
vt 0.930000 -0.000000
vt 0.920000 0.449438
vt 0.920000 -0.000000
vt 0.910000 0.000000
vt 0.900000 0.449438
vt 0.900000 0.000000
vt 0.890000 0.000000
vt 0.880000 0.449438
vt 0.880000 -0.000000
vt 0.950000 -0.000000
vt 0.940000 0.449438
vt 0.940000 -0.000000
vt 0.930000 0.449438
vt 0.910000 0.449438
vt 0.890000 0.449438
vt 0.960000 0.000000
vt 0.950000 0.449438
vt 0.940000 0.455056
vt 0.950000 0.466292
vt 0.940000 0.466292
vt 0.930000 0.466292
vt 0.910000 0.466292
vt 0.900000 0.455056
vt 0.890000 0.466292
vt 0.890000 0.460674
vt 0.920000 0.466292
vt 0.900000 0.466292
vt 0.920000 0.483146
vt 0.900000 0.477528
vt 0.940000 0.477528
vt 0.930000 0.483146
vt 0.910000 0.483146
vt 0.890000 0.471910
vt 0.950000 0.460674
vt 0.960000 0.466292
vt 0.950000 0.471910
vt 0.880000 0.466292
vt 0.890000 0.483146
vt 0.880000 0.539326
vt 0.880000 0.483146
vt 0.940000 0.539326
vt 0.930000 0.539326
vt 0.950000 0.483146
vt 0.960000 0.539326
vt 0.950000 0.539326
vt 0.910000 0.539326
vt 0.900000 0.539326
vt 0.890000 0.539326
vt 0.920000 0.539326
vt 0.900000 0.483146
vt 0.940000 0.483146
vt 0.960000 0.449438
vt 0.960000 0.539326
vt 0.960000 0.449438
vt 0.960000 0.483146
vt 0.960000 0.449438
vt 0.960000 0.539326
vt 0.960000 0.449438
vt 0.960000 0.483146
vt 0.960000 0.449438
vt 0.960000 0.539326
vt 0.960000 0.449438
vt 0.960000 0.483146
vt 0.960000 0.449438
vt 0.960000 0.539326
vt 0.960000 0.449438
vt 0.960000 0.483146
vn 0.0000 -1.0000 0.0000
vn 0.0000 1.0000 0.0000
vn 0.0000 0.0000 1.0000
vn 1.0000 0.0000 0.0000
vn -1.0000 0.0000 0.0000
vn 0.0000 0.0000 -1.0000
vn 0.7071 0.0000 -0.7071
vn 0.7071 0.0000 0.7071
vn -0.7071 0.0000 0.7071
vn -0.7071 0.0000 -0.7071
vn 0.0000 0.7071 0.7071
vn 0.0000 0.7071 -0.7071
vn 0.6947 0.1866 0.6947
vn -0.6727 0.0196 0.7396
vn -0.5000 -0.7071 -0.5000
vn 0.7396 0.0196 -0.6727
vn 0.9891 0.1448 0.0283
vn 0.0283 0.1448 0.9891
vn -0.9900 -0.1363 0.0372
vn 0.0372 -0.1363 -0.9900
vn 0.7513 0.0671 -0.6565
vn 0.8431 0.5294 -0.0945
vn -0.0945 0.5293 0.8431
vn -0.6565 0.0671 0.7514
vn -0.8620 -0.4617 0.2090
vn 0.5000 0.7071 0.5000
vn 0.1319 0.9824 0.1319
vn -0.3780 0.7194 0.5828
vn -0.6923 0.0473 0.7200
vn 0.2090 -0.4617 -0.8620
vn 0.7200 0.0473 -0.6923
vn 0.5828 0.7194 -0.3780
vn -0.6099 -0.6737 0.4172
vn 0.4172 -0.6737 -0.6099
vn -0.5000 -0.7071 0.5000
vn 0.5000 0.7071 -0.5000
vn 0.5000 -0.7071 -0.5000
vn -0.5000 0.7071 0.5000
vn -0.6565 0.0671 0.7513
vn -0.4959 0.1278 0.8589
vn -0.8660 0.0000 0.5000
vn -0.5000 0.0000 0.8660
vn -0.0000 0.1278 -0.9918
vn 0.5000 0.0000 -0.8660
vn -0.8589 0.1278 -0.4959
vn -0.5000 0.0000 -0.8660
vn -0.8660 0.0000 -0.5000
vn 0.9918 0.1278 0.0000
vn 0.8660 0.0000 0.5000
vn 0.0000 0.1278 0.9918
vn -0.9918 0.1278 0.0000
vn 0.8589 0.1278 -0.4959
vn 0.8660 0.0000 -0.5000
vn 0.4959 0.1278 0.8589
vn 0.5000 0.0000 0.8660
vn -0.8589 0.1278 0.4959
vn 0.4959 0.1278 -0.8589
vn -0.4959 0.1278 -0.8589
vn 0.8589 0.1278 0.4959
vn -0.0000 0.8474 -0.5309
vn 0.2654 0.8474 -0.4598
vn 0.4380 0.4823 -0.7586
vn -0.0000 0.4823 -0.8760
vn 0.4598 0.8474 -0.2654
vn 0.7586 0.4823 -0.4380
vn 0.5309 0.8474 0.0000
vn 0.8760 0.4823 -0.0000
vn 0.7586 0.4823 0.4380
vn 0.4598 0.8474 0.2654
vn 0.4380 0.4823 0.7586
vn 0.2655 0.8474 0.4598
vn 0.0000 0.4823 0.8760
vn 0.0000 0.8474 0.5309
vn -0.4380 0.4823 0.7586
vn -0.2654 0.8474 0.4598
vn -0.7586 0.4823 0.4380
vn -0.4598 0.8474 0.2654
vn -0.5309 0.8474 -0.0000
vn -0.8760 0.4823 0.0000
vn -0.4598 0.8474 -0.2654
vn -0.7586 0.4823 -0.4380
vn -0.2654 0.8474 -0.4598
vn -0.4380 0.4823 -0.7586
vn -0.4598 0.8474 0.2655
vn 0.4598 0.8474 -0.2655
vn 0.2654 0.8474 0.4598
vn -0.4598 0.8474 -0.2655
vn -0.6947 0.1866 -0.6947
vn 0.6727 0.0196 -0.7396
vn 0.5000 -0.7071 0.5000
vn -0.7396 0.0196 0.6727
vn -0.9891 0.1448 -0.0283
vn -0.0283 0.1448 -0.9891
vn 0.9900 -0.1363 -0.0372
vn -0.0372 -0.1363 0.9900
vn -0.7513 0.0671 0.6565
vn -0.8431 0.5294 0.0945
vn -0.5000 0.7071 -0.5000
vn 0.0945 0.5293 -0.8431
vn 0.8620 -0.4617 -0.2090
vn 0.6565 0.0671 -0.7514
vn -0.1319 0.9824 -0.1319
vn 0.3780 0.7194 -0.5828
vn 0.6923 0.0473 -0.7200
vn -0.4172 -0.6737 0.6099
vn -0.7200 0.0473 0.6923
vn -0.5828 0.7194 0.3780
vn 0.6099 -0.6737 -0.4172
vn -0.2090 -0.4617 0.8620
vn 0.6947 0.1866 -0.6947
vn 0.7396 0.0196 0.6727
vn -0.6727 0.0196 -0.7396
vn 0.0283 0.1448 -0.9891
vn 0.9891 0.1448 -0.0283
vn 0.0372 -0.1363 0.9900
vn -0.9900 -0.1363 -0.0372
vn -0.6565 0.0671 -0.7513
vn -0.0945 0.5294 -0.8431
vn 0.8431 0.5294 0.0945
vn 0.7513 0.0671 0.6565
vn 0.2090 -0.4617 0.8620
vn -0.3780 0.7194 -0.5828
vn 0.1319 0.9824 -0.1319
vn 0.5828 0.7194 0.3780
vn 0.7200 0.0473 0.6923
vn -0.8620 -0.4617 -0.2090
vn -0.6923 0.0473 -0.7200
vn 0.4172 -0.6737 0.6099
vn -0.6099 -0.6737 -0.4172
vn -0.8620 -0.4617 -0.2091
vn 0.8431 0.5293 0.0945
vn -0.6947 0.1866 0.6947
vn -0.7396 0.0196 -0.6727
vn 0.6727 0.0196 0.7396
vn -0.0283 0.1448 0.9891
vn -0.9891 0.1448 0.0283
vn -0.0372 -0.1363 -0.9900
vn 0.9900 -0.1363 0.0372
vn 0.6565 0.0671 0.7513
vn 0.0945 0.5294 0.8431
vn -0.8431 0.5294 -0.0945
vn -0.7513 0.0671 -0.6565
vn -0.2090 -0.4617 -0.8620
vn -0.1319 0.9824 0.1319
vn -0.5828 0.7194 -0.3780
vn -0.7200 0.0473 -0.6923
vn 0.6099 -0.6737 0.4172
vn 0.6923 0.0473 0.7200
vn 0.3780 0.7194 0.5828
vn -0.4172 -0.6737 -0.6099
vn 0.8620 -0.4617 0.2090
vn 0.8620 -0.4617 0.2091
vn 0.6565 0.0671 0.7514
o Body
s 1
f 3/1/1 2/2/1 1/3/1
f 6/4/2 7/5/2 5/6/2
f 2/7/3 5/8/3 1/9/3
f 4/10/4 6/4/4 2/11/4
f 1/12/5 7/13/5 3/14/5
f 3/15/6 8/16/6 4/17/6
f 22/18/7 12/19/7 14/20/7
f 17/21/5 11/22/5 9/23/5
f 10/24/8 21/25/8 13/26/8
f 23/27/9 9/23/9 15/28/9
f 11/29/10 24/30/10 16/31/10
f 24/30/6 14/20/6 16/31/6
f 21/25/3 15/28/3 13/26/3
f 20/32/4 10/24/4 12/19/4
f 23/27/1 25/33/1 17/21/1
f 19/34/1 32/35/1 24/30/1
f 24/30/1 30/36/1 22/18/1
f 21/25/1 31/37/1 23/27/1
f 20/32/1 26/38/1 18/39/1
f 17/21/1 27/40/1 19/41/1
f 22/18/1 28/42/1 20/32/1
f 18/39/1 29/43/1 21/25/1
f 30/36/7 36/44/7 28/42/7
f 26/38/8 37/45/8 29/43/8
f 31/37/9 33/46/9 25/33/9
f 27/47/10 40/48/10 32/35/10
f 32/35/6 38/49/6 30/36/6
f 29/43/3 39/50/3 31/37/3
f 28/42/4 34/51/4 26/38/4
f 25/33/5 35/52/5 27/40/5
f 41/53/2 35/52/2 33/46/2
f 39/50/2 41/53/2 33/46/2
f 45/54/2 39/50/2 37/45/2
f 34/51/2 45/54/2 37/45/2
f 44/55/2 34/51/2 36/44/2
f 38/49/2 44/55/2 36/44/2
f 48/56/2 38/49/2 40/48/2
f 35/57/2 48/56/2 40/48/2
f 63/58/1 65/59/1 57/60/1
f 59/61/1 72/62/1 64/63/1
f 64/63/1 70/64/1 62/65/1
f 61/66/1 71/67/1 63/58/1
f 60/68/1 66/69/1 58/70/1
f 57/60/1 67/71/1 59/72/1
f 62/65/1 68/73/1 60/68/1
f 58/70/1 69/74/1 61/66/1
f 70/64/7 76/75/7 68/73/7
f 66/69/8 77/76/8 69/74/8
f 71/67/9 73/77/9 65/59/9
f 67/78/10 80/79/10 72/62/10
f 72/62/6 78/80/6 70/64/6
f 69/74/3 79/81/3 71/67/3
f 68/73/4 74/82/4 66/69/4
f 65/59/5 75/83/5 67/71/5
f 81/84/2 75/83/2 73/77/2
f 79/81/2 81/84/2 73/77/2
f 85/85/2 79/81/2 77/76/2
f 74/82/2 85/85/2 77/76/2
f 84/86/2 74/82/2 76/75/2
f 78/80/2 84/86/2 76/75/2
f 88/87/2 78/80/2 80/79/2
f 75/88/2 88/87/2 80/79/2
f 88/87/10 51/89/10 56/90/10
f 51/91/5 81/84/5 49/92/5
f 49/92/9 87/93/9 55/94/9
f 55/94/3 85/85/3 53/95/3
f 85/85/8 50/96/8 53/95/8
f 50/96/4 84/86/4 52/97/4
f 52/97/7 86/98/7 54/99/7
f 54/99/6 88/87/6 56/90/6
f 45/54/3 121/100/3 47/101/3
f 63/58/9 41/53/9 47/101/9
f 63/58/3 124/102/3 61/66/3
f 42/103/8 61/66/8 45/54/8
f 62/65/7 44/55/7 46/104/7
f 61/66/3 122/105/3 45/54/3
f 43/106/10 64/63/10 48/56/10
f 93/107/8 98/108/8 90/109/8
f 95/110/2 51/91/2 49/92/2
f 49/92/2 89/111/2 95/112/2
f 90/113/2 55/94/2 53/95/2
f 93/114/2 53/95/2 50/96/2
f 94/115/2 50/96/2 52/97/2
f 52/97/2 92/116/2 94/117/2
f 91/118/2 54/99/2 56/90/2
f 96/119/2 56/90/2 51/89/2
f 111/120/2 103/121/2 104/122/2
f 96/123/10 100/124/10 91/125/10
f 94/126/4 101/127/4 93/107/4
f 90/109/3 97/128/3 89/129/3
f 92/130/7 102/131/7 94/126/7
f 89/129/9 104/122/9 95/132/9
f 95/132/5 103/121/5 96/133/5
f 91/125/6 99/134/6 92/130/6
f 110/135/2 101/127/2 102/131/2
f 107/136/2 99/134/2 100/124/2
f 106/137/2 97/128/2 98/108/2
f 101/127/2 106/138/2 98/108/2
f 99/134/2 110/139/2 102/131/2
f 112/140/2 100/124/2 103/141/2
f 105/142/2 104/122/2 97/128/2
f 111/120/4 119/143/4 112/144/4
f 119/145/2 120/146/2 118/147/2
f 110/135/5 117/148/5 109/149/5
f 112/140/8 116/150/8 107/151/8
f 107/136/3 115/152/3 108/153/3
f 109/154/10 114/155/10 106/138/10
f 106/137/6 113/156/6 105/157/6
f 105/142/7 120/158/7 111/159/7
f 108/160/9 118/161/9 110/139/9
f 47/101/3 123/162/3 63/58/3
f 127/163/1 143/164/1 128/165/1
f 42/103/4 131/166/4 58/70/4
f 58/70/4 132/167/4 60/68/4
f 132/167/4 44/55/4 60/68/4
f 130/168/4 42/103/4 44/55/4
f 46/104/6 127/169/6 62/65/6
f 64/63/6 127/169/6 128/170/6
f 128/170/6 48/56/6 64/63/6
f 48/56/6 125/171/6 46/104/6
f 43/172/5 135/173/5 59/72/5
f 59/72/5 136/174/5 57/60/5
f 136/174/5 41/53/5 57/60/5
f 134/175/5 43/172/5 41/53/5
f 138/176/2 121/177/2 122/178/2
f 125/179/2 139/180/2 140/181/2
f 123/182/1 142/183/1 124/184/1
f 142/185/5 122/105/5 124/102/5
f 121/100/4 141/186/4 123/162/4
f 143/187/4 126/188/4 128/170/4
f 125/171/5 144/189/5 127/169/5
f 134/190/2 145/191/2 133/192/2
f 136/174/6 146/193/6 134/175/6
f 135/194/1 148/195/1 136/196/1
f 133/197/3 147/198/3 135/173/3
f 129/199/6 151/200/6 131/166/6
f 130/201/2 149/202/2 129/203/2
f 132/167/3 150/204/3 130/168/3
f 131/205/1 152/206/1 132/207/1
f 151/208/10 138/176/10 142/183/10
f 137/209/7 148/195/7 141/210/7
f 147/211/8 139/180/8 143/164/8
f 140/181/9 152/206/9 144/212/9
f 150/213/5 159/214/5 149/202/5
f 150/213/9 156/215/9 160/216/9
f 146/217/4 157/218/4 145/191/4
f 145/219/8 155/220/8 139/180/8
f 139/180/3 156/215/3 140/181/3
f 146/217/7 153/221/7 158/222/7
f 138/176/6 153/221/6 137/209/6
f 149/202/10 154/223/10 138/176/10
f 160/224/2 155/220/2 158/225/2
f 144/212/9 168/226/9 164/227/9
f 141/210/6 162/228/6 142/183/6
f 147/229/4 166/230/4 148/195/4
f 143/164/8 165/231/8 147/211/8
f 141/210/7 166/230/7 161/232/7
f 142/183/10 167/233/10 151/208/10
f 144/212/3 163/234/3 143/164/3
f 151/208/5 168/226/5 152/206/5
f 163/234/1 168/235/1 162/236/1
f 299/237/9 297/238/9 295/239/9
f 298/240/2 295/239/2 294/241/2
f 296/242/8 295/239/8 297/238/8
f 300/243/7 294/241/7 296/242/7
f 297/238/1 300/244/1 296/242/1
f 305/245/5 302/246/5 303/247/5
f 309/248/4 306/249/4 307/250/4
f 313/251/3 310/252/3 311/253/3
f 317/254/6 314/255/6 315/256/6
f 322/257/1 328/258/1 325/259/1
f 320/260/6 325/261/6 321/262/6
f 319/263/3 323/264/3 318/265/3
f 321/262/4 324/266/4 319/263/4
f 318/265/5 322/267/5 320/268/5
f 323/264/5 326/269/5 322/267/5
f 324/266/11 326/270/11 323/264/11
f 325/261/4 327/271/4 324/266/4
f 333/272/5 335/273/5 329/274/5
f 326/270/5 329/275/5 322/276/5
f 327/277/2 331/278/2 326/270/2
f 325/259/4 330/279/4 327/277/4
f 328/258/4 332/280/4 330/279/4
f 332/281/6 337/282/6 333/272/6
f 329/283/3 334/284/3 328/285/3
f 328/285/4 336/286/4 332/281/4
f 330/279/12 333/272/12 331/278/12
f 331/278/5 333/287/5 329/275/5
f 340/288/1 339/289/1 338/290/1
f 344/291/2 342/292/2 343/293/2
f 340/294/6 345/295/6 341/296/6
f 339/289/3 343/293/3 338/290/3
f 350/297/1 356/298/1 353/299/1
f 348/300/6 353/301/6 349/302/6
f 347/303/3 351/304/3 346/305/3
f 349/302/4 352/306/4 347/303/4
f 346/305/5 350/307/5 348/308/5
f 351/304/5 354/309/5 350/307/5
f 352/306/11 354/310/11 351/304/11
f 353/301/4 355/311/4 352/306/4
f 361/312/5 363/313/5 357/314/5
f 354/310/5 357/315/5 350/316/5
f 355/317/2 359/318/2 354/310/2
f 353/299/4 358/319/4 355/317/4
f 356/298/4 360/320/4 358/319/4
f 360/321/6 365/322/6 361/312/6
f 357/323/3 362/324/3 356/325/3
f 356/325/4 364/326/4 360/321/4
f 358/319/12 361/312/12 359/318/12
f 359/318/5 361/327/5 357/315/5
f 368/328/1 367/329/1 366/330/1
f 372/331/2 370/332/2 371/333/2
f 368/334/6 373/335/6 369/336/6
f 367/329/3 371/333/3 366/330/3
f 376/337/1 375/338/1 374/339/1
f 380/340/2 378/341/2 379/342/2
f 376/343/6 381/344/6 377/345/6
f 375/338/3 379/342/3 374/339/3
f 384/346/1 383/347/1 382/348/1
f 388/349/2 386/350/2 387/351/2
f 384/352/6 389/353/6 385/354/6
f 383/347/3 387/351/3 382/348/3
f 392/355/1 391/356/1 390/357/1
f 396/358/2 394/359/2 395/360/2
f 392/361/6 397/362/6 393/363/6
f 391/356/3 395/360/3 390/357/3
f 400/364/1 399/365/1 398/366/1
f 404/367/2 402/368/2 403/369/2
f 400/370/6 405/371/6 401/372/6
f 399/365/3 403/369/3 398/366/3
f 408/373/1 407/374/1 406/375/1
f 412/376/2 410/377/2 411/378/2
f 408/379/6 413/380/6 409/381/6
f 407/374/3 411/378/3 406/375/3
f 416/382/1 415/383/1 414/384/1
f 420/385/2 418/386/2 419/387/2
f 416/388/6 421/389/6 417/390/6
f 415/383/3 419/387/3 414/384/3
f 424/391/1 423/392/1 422/393/1
f 428/394/2 426/395/2 427/396/2
f 424/397/6 429/398/6 425/399/6
f 423/392/3 427/396/3 422/393/3
f 432/400/1 431/401/1 430/402/1
f 436/403/2 434/404/2 435/405/2
f 432/406/6 437/407/6 433/408/6
f 431/401/3 435/405/3 430/402/3
f 666/409/7 664/410/7 662/411/7
f 665/412/2 662/411/2 661/413/2
f 663/414/10 662/411/10 664/410/10
f 667/415/9 661/413/9 663/414/9
f 664/410/1 667/416/1 663/414/1
f 750/417/8 748/418/8 746/419/8
f 749/420/2 746/419/2 745/421/2
f 747/422/7 746/419/7 748/418/7
f 751/423/10 745/421/10 747/422/10
f 752/424/1 747/422/1 748/418/1
f 834/425/10 832/426/10 830/427/10
f 833/428/2 830/427/2 829/429/2
f 831/430/9 830/427/9 832/426/9
f 835/431/8 829/429/8 831/430/8
f 836/432/1 831/430/1 832/426/1
f 3/1/1 4/433/1 2/2/1
f 6/4/2 8/434/2 7/5/2
f 2/7/3 6/435/3 5/8/3
f 4/10/4 8/434/4 6/4/4
f 1/12/5 5/436/5 7/13/5
f 3/15/6 7/437/6 8/16/6
f 22/18/7 20/32/7 12/19/7
f 17/21/5 19/41/5 11/22/5
f 10/24/8 18/39/8 21/25/8
f 23/27/9 17/21/9 9/23/9
f 11/29/10 19/34/10 24/30/10
f 24/30/6 22/18/6 14/20/6
f 21/25/3 23/27/3 15/28/3
f 20/32/4 18/39/4 10/24/4
f 23/27/1 31/37/1 25/33/1
f 19/34/1 27/47/1 32/35/1
f 24/30/1 32/35/1 30/36/1
f 21/25/1 29/43/1 31/37/1
f 20/32/1 28/42/1 26/38/1
f 17/21/1 25/33/1 27/40/1
f 22/18/1 30/36/1 28/42/1
f 18/39/1 26/38/1 29/43/1
f 30/36/7 38/49/7 36/44/7
f 26/38/8 34/51/8 37/45/8
f 31/37/9 39/50/9 33/46/9
f 27/47/10 35/57/10 40/48/10
f 32/35/6 40/48/6 38/49/6
f 29/43/3 37/45/3 39/50/3
f 28/42/4 36/44/4 34/51/4
f 25/33/5 33/46/5 35/52/5
f 41/53/2 43/172/2 35/52/2
f 39/50/2 47/101/2 41/53/2
f 45/54/2 47/101/2 39/50/2
f 34/51/2 42/103/2 45/54/2
f 44/55/2 42/103/2 34/51/2
f 38/49/2 46/104/2 44/55/2
f 48/56/2 46/104/2 38/49/2
f 35/57/2 43/106/2 48/56/2
f 63/58/1 71/67/1 65/59/1
f 59/61/1 67/78/1 72/62/1
f 64/63/1 72/62/1 70/64/1
f 61/66/1 69/74/1 71/67/1
f 60/68/1 68/73/1 66/69/1
f 57/60/1 65/59/1 67/71/1
f 62/65/1 70/64/1 68/73/1
f 58/70/1 66/69/1 69/74/1
f 70/64/7 78/80/7 76/75/7
f 66/69/8 74/82/8 77/76/8
f 71/67/9 79/81/9 73/77/9
f 67/78/10 75/88/10 80/79/10
f 72/62/6 80/79/6 78/80/6
f 69/74/3 77/76/3 79/81/3
f 68/73/4 76/75/4 74/82/4
f 65/59/5 73/77/5 75/83/5
f 81/84/2 83/438/2 75/83/2
f 79/81/2 87/93/2 81/84/2
f 85/85/2 87/93/2 79/81/2
f 74/82/2 82/439/2 85/85/2
f 84/86/2 82/439/2 74/82/2
f 78/80/2 86/98/2 84/86/2
f 88/87/2 86/98/2 78/80/2
f 75/88/2 83/440/2 88/87/2
f 88/87/10 83/440/10 51/89/10
f 51/91/5 83/438/5 81/84/5
f 49/92/9 81/84/9 87/93/9
f 55/94/3 87/93/3 85/85/3
f 85/85/8 82/439/8 50/96/8
f 50/96/4 82/439/4 84/86/4
f 52/97/7 84/86/7 86/98/7
f 54/99/6 86/98/6 88/87/6
f 45/54/3 122/105/3 121/100/3
f 63/58/9 57/60/9 41/53/9
f 63/58/3 123/162/3 124/102/3
f 42/103/8 58/70/8 61/66/8
f 62/65/7 60/68/7 44/55/7
f 61/66/3 124/102/3 122/105/3
f 43/106/10 59/61/10 64/63/10
f 93/107/8 101/127/8 98/108/8
f 95/110/2 96/441/2 51/91/2
f 49/92/2 55/94/2 89/111/2
f 90/113/2 89/442/2 55/94/2
f 93/114/2 90/443/2 53/95/2
f 94/115/2 93/444/2 50/96/2
f 52/97/2 54/99/2 92/116/2
f 91/118/2 92/445/2 54/99/2
f 96/119/2 91/446/2 56/90/2
f 111/120/2 112/144/2 103/121/2
f 96/123/10 103/141/10 100/124/10
f 94/126/4 102/131/4 101/127/4
f 90/109/3 98/108/3 97/128/3
f 92/130/7 99/134/7 102/131/7
f 89/129/9 97/128/9 104/122/9
f 95/132/5 104/122/5 103/121/5
f 91/125/6 100/124/6 99/134/6
f 110/135/2 109/149/2 101/127/2
f 107/136/2 108/153/2 99/134/2
f 106/137/2 105/157/2 97/128/2
f 101/127/2 109/154/2 106/138/2
f 99/134/2 108/160/2 110/139/2
f 112/140/2 107/151/2 100/124/2
f 105/142/2 111/159/2 104/122/2
f 111/120/4 120/447/4 119/143/4
f 120/146/2 113/448/2 114/449/2
f 114/449/2 117/450/2 120/146/2
f 117/450/2 118/147/2 120/146/2
f 118/147/2 115/451/2 116/452/2
f 116/452/2 119/145/2 118/147/2
f 110/135/5 118/453/5 117/148/5
f 112/140/8 119/454/8 116/150/8
f 107/136/3 116/455/3 115/152/3
f 109/154/10 117/456/10 114/155/10
f 106/137/6 114/457/6 113/156/6
f 105/142/7 113/458/7 120/158/7
f 108/160/9 115/459/9 118/161/9
f 47/101/3 121/100/3 123/162/3
f 127/163/1 144/212/1 143/164/1
f 42/103/4 129/199/4 131/166/4
f 58/70/4 131/166/4 132/167/4
f 132/167/4 130/168/4 44/55/4
f 130/168/4 129/199/4 42/103/4
f 46/104/6 125/171/6 127/169/6
f 64/63/6 62/65/6 127/169/6
f 128/170/6 126/188/6 48/56/6
f 48/56/6 126/188/6 125/171/6
f 43/172/5 133/197/5 135/173/5
f 59/72/5 135/173/5 136/174/5
f 136/174/5 134/175/5 41/53/5
f 134/175/5 133/197/5 43/172/5
f 138/176/2 137/209/2 121/177/2
f 125/179/2 126/460/2 139/180/2
f 123/182/1 141/210/1 142/183/1
f 142/185/5 138/461/5 122/105/5
f 121/100/4 137/462/4 141/186/4
f 143/187/4 139/463/4 126/188/4
f 125/171/5 140/464/5 144/189/5
f 134/190/2 146/217/2 145/191/2
f 136/174/6 148/465/6 146/193/6
f 135/194/1 147/229/1 148/195/1
f 133/197/3 145/466/3 147/198/3
f 129/199/6 149/467/6 151/200/6
f 130/201/2 150/213/2 149/202/2
f 132/167/3 152/468/3 150/204/3
f 131/205/1 151/208/1 152/206/1
f 151/208/10 149/202/10 138/176/10
f 137/209/7 146/217/7 148/195/7
f 147/211/8 145/219/8 139/180/8
f 140/181/9 150/213/9 152/206/9
f 150/213/5 160/216/5 159/214/5
f 150/213/9 140/181/9 156/215/9
f 146/217/4 158/222/4 157/218/4
f 145/219/8 157/469/8 155/220/8
f 139/180/3 155/220/3 156/215/3
f 146/217/7 137/209/7 153/221/7
f 138/176/6 154/223/6 153/221/6
f 149/202/10 159/214/10 154/223/10
f 158/225/2 153/470/2 154/471/2
f 154/471/2 159/472/2 160/224/2
f 160/224/2 156/215/2 155/220/2
f 155/220/2 157/473/2 158/225/2
f 158/225/2 154/471/2 160/224/2
f 144/212/9 152/206/9 168/226/9
f 141/210/6 161/232/6 162/228/6
f 147/229/4 165/474/4 166/230/4
f 143/164/8 163/234/8 165/231/8
f 141/210/7 148/195/7 166/230/7
f 142/183/10 162/228/10 167/233/10
f 144/212/3 164/227/3 163/234/3
f 151/208/5 167/233/5 168/226/5
f 162/236/1 161/475/1 166/476/1
f 166/476/1 165/477/1 163/234/1
f 163/234/1 164/227/1 168/235/1
f 168/235/1 167/478/1 162/236/1
f 162/236/1 166/476/1 163/234/1
f 299/237/9 301/479/9 297/238/9
f 298/240/2 299/480/2 295/239/2
f 296/242/8 294/241/8 295/239/8
f 300/243/7 298/481/7 294/241/7
f 297/238/1 301/482/1 300/244/1
f 305/245/5 304/483/5 302/246/5
f 309/248/4 308/484/4 306/249/4
f 313/251/3 312/485/3 310/252/3
f 317/254/6 316/486/6 314/255/6
f 322/257/1 329/487/1 328/258/1
f 320/260/6 322/488/6 325/261/6
f 319/263/3 324/266/3 323/264/3
f 321/262/4 325/261/4 324/266/4
f 318/265/5 323/264/5 322/267/5
f 324/266/11 327/277/11 326/270/11
f 333/272/5 337/282/5 335/273/5
f 326/270/5 331/278/5 329/275/5
f 327/277/2 330/279/2 331/278/2
f 325/259/4 328/258/4 330/279/4
f 332/281/6 336/286/6 337/282/6
f 329/283/3 335/489/3 334/284/3
f 328/285/4 334/284/4 336/286/4
f 330/279/12 332/281/12 333/272/12
f 340/288/1 341/490/1 339/289/1
f 344/291/2 345/295/2 342/292/2
f 340/294/6 342/292/6 345/295/6
f 339/289/3 344/291/3 343/293/3
f 350/297/1 357/491/1 356/298/1
f 348/300/6 350/492/6 353/301/6
f 347/303/3 352/306/3 351/304/3
f 349/302/4 353/301/4 352/306/4
f 346/305/5 351/304/5 350/307/5
f 352/306/11 355/317/11 354/310/11
f 361/312/5 365/322/5 363/313/5
f 354/310/5 359/318/5 357/315/5
f 355/317/2 358/319/2 359/318/2
f 353/299/4 356/298/4 358/319/4
f 360/321/6 364/326/6 365/322/6
f 357/323/3 363/493/3 362/324/3
f 356/325/4 362/324/4 364/326/4
f 358/319/12 360/321/12 361/312/12
f 368/328/1 369/494/1 367/329/1
f 372/331/2 373/335/2 370/332/2
f 368/334/6 370/332/6 373/335/6
f 367/329/3 372/331/3 371/333/3
f 376/337/1 377/495/1 375/338/1
f 380/340/2 381/344/2 378/341/2
f 376/343/6 378/341/6 381/344/6
f 375/338/3 380/340/3 379/342/3
f 384/346/1 385/496/1 383/347/1
f 388/349/2 389/353/2 386/350/2
f 384/352/6 386/350/6 389/353/6
f 383/347/3 388/349/3 387/351/3
f 392/355/1 393/497/1 391/356/1
f 396/358/2 397/362/2 394/359/2
f 392/361/6 394/359/6 397/362/6
f 391/356/3 396/358/3 395/360/3
f 400/364/1 401/498/1 399/365/1
f 404/367/2 405/371/2 402/368/2
f 400/370/6 402/368/6 405/371/6
f 399/365/3 404/367/3 403/369/3
f 408/373/1 409/499/1 407/374/1
f 412/376/2 413/380/2 410/377/2
f 408/379/6 410/377/6 413/380/6
f 407/374/3 412/376/3 411/378/3
f 416/382/1 417/500/1 415/383/1
f 420/385/2 421/389/2 418/386/2
f 416/388/6 418/386/6 421/389/6
f 415/383/3 420/385/3 419/387/3
f 424/391/1 425/501/1 423/392/1
f 428/394/2 429/398/2 426/395/2
f 424/397/6 426/395/6 429/398/6
f 423/392/3 428/394/3 427/396/3
f 432/400/1 433/502/1 431/401/1
f 436/403/2 437/407/2 434/404/2
f 432/406/6 434/404/6 437/407/6
f 431/401/3 436/403/3 435/405/3
f 666/409/7 668/503/7 664/410/7
f 665/412/2 666/504/2 662/411/2
f 663/414/10 661/413/10 662/411/10
f 667/415/9 665/505/9 661/413/9
f 664/410/1 668/506/1 667/416/1
f 750/417/8 752/507/8 748/418/8
f 749/420/2 750/508/2 746/419/2
f 747/422/7 745/421/7 746/419/7
f 751/423/10 749/509/10 745/421/10
f 752/424/1 751/510/1 747/422/1
f 834/425/10 836/511/10 832/426/10
f 833/428/2 834/512/2 830/427/2
f 831/430/9 829/429/9 830/427/9
f 835/431/8 833/513/8 829/429/8
f 836/432/1 835/514/1 831/430/1
f 176/515/4 183/516/13 175/517/8
f 174/518/3 181/519/14 173/520/9
f 172/521/5 179/522/15 171/523/10
f 170/524/6 177/525/16 169/526/7
f 169/526/7 184/527/17 176/515/4
f 175/517/8 182/528/18 174/518/3
f 173/520/9 180/529/19 172/521/5
f 171/530/10 178/531/20 170/524/6
f 178/532/20 185/533/21 177/534/16
f 177/534/16 191/535/22 184/527/17
f 183/516/13 189/536/23 182/528/18
f 180/537/19 188/538/24 187/539/25
f 183/516/13 191/535/22 190/540/26
f 182/528/18 188/538/24 181/541/14
f 191/535/22 197/542/27 190/540/26
f 188/538/24 196/543/28 195/544/29
f 186/545/30 192/546/31 185/533/21
f 185/533/21 198/547/32 191/535/22
f 190/540/26 196/543/28 189/536/23
f 188/538/24 194/548/33 187/539/25
f 178/532/20 179/549/15 186/545/30
f 186/545/30 179/549/15 193/550/34
f 180/537/19 187/539/25 179/551/15
f 187/539/25 194/548/33 179/551/15
f 179/552/15 202/553/35 199/554/1
f 192/555/31 206/556/36 198/547/32
f 179/557/15 201/558/37 193/559/34
f 197/542/27 204/560/38 196/543/28
f 195/561/29 202/553/35 194/562/33
f 198/547/32 205/563/2 197/542/27
f 195/561/29 204/560/38 203/564/9
f 192/555/31 201/558/37 200/565/7
f 214/566/4 221/567/13 213/568/8
f 212/569/3 219/570/14 211/571/9
f 210/572/5 217/573/15 209/574/10
f 208/575/6 215/576/16 207/577/7
f 207/577/7 222/578/17 214/566/4
f 213/568/8 220/579/18 212/569/3
f 211/571/9 218/580/19 210/572/5
f 209/581/10 216/582/20 208/575/6
f 215/583/16 224/584/30 223/585/21
f 215/583/16 229/586/22 222/578/17
f 221/567/13 227/587/23 220/579/18
f 219/588/14 225/589/25 218/590/19
f 221/567/13 229/586/22 228/591/26
f 219/588/14 227/587/23 226/592/39
f 229/586/22 235/593/27 228/591/26
f 227/587/23 233/594/29 226/592/39
f 224/584/30 230/595/31 223/585/21
f 229/586/22 230/595/31 236/596/32
f 228/591/26 234/597/28 227/587/23
f 225/589/25 233/594/29 232/598/33
f 216/599/20 217/600/15 224/584/30
f 224/584/30 217/600/15 231/601/34
f 218/590/19 225/589/25 217/602/15
f 225/589/25 232/598/33 217/602/15
f 232/603/33 237/604/1 217/605/15
f 236/596/32 238/606/7 244/607/36
f 231/608/34 237/609/1 239/610/37
f 234/597/28 243/611/2 242/612/38
f 232/603/33 241/613/9 240/614/35
f 236/596/32 243/611/2 235/593/27
f 234/597/28 241/613/9 233/615/29
f 231/608/34 238/606/7 230/616/31
f 262/617/40 249/618/41 250/619/42
f 257/620/43 256/621/44 245/622/6
f 259/623/45 246/624/46 247/625/47
f 266/626/48 253/627/49 254/628/4
f 263/629/50 250/619/42 251/630/3
f 260/631/51 247/625/47 248/632/5
f 267/633/52 254/628/4 255/634/53
f 264/635/54 251/630/3 252/636/55
f 261/637/56 248/638/5 249/618/41
f 268/639/57 255/634/53 256/621/44
f 258/640/58 245/622/6 246/624/46
f 265/641/59 252/636/55 253/627/49
f 269/642/60 273/643/2 271/644/61
f 269/642/60 272/645/62 270/646/63
f 271/647/61 273/648/2 274/649/64
f 272/645/62 274/649/64 275/650/65
f 274/651/64 273/652/2 276/653/66
f 275/650/65 276/653/66 277/654/67
f 276/655/66 279/656/68 277/654/67
f 276/655/66 273/657/2 278/658/69
f 278/659/69 281/660/70 279/656/68
f 278/659/69 273/661/2 280/662/71
f 280/663/71 283/664/72 281/660/70
f 280/663/71 273/665/2 282/666/73
f 282/667/73 285/668/74 283/664/72
f 282/667/73 273/669/2 284/670/75
f 284/671/75 287/672/76 285/668/74
f 284/671/75 273/673/2 286/674/77
f 286/675/77 273/676/2 288/677/78
f 286/675/77 289/678/79 287/672/76
f 279/656/68 264/635/54 265/641/59
f 264/635/54 283/664/72 263/629/50
f 288/679/78 273/680/2 290/681/80
f 263/629/50 285/668/74 262/617/40
f 285/668/74 261/637/56 262/617/40
f 288/679/78 291/682/81 289/683/79
f 260/684/51 287/672/76 289/678/79
f 260/631/51 291/682/81 259/623/45
f 290/685/80 273/686/2 292/687/82
f 259/623/45 293/688/83 258/640/58
f 257/620/43 293/688/83 270/646/63
f 290/685/80 293/688/83 291/682/81
f 257/620/43 272/645/62 268/639/57
f 268/639/57 275/650/65 267/633/52
f 292/689/82 273/690/2 269/691/60
f 275/650/65 266/626/48 267/633/52
f 277/654/67 265/641/59 266/626/48
f 293/688/83 269/691/60 270/646/63
f 455/692/40 442/693/41 443/694/42
f 450/695/43 449/696/44 438/697/6
f 452/698/45 439/699/46 440/700/47
f 459/701/48 446/702/49 447/703/4
f 456/704/50 443/694/42 444/705/3
f 453/706/51 440/700/47 441/707/5
f 460/708/52 447/703/4 448/709/53
f 457/710/54 444/705/3 445/711/55
f 454/712/56 441/713/5 442/693/41
f 461/714/57 448/709/53 449/696/44
f 451/715/58 438/697/6 439/699/46
f 458/716/59 445/711/55 446/702/49
f 462/717/60 466/718/2 464/719/61
f 462/717/60 465/720/62 463/721/63
f 464/722/61 466/723/2 467/724/64
f 464/722/61 468/725/65 465/720/62
f 467/726/64 466/727/2 469/728/66
f 467/726/64 470/729/67 468/725/65
f 469/730/66 472/731/68 470/729/67
f 469/730/66 466/732/2 471/733/69
f 471/734/69 474/735/70 472/731/68
f 471/734/69 466/736/2 473/737/71
f 473/738/71 476/739/72 474/735/70
f 473/738/71 466/740/2 475/741/73
f 476/739/72 477/742/75 478/743/74
f 475/744/73 466/745/2 477/742/75
f 477/746/75 480/747/76 478/743/74
f 477/746/75 466/748/2 479/749/84
f 479/750/84 466/751/2 481/752/78
f 480/747/76 481/752/78 482/753/79
f 458/716/59 474/735/70 457/710/54
f 457/710/54 476/739/72 456/704/50
f 481/754/78 466/755/2 483/756/80
f 456/704/50 478/743/74 455/692/40
f 478/743/74 454/712/56 455/692/40
f 481/754/78 484/757/81 482/758/79
f 453/759/51 480/747/76 482/753/79
f 453/706/51 484/757/81 452/698/45
f 483/760/80 466/761/2 485/762/82
f 452/698/45 486/763/83 451/715/58
f 450/695/43 486/763/83 463/721/63
f 483/760/80 486/763/83 484/757/81
f 450/695/43 465/720/62 461/714/57
f 461/714/57 468/725/65 460/708/52
f 485/764/82 466/765/2 462/766/60
f 468/725/65 459/701/48 460/708/52
f 459/701/48 472/731/68 458/716/59
f 485/764/82 463/721/63 486/763/83
f 504/767/40 491/768/41 492/769/42
f 499/770/43 498/771/44 487/772/6
f 501/773/45 488/774/46 489/775/47
f 508/776/48 495/777/49 496/778/4
f 505/779/50 492/769/42 493/780/3
f 502/781/51 489/775/47 490/782/5
f 509/783/52 496/778/4 497/784/53
f 506/785/54 493/780/3 494/786/55
f 503/787/56 490/788/5 491/768/41
f 510/789/57 497/784/53 498/771/44
f 500/790/58 487/772/6 488/774/46
f 507/791/59 494/786/55 495/777/49
f 511/792/60 515/793/2 513/794/61
f 512/795/63 513/794/61 514/796/62
f 513/797/61 515/798/2 516/799/85
f 513/797/61 517/800/65 514/796/62
f 516/801/85 515/802/2 518/803/66
f 517/800/65 518/803/66 519/804/67
f 518/805/66 521/806/68 519/804/67
f 518/805/66 515/807/2 520/808/69
f 521/806/68 522/809/86 523/810/70
f 520/811/69 515/812/2 522/809/86
f 523/810/70 524/813/73 525/814/72
f 522/815/86 515/816/2 524/813/73
f 524/817/73 527/818/74 525/814/72
f 524/817/73 515/819/2 526/820/75
f 526/821/75 529/822/76 527/818/74
f 526/821/75 515/823/2 528/824/84
f 528/825/84 515/826/2 530/827/78
f 528/825/84 531/828/79 529/822/76
f 521/806/68 506/785/54 507/791/59
f 523/810/70 505/779/50 506/785/54
f 530/829/78 515/830/2 532/831/87
f 525/814/72 504/767/40 505/779/50
f 527/818/74 503/787/56 504/767/40
f 530/829/78 533/832/81 531/833/79
f 503/787/56 531/828/79 502/834/51
f 502/781/51 533/832/81 501/773/45
f 532/835/87 515/836/2 534/837/82
f 501/773/45 535/838/83 500/790/58
f 499/770/43 535/838/83 512/795/63
f 532/835/87 535/838/83 533/832/81
f 499/770/43 514/796/62 510/789/57
f 510/789/57 517/800/65 509/783/52
f 534/839/82 515/840/2 511/841/60
f 517/800/65 508/776/48 509/783/52
f 508/776/48 521/806/68 507/791/59
f 534/839/82 512/795/63 535/838/83
f 553/842/40 540/843/41 541/844/42
f 548/845/43 547/846/44 536/847/6
f 550/848/45 537/849/46 538/850/47
f 557/851/48 544/852/49 545/853/4
f 554/854/50 541/844/42 542/855/3
f 551/856/51 538/850/47 539/857/5
f 558/858/52 545/853/4 546/859/53
f 555/860/54 542/855/3 543/861/55
f 552/862/56 539/863/5 540/843/41
f 559/864/57 546/859/53 547/846/44
f 549/865/58 536/847/6 537/849/46
f 556/866/59 543/861/55 544/852/49
f 560/867/60 564/868/2 562/869/61
f 560/867/60 563/870/62 561/871/63
f 562/872/61 564/873/2 565/874/85
f 562/872/61 566/875/65 563/870/62
f 565/876/85 564/877/2 567/878/66
f 565/876/85 568/879/67 566/875/65
f 568/879/67 569/880/69 570/881/68
f 567/882/66 564/883/2 569/880/69
f 569/884/69 572/885/70 570/881/68
f 569/884/69 564/886/2 571/887/71
f 572/885/70 573/888/73 574/889/72
f 571/890/71 564/891/2 573/888/73
f 573/892/73 576/893/74 574/889/72
f 573/892/73 564/894/2 575/895/75
f 576/893/74 577/896/84 578/897/76
f 575/898/75 564/899/2 577/896/84
f 577/900/84 564/901/2 579/902/78
f 577/900/84 580/903/79 578/897/76
f 570/881/68 555/860/54 556/866/59
f 555/860/54 574/889/72 554/854/50
f 579/904/78 564/905/2 581/906/87
f 554/854/50 576/893/74 553/842/40
f 576/893/74 552/862/56 553/842/40
f 579/904/78 582/907/81 580/908/79
f 551/909/51 578/897/76 580/903/79
f 551/856/51 582/907/81 550/848/45
f 581/910/87 564/911/2 583/912/82
f 550/848/45 584/913/83 549/865/58
f 549/865/58 561/871/63 548/845/43
f 581/910/87 584/913/83 582/907/81
f 548/845/43 563/870/62 559/864/57
f 559/864/57 566/875/65 558/858/52
f 583/914/82 564/915/2 560/916/60
f 566/875/65 557/851/48 558/858/52
f 557/851/48 570/881/68 556/866/59
f 583/914/82 561/871/63 584/913/83
f 592/917/5 599/918/88 591/919/10
f 590/920/6 597/921/89 589/922/7
f 588/923/4 595/924/90 587/925/8
f 586/926/3 593/927/91 585/928/9
f 585/928/9 600/929/92 592/917/5
f 591/919/10 598/930/93 590/920/6
f 589/922/7 596/931/94 588/923/4
f 587/932/8 594/933/95 586/926/3
f 594/934/95 601/935/96 593/936/91
f 600/929/92 601/935/96 607/937/97
f 598/930/93 606/938/98 605/939/99
f 597/940/89 603/941/100 596/942/94
f 600/929/92 606/938/98 599/918/88
f 598/930/93 604/943/101 597/940/89
f 607/937/97 613/944/102 606/938/98
f 604/943/101 612/945/103 611/946/104
f 601/935/96 609/947/105 608/948/106
f 601/935/96 614/949/107 607/937/97
f 606/938/98 612/945/103 605/939/99
f 604/943/101 610/950/108 603/941/100
f 594/934/95 595/951/90 602/952/109
f 602/952/109 595/951/90 609/947/105
f 596/942/94 603/941/100 595/953/90
f 603/941/100 610/950/108 595/953/90
f 595/954/90 618/955/37 615/956/1
f 608/957/106 622/958/38 614/949/107
f 595/959/90 617/960/35 609/961/105
f 613/944/102 620/962/36 612/945/103
f 611/963/104 618/955/37 610/964/108
f 613/944/102 622/958/38 621/965/2
f 611/963/104 620/962/36 619/966/7
f 608/957/106 617/960/35 616/967/9
f 630/968/5 637/969/88 629/970/10
f 628/971/6 635/972/89 627/973/7
f 626/974/4 633/975/90 625/976/8
f 624/977/3 631/978/91 623/979/9
f 623/979/9 638/980/92 630/968/5
f 629/970/10 636/981/93 628/971/6
f 627/973/7 634/982/94 626/974/4
f 625/983/8 632/984/95 624/977/3
f 631/985/91 640/986/109 639/987/96
f 631/985/91 645/988/97 638/980/92
f 637/969/88 643/989/99 636/981/93
f 635/990/89 641/991/100 634/992/94
f 637/969/88 645/988/97 644/993/98
f 636/981/93 642/994/101 635/990/89
f 645/988/97 651/995/102 644/993/98
f 643/989/99 649/996/104 642/994/101
f 640/986/109 646/997/106 639/987/96
f 645/988/97 646/997/106 652/998/107
f 644/993/98 650/999/103 643/989/99
f 641/991/100 649/996/104 648/1000/108
f 632/1001/95 633/1002/90 640/986/109
f 640/986/109 633/1002/90 647/1003/105
f 634/992/94 641/991/100 633/1004/90
f 641/991/100 648/1000/108 633/1004/90
f 648/1005/108 653/1006/1 633/1007/90
f 652/998/107 654/1008/9 660/1009/38
f 647/1010/105 653/1011/1 655/1012/35
f 651/995/102 658/1013/36 650/999/103
f 649/1014/104 656/1015/37 648/1005/108
f 652/998/107 659/1016/2 651/995/102
f 650/999/103 657/1017/7 649/1014/104
f 647/1010/105 654/1008/9 646/1018/106
f 676/1019/6 683/1020/110 675/1021/7
f 674/1022/4 681/1023/111 673/1024/8
f 672/1025/3 679/1026/35 671/1027/9
f 670/1028/5 677/1029/112 669/1030/10
f 669/1030/10 684/1031/113 676/1019/6
f 675/1021/7 682/1032/114 674/1022/4
f 673/1024/8 680/1033/115 672/1025/3
f 671/1034/9 678/1035/116 670/1028/5
f 678/1036/116 685/1037/117 677/1038/112
f 684/1031/113 685/1037/117 691/1039/118
f 682/1032/114 690/1040/36 689/1041/119
f 680/1042/115 688/1043/120 687/1044/121
f 683/1020/110 691/1039/118 690/1040/36
f 682/1032/114 688/1043/120 681/1045/111
f 690/1040/36 698/1046/122 697/1047/123
f 688/1043/120 696/1048/124 695/1049/125
f 686/1050/126 692/1051/127 685/1037/117
f 685/1037/117 698/1046/122 691/1039/118
f 690/1040/36 696/1048/124 689/1041/119
f 688/1043/120 694/1052/128 687/1044/121
f 678/1036/116 679/1053/35 686/1050/126
f 686/1050/126 679/1053/35 693/1054/129
f 680/1042/115 687/1044/121 679/1055/35
f 687/1044/121 694/1052/128 679/1055/35
f 679/1056/35 702/1057/90 699/1058/1
f 692/1059/127 706/1060/98 698/1046/122
f 679/1061/35 701/1062/15 693/1063/129
f 697/1047/123 704/1064/26 696/1048/124
f 695/1065/125 702/1057/90 694/1066/128
f 698/1046/122 705/1067/2 697/1047/123
f 695/1065/125 704/1064/26 703/1068/8
f 692/1059/127 701/1062/15 700/1069/10
f 714/1070/6 721/1071/110 713/1072/7
f 712/1073/4 719/1074/111 711/1075/8
f 710/1076/3 717/1077/35 709/1078/9
f 708/1079/5 715/1080/112 707/1081/10
f 707/1081/10 722/1082/113 714/1070/6
f 713/1072/7 720/1083/114 712/1073/4
f 711/1075/8 718/1084/115 710/1076/3
f 709/1085/9 716/1086/116 708/1079/5
f 715/1087/112 724/1088/130 723/1089/117
f 715/1087/112 729/1090/118 722/1082/113
f 720/1083/114 728/1091/36 727/1092/131
f 719/1093/111 725/1094/121 718/1095/115
f 721/1071/110 729/1090/118 728/1091/36
f 720/1083/114 726/1096/120 719/1093/111
f 729/1090/118 735/1097/123 728/1091/36
f 727/1092/131 733/1098/125 726/1096/120
f 724/1088/130 730/1099/127 723/1089/117
f 723/1089/117 736/1100/122 729/1090/118
f 728/1091/36 734/1101/124 727/1092/131
f 725/1094/121 733/1098/125 732/1102/128
f 716/1103/116 717/1104/35 724/1088/130
f 724/1088/130 717/1104/35 731/1105/129
f 718/1095/115 725/1094/121 717/1106/35
f 725/1094/121 732/1102/128 717/1106/35
f 732/1107/128 737/1108/1 717/1109/35
f 736/1100/122 738/1110/10 744/1111/98
f 731/1112/129 737/1113/1 739/1114/15
f 734/1101/124 743/1115/2 742/1116/26
f 732/1107/128 741/1117/8 740/1118/90
f 735/1097/123 744/1111/98 743/1115/2
f 734/1101/124 741/1117/8 733/1119/125
f 731/1112/129 738/1110/10 730/1120/127
f 760/1121/3 767/1122/132 759/1123/9
f 758/1124/5 765/1125/133 757/1126/10
f 756/1127/6 763/1128/37 755/1129/7
f 754/1130/4 761/1131/134 753/1132/8
f 753/1132/8 768/1133/135 760/1121/3
f 759/1123/9 766/1134/136 758/1124/5
f 757/1126/10 764/1135/137 756/1127/6
f 755/1136/7 762/1137/138 754/1130/4
f 762/1138/138 769/1139/139 761/1140/134
f 768/1133/135 769/1139/139 775/1141/140
f 766/1134/136 774/1142/38 773/1143/141
f 764/1144/137 772/1145/142 771/1146/143
f 767/1122/132 775/1141/140 774/1142/38
f 766/1134/136 772/1145/142 765/1147/133
f 775/1141/140 781/1148/144 774/1142/38
f 772/1145/142 780/1149/145 779/1150/146
f 769/1139/139 777/1151/147 776/1152/148
f 769/1139/139 782/1153/149 775/1141/140
f 774/1142/38 780/1149/145 773/1143/141
f 772/1145/142 778/1154/150 771/1146/143
f 762/1138/138 763/1155/37 770/1156/151
f 770/1156/151 763/1155/37 777/1151/147
f 764/1144/137 771/1146/143 763/1157/37
f 771/1146/143 778/1154/150 763/1157/37
f 763/1158/37 786/1159/15 783/1160/1
f 776/1161/148 790/1162/26 782/1153/149
f 763/1163/37 785/1164/90 777/1165/147
f 780/1149/145 789/1166/2 788/1167/98
f 779/1168/146 786/1159/15 778/1169/150
f 781/1148/144 790/1162/26 789/1166/2
f 780/1149/145 787/1170/10 779/1168/146
f 776/1161/148 785/1164/90 784/1171/8
f 798/1172/3 805/1173/132 797/1174/9
f 796/1175/5 803/1176/133 795/1177/10
f 794/1178/6 801/1179/37 793/1180/7
f 792/1181/4 799/1182/134 791/1183/8
f 791/1183/8 806/1184/135 798/1172/3
f 797/1174/9 804/1185/136 796/1175/5
f 795/1177/10 802/1186/137 794/1178/6
f 793/1187/7 800/1188/138 792/1181/4
f 799/1189/134 808/1190/152 807/1191/153
f 799/1189/134 813/1192/140 806/1184/135
f 805/1173/132 811/1193/141 804/1185/136
f 803/1194/133 809/1195/143 802/1196/137
f 805/1173/132 813/1192/140 812/1197/38
f 804/1185/136 810/1198/142 803/1194/133
f 813/1192/140 819/1199/144 812/1197/38
f 811/1193/141 817/1200/146 810/1198/142
f 808/1190/152 814/1201/148 807/1191/153
f 807/1191/153 820/1202/149 813/1192/140
f 812/1197/38 818/1203/145 811/1193/141
f 809/1195/143 817/1200/146 816/1204/150
f 800/1205/138 801/1206/37 808/1190/152
f 808/1190/152 801/1206/37 815/1207/147
f 802/1196/137 809/1195/143 801/1208/37
f 809/1195/143 816/1204/150 801/1208/37
f 816/1209/150 821/1210/1 801/1211/37
f 820/1202/149 822/1212/8 828/1213/26
f 815/1214/147 821/1215/1 823/1216/90
f 819/1199/144 826/1217/98 818/1203/145
f 816/1209/150 825/1218/10 824/1219/15
f 820/1202/149 827/1220/2 819/1199/144
f 818/1203/145 825/1218/10 817/1221/146
f 815/1214/147 822/1212/8 814/1222/148
f 176/515/4 184/527/17 183/516/13
f 174/518/3 182/528/18 181/519/14
f 172/521/5 180/529/19 179/522/15
f 170/524/6 178/531/20 177/525/16
f 169/526/7 177/525/16 184/527/17
f 175/517/8 183/516/13 182/528/18
f 173/520/9 181/519/14 180/529/19
f 171/530/10 179/1223/15 178/531/20
f 178/532/20 186/545/30 185/533/21
f 177/534/16 185/533/21 191/535/22
f 183/516/13 190/540/26 189/536/23
f 180/537/19 181/541/14 188/538/24
f 183/516/13 184/527/17 191/535/22
f 182/528/18 189/536/23 188/538/24
f 191/535/22 198/547/32 197/542/27
f 188/538/24 189/536/23 196/543/28
f 186/545/30 193/550/34 192/546/31
f 185/533/21 192/546/31 198/547/32
f 190/540/26 197/542/27 196/543/28
f 188/538/24 195/544/29 194/548/33
f 179/552/15 194/562/33 202/553/35
f 192/555/31 200/565/7 206/556/36
f 179/557/15 199/1224/1 201/558/37
f 197/542/27 205/563/2 204/560/38
f 195/561/29 203/564/9 202/553/35
f 198/547/32 206/556/36 205/563/2
f 195/561/29 196/543/28 204/560/38
f 192/555/31 193/559/34 201/558/37
f 214/566/4 222/578/17 221/567/13
f 212/569/3 220/579/18 219/570/14
f 210/572/5 218/580/19 217/573/15
f 208/575/6 216/582/20 215/576/16
f 207/577/7 215/576/16 222/578/17
f 213/568/8 221/567/13 220/579/18
f 211/571/9 219/570/14 218/580/19
f 209/581/10 217/1225/15 216/582/20
f 215/583/16 216/599/20 224/584/30
f 215/583/16 223/585/21 229/586/22
f 221/567/13 228/591/26 227/587/23
f 219/588/14 226/592/39 225/589/25
f 221/567/13 222/578/17 229/586/22
f 219/588/14 220/579/18 227/587/23
f 229/586/22 236/596/32 235/593/27
f 227/587/23 234/597/28 233/594/29
f 224/584/30 231/601/34 230/595/31
f 229/586/22 223/585/21 230/595/31
f 228/591/26 235/593/27 234/597/28
f 225/589/25 226/592/39 233/594/29
f 232/603/33 240/614/35 237/604/1
f 236/596/32 230/616/31 238/606/7
f 231/608/34 217/1226/15 237/609/1
f 234/597/28 235/593/27 243/611/2
f 232/603/33 233/615/29 241/613/9
f 236/596/32 244/607/36 243/611/2
f 234/597/28 242/612/38 241/613/9
f 231/608/34 239/610/37 238/606/7
f 262/617/40 261/637/56 249/618/41
f 257/620/43 268/639/57 256/621/44
f 259/623/45 258/640/58 246/624/46
f 266/626/48 265/641/59 253/627/49
f 263/629/50 262/617/40 250/619/42
f 260/631/51 259/623/45 247/625/47
f 267/633/52 266/626/48 254/628/4
f 264/635/54 263/629/50 251/630/3
f 261/637/56 260/684/51 248/638/5
f 268/639/57 267/633/52 255/634/53
f 258/640/58 257/620/43 245/622/6
f 265/641/59 264/635/54 252/636/55
f 269/642/60 271/644/61 272/645/62
f 272/645/62 271/647/61 274/649/64
f 275/650/65 274/651/64 276/653/66
f 276/655/66 278/658/69 279/656/68
f 278/659/69 280/662/71 281/660/70
f 280/663/71 282/666/73 283/664/72
f 282/667/73 284/670/75 285/668/74
f 284/671/75 286/674/77 287/672/76
f 286/675/77 288/677/78 289/678/79
f 279/656/68 281/660/70 264/635/54
f 264/635/54 281/660/70 283/664/72
f 263/629/50 283/664/72 285/668/74
f 285/668/74 287/672/76 261/637/56
f 288/679/78 290/681/80 291/682/81
f 260/684/51 261/637/56 287/672/76
f 260/631/51 289/683/79 291/682/81
f 259/623/45 291/682/81 293/688/83
f 257/620/43 258/640/58 293/688/83
f 290/685/80 292/687/82 293/688/83
f 257/620/43 270/646/63 272/645/62
f 268/639/57 272/645/62 275/650/65
f 275/650/65 277/654/67 266/626/48
f 277/654/67 279/656/68 265/641/59
f 293/688/83 292/689/82 269/691/60
f 455/692/40 454/712/56 442/693/41
f 450/695/43 461/714/57 449/696/44
f 452/698/45 451/715/58 439/699/46
f 459/701/48 458/716/59 446/702/49
f 456/704/50 455/692/40 443/694/42
f 453/706/51 452/698/45 440/700/47
f 460/708/52 459/701/48 447/703/4
f 457/710/54 456/704/50 444/705/3
f 454/712/56 453/759/51 441/713/5
f 461/714/57 460/708/52 448/709/53
f 451/715/58 450/695/43 438/697/6
f 458/716/59 457/710/54 445/711/55
f 462/717/60 464/719/61 465/720/62
f 464/722/61 467/724/64 468/725/65
f 467/726/64 469/728/66 470/729/67
f 469/730/66 471/733/69 472/731/68
f 471/734/69 473/737/71 474/735/70
f 473/738/71 475/741/73 476/739/72
f 476/739/72 475/744/73 477/742/75
f 477/746/75 479/749/84 480/747/76
f 480/747/76 479/750/84 481/752/78
f 458/716/59 472/731/68 474/735/70
f 457/710/54 474/735/70 476/739/72
f 456/704/50 476/739/72 478/743/74
f 478/743/74 480/747/76 454/712/56
f 481/754/78 483/756/80 484/757/81
f 453/759/51 454/712/56 480/747/76
f 453/706/51 482/758/79 484/757/81
f 452/698/45 484/757/81 486/763/83
f 450/695/43 451/715/58 486/763/83
f 483/760/80 485/762/82 486/763/83
f 450/695/43 463/721/63 465/720/62
f 461/714/57 465/720/62 468/725/65
f 468/725/65 470/729/67 459/701/48
f 459/701/48 470/729/67 472/731/68
f 485/764/82 462/766/60 463/721/63
f 504/767/40 503/787/56 491/768/41
f 499/770/43 510/789/57 498/771/44
f 501/773/45 500/790/58 488/774/46
f 508/776/48 507/791/59 495/777/49
f 505/779/50 504/767/40 492/769/42
f 502/781/51 501/773/45 489/775/47
f 509/783/52 508/776/48 496/778/4
f 506/785/54 505/779/50 493/780/3
f 503/787/56 502/834/51 490/788/5
f 510/789/57 509/783/52 497/784/53
f 500/790/58 499/770/43 487/772/6
f 507/791/59 506/785/54 494/786/55
f 512/795/63 511/792/60 513/794/61
f 513/797/61 516/799/85 517/800/65
f 517/800/65 516/801/85 518/803/66
f 518/805/66 520/808/69 521/806/68
f 521/806/68 520/811/69 522/809/86
f 523/810/70 522/815/86 524/813/73
f 524/817/73 526/820/75 527/818/74
f 526/821/75 528/824/84 529/822/76
f 528/825/84 530/827/78 531/828/79
f 521/806/68 523/810/70 506/785/54
f 523/810/70 525/814/72 505/779/50
f 525/814/72 527/818/74 504/767/40
f 527/818/74 529/822/76 503/787/56
f 530/829/78 532/831/87 533/832/81
f 503/787/56 529/822/76 531/828/79
f 502/781/51 531/833/79 533/832/81
f 501/773/45 533/832/81 535/838/83
f 499/770/43 500/790/58 535/838/83
f 532/835/87 534/837/82 535/838/83
f 499/770/43 512/795/63 514/796/62
f 510/789/57 514/796/62 517/800/65
f 517/800/65 519/804/67 508/776/48
f 508/776/48 519/804/67 521/806/68
f 534/839/82 511/841/60 512/795/63
f 553/842/40 552/862/56 540/843/41
f 548/845/43 559/864/57 547/846/44
f 550/848/45 549/865/58 537/849/46
f 557/851/48 556/866/59 544/852/49
f 554/854/50 553/842/40 541/844/42
f 551/856/51 550/848/45 538/850/47
f 558/858/52 557/851/48 545/853/4
f 555/860/54 554/854/50 542/855/3
f 552/862/56 551/909/51 539/863/5
f 559/864/57 558/858/52 546/859/53
f 549/865/58 548/845/43 536/847/6
f 556/866/59 555/860/54 543/861/55
f 560/867/60 562/869/61 563/870/62
f 562/872/61 565/874/85 566/875/65
f 565/876/85 567/878/66 568/879/67
f 568/879/67 567/882/66 569/880/69
f 569/884/69 571/887/71 572/885/70
f 572/885/70 571/890/71 573/888/73
f 573/892/73 575/895/75 576/893/74
f 576/893/74 575/898/75 577/896/84
f 577/900/84 579/902/78 580/903/79
f 570/881/68 572/885/70 555/860/54
f 555/860/54 572/885/70 574/889/72
f 554/854/50 574/889/72 576/893/74
f 576/893/74 578/897/76 552/862/56
f 579/904/78 581/906/87 582/907/81
f 551/909/51 552/862/56 578/897/76
f 551/856/51 580/908/79 582/907/81
f 550/848/45 582/907/81 584/913/83
f 549/865/58 584/913/83 561/871/63
f 581/910/87 583/912/82 584/913/83
f 548/845/43 561/871/63 563/870/62
f 559/864/57 563/870/62 566/875/65
f 566/875/65 568/879/67 557/851/48
f 557/851/48 568/879/67 570/881/68
f 583/914/82 560/916/60 561/871/63
f 592/917/5 600/929/92 599/918/88
f 590/920/6 598/930/93 597/921/89
f 588/923/4 596/931/94 595/924/90
f 586/926/3 594/933/95 593/927/91
f 585/928/9 593/927/91 600/929/92
f 591/919/10 599/918/88 598/930/93
f 589/922/7 597/921/89 596/931/94
f 587/932/8 595/1227/90 594/933/95
f 594/934/95 602/952/109 601/935/96
f 600/929/92 593/936/91 601/935/96
f 598/930/93 599/918/88 606/938/98
f 597/940/89 604/943/101 603/941/100
f 600/929/92 607/937/97 606/938/98
f 598/930/93 605/939/99 604/943/101
f 607/937/97 614/949/107 613/944/102
f 604/943/101 605/939/99 612/945/103
f 601/935/96 602/952/109 609/947/105
f 601/935/96 608/948/106 614/949/107
f 606/938/98 613/944/102 612/945/103
f 604/943/101 611/946/104 610/950/108
f 595/954/90 610/964/108 618/955/37
f 608/957/106 616/967/9 622/958/38
f 595/959/90 615/1228/1 617/960/35
f 613/944/102 621/965/2 620/962/36
f 611/963/104 619/966/7 618/955/37
f 613/944/102 614/949/107 622/958/38
f 611/963/104 612/945/103 620/962/36
f 608/957/106 609/961/105 617/960/35
f 630/968/5 638/980/92 637/969/88
f 628/971/6 636/981/93 635/972/89
f 626/974/4 634/982/94 633/975/90
f 624/977/3 632/984/95 631/978/91
f 623/979/9 631/978/91 638/980/92
f 629/970/10 637/969/88 636/981/93
f 627/973/7 635/972/89 634/982/94
f 625/983/8 633/1229/90 632/984/95
f 631/985/91 632/1001/95 640/986/109
f 631/985/91 639/987/96 645/988/97
f 637/969/88 644/993/98 643/989/99
f 635/990/89 642/994/101 641/991/100
f 637/969/88 638/980/92 645/988/97
f 636/981/93 643/989/99 642/994/101
f 645/988/97 652/998/107 651/995/102
f 643/989/99 650/999/103 649/996/104
f 640/986/109 647/1003/105 646/997/106
f 645/988/97 639/987/96 646/997/106
f 644/993/98 651/995/102 650/999/103
f 641/991/100 642/994/101 649/996/104
f 648/1005/108 656/1015/37 653/1006/1
f 652/998/107 646/1018/106 654/1008/9
f 647/1010/105 633/1230/90 653/1011/1
f 651/995/102 659/1016/2 658/1013/36
f 649/1014/104 657/1017/7 656/1015/37
f 652/998/107 660/1009/38 659/1016/2
f 650/999/103 658/1013/36 657/1017/7
f 647/1010/105 655/1012/35 654/1008/9
f 676/1019/6 684/1031/113 683/1020/110
f 674/1022/4 682/1032/114 681/1023/111
f 672/1025/3 680/1033/115 679/1026/35
f 670/1028/5 678/1035/116 677/1029/112
f 669/1030/10 677/1029/112 684/1031/113
f 675/1021/7 683/1020/110 682/1032/114
f 673/1024/8 681/1023/111 680/1033/115
f 671/1034/9 679/1231/35 678/1035/116
f 678/1036/116 686/1050/126 685/1037/117
f 684/1031/113 677/1038/112 685/1037/117
f 682/1032/114 683/1020/110 690/1040/36
f 680/1042/115 681/1045/111 688/1043/120
f 683/1020/110 684/1031/113 691/1039/118
f 682/1032/114 689/1041/119 688/1043/120
f 690/1040/36 691/1039/118 698/1046/122
f 688/1043/120 689/1041/119 696/1048/124
f 686/1050/126 693/1054/129 692/1051/127
f 685/1037/117 692/1051/127 698/1046/122
f 690/1040/36 697/1047/123 696/1048/124
f 688/1043/120 695/1049/125 694/1052/128
f 679/1056/35 694/1066/128 702/1057/90
f 692/1059/127 700/1069/10 706/1060/98
f 679/1061/35 699/1232/1 701/1062/15
f 697/1047/123 705/1067/2 704/1064/26
f 695/1065/125 703/1068/8 702/1057/90
f 698/1046/122 706/1060/98 705/1067/2
f 695/1065/125 696/1048/124 704/1064/26
f 692/1059/127 693/1063/129 701/1062/15
f 714/1070/6 722/1082/113 721/1071/110
f 712/1073/4 720/1083/114 719/1074/111
f 710/1076/3 718/1084/115 717/1077/35
f 708/1079/5 716/1086/116 715/1080/112
f 707/1081/10 715/1080/112 722/1082/113
f 713/1072/7 721/1071/110 720/1083/114
f 711/1075/8 719/1074/111 718/1084/115
f 709/1085/9 717/1233/35 716/1086/116
f 715/1087/112 716/1103/116 724/1088/130
f 715/1087/112 723/1089/117 729/1090/118
f 720/1083/114 721/1071/110 728/1091/36
f 719/1093/111 726/1096/120 725/1094/121
f 721/1071/110 722/1082/113 729/1090/118
f 720/1083/114 727/1092/131 726/1096/120
f 729/1090/118 736/1100/122 735/1097/123
f 727/1092/131 734/1101/124 733/1098/125
f 724/1088/130 731/1105/129 730/1099/127
f 723/1089/117 730/1099/127 736/1100/122
f 728/1091/36 735/1097/123 734/1101/124
f 725/1094/121 726/1096/120 733/1098/125
f 732/1107/128 740/1118/90 737/1108/1
f 736/1100/122 730/1120/127 738/1110/10
f 731/1112/129 717/1234/35 737/1113/1
f 734/1101/124 735/1097/123 743/1115/2
f 732/1107/128 733/1119/125 741/1117/8
f 735/1097/123 736/1100/122 744/1111/98
f 734/1101/124 742/1116/26 741/1117/8
f 731/1112/129 739/1114/15 738/1110/10
f 760/1121/3 768/1133/135 767/1122/132
f 758/1124/5 766/1134/136 765/1125/133
f 756/1127/6 764/1135/137 763/1128/37
f 754/1130/4 762/1137/138 761/1131/134
f 753/1132/8 761/1131/134 768/1133/135
f 759/1123/9 767/1122/132 766/1134/136
f 757/1126/10 765/1125/133 764/1135/137
f 755/1136/7 763/1235/37 762/1137/138
f 762/1138/138 770/1156/151 769/1139/139
f 768/1133/135 761/1140/134 769/1139/139
f 766/1134/136 767/1122/132 774/1142/38
f 764/1144/137 765/1147/133 772/1145/142
f 767/1122/132 768/1133/135 775/1141/140
f 766/1134/136 773/1143/141 772/1145/142
f 775/1141/140 782/1153/149 781/1148/144
f 772/1145/142 773/1143/141 780/1149/145
f 769/1139/139 770/1156/151 777/1151/147
f 769/1139/139 776/1152/148 782/1153/149
f 774/1142/38 781/1148/144 780/1149/145
f 772/1145/142 779/1150/146 778/1154/150
f 763/1158/37 778/1169/150 786/1159/15
f 776/1161/148 784/1171/8 790/1162/26
f 763/1163/37 783/1236/1 785/1164/90
f 780/1149/145 781/1148/144 789/1166/2
f 779/1168/146 787/1170/10 786/1159/15
f 781/1148/144 782/1153/149 790/1162/26
f 780/1149/145 788/1167/98 787/1170/10
f 776/1161/148 777/1165/147 785/1164/90
f 798/1172/3 806/1184/135 805/1173/132
f 796/1175/5 804/1185/136 803/1176/133
f 794/1178/6 802/1186/137 801/1179/37
f 792/1181/4 800/1188/138 799/1182/134
f 791/1183/8 799/1182/134 806/1184/135
f 797/1174/9 805/1173/132 804/1185/136
f 795/1177/10 803/1176/133 802/1186/137
f 793/1187/7 801/1237/37 800/1188/138
f 799/1189/134 800/1205/138 808/1190/152
f 799/1189/134 807/1191/153 813/1192/140
f 805/1173/132 812/1197/38 811/1193/141
f 803/1194/133 810/1198/142 809/1195/143
f 805/1173/132 806/1184/135 813/1192/140
f 804/1185/136 811/1193/141 810/1198/142
f 813/1192/140 820/1202/149 819/1199/144
f 811/1193/141 818/1203/145 817/1200/146
f 808/1190/152 815/1207/147 814/1201/148
f 807/1191/153 814/1201/148 820/1202/149
f 812/1197/38 819/1199/144 818/1203/145
f 809/1195/143 810/1198/142 817/1200/146
f 816/1209/150 824/1219/15 821/1210/1
f 820/1202/149 814/1222/148 822/1212/8
f 815/1214/147 801/1238/37 821/1215/1
f 819/1199/144 827/1220/2 826/1217/98
f 816/1209/150 817/1221/146 825/1218/10
f 820/1202/149 828/1213/26 827/1220/2
f 818/1203/145 826/1217/98 825/1218/10
f 815/1214/147 823/1216/90 822/1212/8
