mtllib acidizer.mtl
usemtl material
v 0.000000 6.250000 -0.250000
v -0.176777 6.250000 -0.176777
v -0.250000 6.250000 0.000000
v -0.176777 6.250000 0.176777
v 0.000000 6.250000 0.250000
v 0.176777 6.250000 0.176777
v 0.250000 6.250000 0.000000
v 0.176777 6.250000 -0.176777
v 0.000000 6.625000 -0.250000
v -0.176777 6.625000 -0.176777
v -0.250000 6.625000 0.000000
v -0.176777 6.625000 0.176777
v 0.000000 6.625000 0.250000
v 0.176777 6.625000 0.176777
v 0.250000 6.625000 0.000000
v 0.176777 6.625000 -0.176777
v -0.062500 6.250000 0.562500
v 0.062500 6.250000 0.562500
v -0.062500 6.250000 -0.562500
v 0.062500 6.250000 -0.562500
v -0.062500 6.500000 -0.562500
v -0.062500 6.500000 0.562500
v 0.062500 6.500000 0.562500
v 0.062500 6.500000 -0.562500
v 0.000000 1.875000 -0.500000
v -0.353553 1.875000 -0.353553
v -0.500000 1.875000 0.000000
v -0.353553 1.875000 0.353553
v 0.000000 1.875000 0.500000
v 0.353553 1.875000 0.353553
v 0.500000 1.875000 0.000000
v 0.353553 1.875000 -0.353553
v 0.000000 5.125000 -0.500000
v -0.353553 5.125000 -0.353553
v -0.500000 5.125000 0.000000
v -0.353553 5.125000 0.353553
v 0.000000 5.125000 0.500000
v 0.353553 5.125000 0.353553
v 0.500000 5.125000 0.000000
v 0.353553 5.125000 -0.353553
v -0.062500 1.875000 0.750000
v 0.062500 1.875000 0.750000
v -0.062500 1.875000 -0.750000
v 0.062500 1.875000 -0.750000
v -0.062500 5.125000 0.750000
v 0.062500 5.125000 0.750000
v -0.062500 5.125000 -0.750000
v 0.062500 5.125000 -0.750000
v -1.500000 0.000000 1.500000
v 1.500000 0.000000 1.500000
v -1.500000 0.000000 -1.500000
v 1.500000 0.000000 -1.500000
v -1.500000 1.000000 1.500000
v 1.500000 1.000000 1.500000
v -1.500000 1.000000 -1.500000
v 1.500000 1.000000 -1.500000
v -1.250000 1.000000 0.500000
v 1.250000 1.000000 0.500000
v -1.250000 1.000000 -0.500000
v 1.250000 1.000000 -0.500000
v 0.500000 1.000000 1.250000
v 0.500000 1.000000 -1.250000
v -0.500000 1.000000 1.250000
v -0.500000 1.000000 -1.250000
v -1.250000 1.875000 0.500000
v 1.250000 1.875000 0.500000
v -1.250000 1.875000 -0.500000
v 1.250000 1.875000 -0.500000
v 0.500000 1.875000 1.250000
v 0.500000 1.875000 -1.250000
v -0.500000 1.875000 1.250000
v -0.500000 1.875000 -1.250000
v -1.312500 1.875000 0.500000
v 1.312500 1.875000 0.500000
v -1.312500 1.875000 -0.500000
v 1.312500 1.875000 -0.500000
v 0.500000 1.875000 1.312500
v 0.500000 1.875000 -1.312500
v -0.500000 1.875000 1.312500
v -0.500000 1.875000 -1.312500
v -1.312500 2.125000 0.500000
v 1.312500 2.125000 0.500000
v -1.312500 2.125000 -0.500000
v 1.312500 2.125000 -0.500000
v 0.500000 2.125000 1.312500
v 0.500000 2.125000 -1.312500
v -0.500000 2.125000 1.312500
v -0.500000 2.125000 -1.312500
v -1.250000 2.125000 0.500000
v 1.250000 2.125000 0.500000
v -1.250000 2.125000 -0.500000
v 1.250000 2.125000 -0.500000
v 0.500000 2.125000 1.250000
v 0.500000 2.125000 -1.250000
v -0.500000 2.125000 1.250000
v -0.500000 2.125000 -1.250000
v -1.250000 6.000000 0.500000
v 1.250000 6.000000 0.500000
v -1.250000 6.000000 -0.500000
v 1.250000 6.000000 -0.500000
v 0.500000 6.000000 1.250000
v 0.500000 6.000000 -1.250000
v -0.500000 6.000000 1.250000
v -0.500000 6.000000 -1.250000
v -1.250000 4.875000 0.500000
v 1.250000 4.875000 0.500000
v -1.250000 4.875000 -0.500000
v 1.250000 4.875000 -0.500000
v 0.500000 4.875000 1.250000
v 0.500000 4.875000 -1.250000
v -0.500000 4.875000 1.250000
v -0.500000 4.875000 -1.250000
v -1.312500 4.875000 0.500000
v 1.312500 4.875000 0.500000
v -1.312500 4.875000 -0.500000
v 1.312500 4.875000 -0.500000
v 0.500000 4.875000 1.312500
v 0.500000 4.875000 -1.312500
v -0.500000 4.875000 1.312500
v -0.500000 4.875000 -1.312500
v -1.312500 5.125000 0.500000
v 1.312500 5.125000 0.500000
v -1.312500 5.125000 -0.500000
v 1.312500 5.125000 -0.500000
v 0.500000 5.125000 1.312500
v 0.500000 5.125000 -1.312500
v -0.500000 5.125000 1.312500
v -0.500000 5.125000 -1.312500
v -1.250000 5.125000 0.500000
v 1.250000 5.125000 0.500000
v -1.250000 5.125000 -0.500000
v 1.250000 5.125000 -0.500000
v 0.500000 5.125000 1.250000
v 0.500000 5.125000 -1.250000
v -0.500000 5.125000 1.250000
v -0.500000 5.125000 -1.250000
v -0.312500 6.000000 0.750000
v 0.312500 6.000000 0.750000
v -0.312500 6.000000 -0.750000
v 0.312500 6.000000 -0.750000
v 0.750000 6.000000 0.312500
v 0.750000 6.000000 -0.312500
v -0.750000 6.000000 0.312500
v -0.750000 6.000000 -0.312500
v -0.312500 6.500000 0.750000
v 0.312500 6.500000 0.750000
v 0.312500 6.500000 -0.750000
v -0.312500 6.500000 -0.750000
v 0.750000 6.500000 0.312500
v 0.750000 6.500000 -0.312500
v -0.750000 6.500000 -0.312500
v -0.750000 6.500000 0.312500
v -0.250000 6.500000 0.625000
v 0.250000 6.500000 0.625000
v -0.250000 6.500000 -0.625000
v 0.250000 6.500000 -0.625000
v 0.625000 6.500000 0.250000
v 0.625000 6.500000 -0.250000
v -0.625000 6.500000 0.250000
v -0.625000 6.500000 -0.250000
v -0.250000 6.250000 0.625000
v 0.250000 6.250000 0.625000
v 0.250000 6.250000 -0.625000
v -0.250000 6.250000 -0.625000
v 0.625000 6.250000 0.250000
v 0.625000 6.250000 -0.250000
v -0.625000 6.250000 -0.250000
v -0.625000 6.250000 0.250000
v -0.375000 2.375000 1.250000
v 0.375000 2.375000 1.250000
v -0.375000 4.625000 1.250000
v 0.375000 4.625000 1.250000
v 0.375000 2.375000 -1.250000
v -0.375000 2.375000 -1.250000
v 0.375000 4.625000 -1.250000
v -0.375000 4.625000 -1.250000
v 1.250000 2.375000 0.375000
v 1.250000 2.375000 -0.375000
v 1.250000 4.625000 0.375000
v 1.250000 4.625000 -0.375000
v -1.250000 2.375000 -0.375000
v -1.250000 2.375000 0.375000
v -1.250000 4.625000 -0.375000
v -1.250000 4.625000 0.375000
v -0.375000 2.375000 0.937500
v 0.375000 2.375000 0.937500
v -0.375000 2.375000 -0.937500
v 0.375000 2.375000 -0.937500
v -0.375000 4.625000 0.937500
v 0.375000 4.625000 0.937500
v -0.375000 4.625000 -0.937500
v 0.375000 4.625000 -0.937500
v -0.937500 2.375000 -0.375000
v -0.937500 2.375000 0.375000
v -0.937500 4.625000 -0.375000
v -0.937500 4.625000 0.375000
v 0.937500 2.375000 0.375000
v 0.937500 2.375000 -0.375000
v 0.937500 4.625000 0.375000
v 0.937500 4.625000 -0.375000
v -0.375000 1.875000 0.937500
v 0.375000 1.875000 0.937500
v -0.375000 1.875000 -0.937500
v 0.375000 1.875000 -0.937500
v -0.937500 1.875000 -0.375000
v -0.937500 1.875000 0.375000
v 0.937500 1.875000 0.375000
v 0.937500 1.875000 -0.375000
v -0.375000 5.125000 0.937500
v 0.375000 5.125000 0.937500
v -0.375000 5.125000 -0.937500
v 0.375000 5.125000 -0.937500
v -0.937500 5.125000 -0.375000
v -0.937500 5.125000 0.375000
v 0.937500 5.125000 0.375000
v 0.937500 5.125000 -0.375000
v 1.281631 1.000000 0.839689
v 1.193243 1.000000 0.803078
v 1.104854 1.000000 0.839689
v 1.068243 1.000000 0.928078
v 1.104854 1.000000 1.016466
v 1.193243 1.000000 1.053077
v 1.281631 1.000000 1.016466
v 1.318243 1.000000 0.928078
v 1.281631 6.000000 0.839689
v 1.193243 6.000000 0.803078
v 1.104854 6.000000 0.839689
v 1.068243 6.000000 0.928078
v 1.104854 6.000000 1.016466
v 1.193243 6.000000 1.053077
v 1.281631 6.000000 1.016466
v 1.318243 6.000000 0.928078
v 1.255743 6.088388 0.813801
v 1.185660 6.025888 0.795495
v 1.060660 6.025888 0.920495
v 1.078966 6.088388 0.990578
v 1.149049 6.150888 1.008883
v 1.229854 6.176776 0.964689
v 1.274049 6.150888 0.883883
v 1.193243 6.125000 0.751301
v 1.167354 6.036611 0.777189
v 1.042355 6.036611 0.902189
v 1.016466 6.125000 0.928078
v 1.042355 6.213388 0.902189
v 1.104854 6.250000 0.839689
v 1.167354 6.213388 0.777189
v 0.662913 6.000000 0.397748
v 0.751301 6.125000 0.309359
v 0.725412 6.036611 0.335248
v 0.600413 6.036611 0.460248
v 0.574524 6.125000 0.486136
v 0.600413 6.213388 0.460248
v 0.662912 6.250000 0.397748
v 0.725412 6.213388 0.335248
v 1.016466 1.000000 1.104855
v 0.928078 1.000000 1.068243
v 0.839689 1.000000 1.104855
v 0.803078 1.000000 1.193243
v 0.839689 1.000000 1.281631
v 0.928078 1.000000 1.318243
v 1.016466 1.000000 1.281631
v 1.053078 1.000000 1.193243
v 1.016466 6.000000 1.104855
v 0.928078 6.000000 1.068243
v 0.839689 6.000000 1.104855
v 0.803078 6.000000 1.193243
v 0.839689 6.000000 1.281631
v 0.928078 6.000000 1.318243
v 1.016466 6.000000 1.281631
v 1.053078 6.000000 1.193243
v 0.990578 6.088388 1.078966
v 0.920495 6.025888 1.060660
v 0.795495 6.025888 1.185660
v 0.813801 6.088388 1.255743
v 0.883884 6.150888 1.274049
v 0.964689 6.176776 1.229855
v 1.008883 6.150888 1.149049
v 0.928078 6.125000 1.016466
v 0.902189 6.036611 1.042354
v 0.777189 6.036611 1.167354
v 0.751301 6.125000 1.193243
v 0.777189 6.213388 1.167354
v 0.839689 6.250000 1.104854
v 0.902189 6.213388 1.042354
v 0.397748 6.000000 0.662912
v 0.486136 6.125000 0.574524
v 0.460248 6.036611 0.600412
v 0.335248 6.036611 0.725412
v 0.309359 6.125000 0.751301
v 0.335248 6.213388 0.725412
v 0.397748 6.250000 0.662912
v 0.460248 6.213388 0.600412
v 1.125000 1.000000 0.750000
v 0.937500 1.000000 0.800241
v 0.800241 1.000000 0.937500
v 0.750000 1.000000 1.125000
v 0.800241 1.000000 1.312500
v 0.937500 1.000000 1.449759
v 1.125000 1.000000 1.500000
v 1.312500 1.000000 1.449759
v 1.449759 1.000000 1.312500
v 1.500000 1.000000 1.125000
v 1.449760 1.000000 0.937500
v 1.312500 1.000000 0.800241
v 1.125000 2.375000 0.750000
v 0.937500 2.375000 0.800241
v 0.800241 2.375000 0.937500
v 0.750000 2.375000 1.125000
v 0.800241 2.375000 1.312500
v 0.937500 2.375000 1.449759
v 1.125000 2.375000 1.500000
v 1.312500 2.375000 1.449759
v 1.449759 2.375000 1.312500
v 1.500000 2.375000 1.125000
v 1.449760 2.375000 0.937500
v 1.312500 2.375000 0.800241
v 1.125000 2.699759 0.937500
v 1.125000 2.562500 0.800241
v 1.218750 2.699759 0.962620
v 1.287380 2.562500 0.843750
v 1.125000 2.750000 1.125000
v 1.287380 2.699759 1.031250
v 1.406250 2.562500 0.962620
v 1.312500 2.699759 1.125000
v 1.449759 2.562500 1.125000
v 1.287380 2.699759 1.218750
v 1.406250 2.562500 1.287380
v 1.218750 2.699759 1.287380
v 1.287380 2.562500 1.406250
v 1.125000 2.699759 1.312500
v 1.125000 2.562500 1.449759
v 1.031250 2.699759 1.287380
v 0.962620 2.562500 1.406250
v 0.962620 2.699759 1.218750
v 0.843750 2.562500 1.287380
v 0.937500 2.699759 1.125000
v 0.800241 2.562500 1.125000
v 0.962620 2.699759 1.031250
v 0.843750 2.562500 0.962620
v 1.031250 2.699759 0.962620
v 0.962620 2.562500 0.843750
v 1.458408 4.375000 0.928078
v 0.928078 4.375000 1.458407
v 1.458408 3.625000 0.928078
v 0.928078 3.625000 1.458407
v 1.104854 4.375000 0.574524
v 0.574524 4.375000 1.104854
v 1.104854 3.625000 0.574524
v 0.574524 3.625000 1.104854
v -1.125000 2.375000 -0.375000
v -1.125000 2.375000 0.375000
v -1.125000 4.625000 -0.375000
v -1.125000 4.625000 0.375000
v 1.125000 2.375000 0.375000
v 1.125000 2.375000 -0.375000
v 1.125000 4.625000 0.375000
v 1.125000 4.625000 -0.375000
v -0.375000 2.375000 1.125000
v 0.375000 2.375000 1.125000
v -0.375000 4.624999 1.125000
v 0.375000 4.624999 1.125000
v 0.375000 2.375000 -1.125000
v -0.375000 2.375000 -1.125000
v 0.375000 4.624999 -1.125000
v -0.375000 4.624999 -1.125000
v 0.312500 1.000000 1.500000
v 0.437500 1.000000 1.500000
v 0.312500 1.000000 1.375000
v 0.437500 1.000000 1.375000
v 0.312500 6.125000 1.375000
v 0.312500 6.125000 1.500000
v 0.437500 6.125000 1.500000
v 0.437500 6.125000 1.375000
v 0.312500 6.250000 1.375000
v 0.437500 6.250000 1.375000
v 0.437500 6.125000 1.000000
v 0.312500 6.125000 1.000000
v 0.437500 6.250000 1.000000
v 0.312500 6.250000 1.000000
v 0.437500 6.125000 0.875000
v 0.312500 6.125000 0.875000
v 0.437500 6.000000 1.000000
v 0.312500 6.000000 1.000000
v 0.437500 6.000000 0.875000
v 0.312500 6.000000 0.875000
v -0.312500 1.312500 1.468750
v 0.312500 1.312500 1.468750
v -0.312500 1.312500 1.406250
v 0.312500 1.312500 1.406250
v -0.312500 1.437500 1.406250
v -0.312500 1.437500 1.468750
v 0.312500 1.437500 1.468750
v 0.312500 1.437500 1.406250
v -0.437500 1.000000 1.500000
v -0.312500 1.000000 1.500000
v -0.437500 1.000000 1.375000
v -0.312500 1.000000 1.375000
v -0.437500 6.125000 1.375000
v -0.437500 6.125000 1.500000
v -0.312500 6.125000 1.500000
v -0.312500 6.125000 1.375000
v -0.437500 6.250000 1.375000
v -0.312500 6.250000 1.375000
v -0.312500 6.125000 1.000000
v -0.437500 6.125000 1.000000
v -0.312500 6.250000 1.000000
v -0.437500 6.250000 1.000000
v -0.312500 6.125000 0.875000
v -0.437500 6.125000 0.875000
v -0.312500 6.000000 1.000000
v -0.437500 6.000000 1.000000
v -0.312500 6.000000 0.875000
v -0.437500 6.000000 0.875000
v -0.312500 1.812500 1.468750
v 0.312500 1.812500 1.468750
v -0.312500 1.812500 1.406250
v 0.312500 1.812500 1.406250
v -0.312500 1.937500 1.406250
v -0.312500 1.937500 1.468750
v 0.312500 1.937500 1.468750
v 0.312500 1.937500 1.406250
v -0.312500 2.312500 1.468750
v 0.312500 2.312500 1.468750
v -0.312500 2.312500 1.406250
v 0.312500 2.312500 1.406250
v -0.312500 2.437500 1.406250
v -0.312500 2.437500 1.468750
v 0.312500 2.437500 1.468750
v 0.312500 2.437500 1.406250
v -0.312500 2.812500 1.468750
v 0.312500 2.812500 1.468750
v -0.312500 2.812500 1.406250
v 0.312500 2.812500 1.406250
v -0.312500 2.937500 1.406250
v -0.312500 2.937500 1.468750
v 0.312500 2.937500 1.468750
v 0.312500 2.937500 1.406250
v -0.312500 3.312500 1.468750
v 0.312500 3.312500 1.468750
v -0.312500 3.312500 1.406250
v 0.312500 3.312500 1.406250
v -0.312500 3.437500 1.406250
v -0.312500 3.437500 1.468750
v 0.312500 3.437500 1.468750
v 0.312500 3.437500 1.406250
v -0.312500 3.812500 1.468750
v 0.312500 3.812500 1.468750
v -0.312500 3.812500 1.406250
v 0.312500 3.812500 1.406250
v -0.312500 3.937500 1.406250
v -0.312500 3.937500 1.468750
v 0.312500 3.937500 1.468750
v 0.312500 3.937500 1.406250
v -0.312500 4.312500 1.468750
v 0.312500 4.312500 1.468750
v -0.312500 4.312500 1.406250
v 0.312500 4.312500 1.406250
v -0.312500 4.437500 1.406250
v -0.312500 4.437500 1.468750
v 0.312500 4.437500 1.468750
v 0.312500 4.437500 1.406250
v -0.312500 4.812500 1.468750
v 0.312500 4.812500 1.468750
v -0.312500 4.812500 1.406250
v 0.312500 4.812500 1.406250
v -0.312500 4.937500 1.406250
v -0.312500 4.937500 1.468750
v 0.312500 4.937500 1.468750
v 0.312500 4.937500 1.406250
v -0.312500 5.312500 1.468750
v 0.312500 5.312500 1.468750
v -0.312500 5.312500 1.406250
v 0.312500 5.312500 1.406250
v -0.312500 5.437500 1.406250
v -0.312500 5.437500 1.468750
v 0.312500 5.437500 1.468750
v 0.312500 5.437500 1.406250
v -0.312500 5.812500 1.468750
v 0.312500 5.812500 1.468750
v -0.312500 5.812500 1.406250
v 0.312500 5.812500 1.406250
v -0.312500 5.937500 1.406250
v -0.312500 5.937500 1.468750
v 0.312500 5.937500 1.468750
v 0.312500 5.937500 1.406250
v 1.125000 1.000000 -1.500000
v 0.937500 1.000000 -1.449759
v 0.800241 1.000000 -1.312500
v 0.750000 1.000000 -1.125000
v 0.800241 1.000000 -0.937500
v 0.937500 1.000000 -0.800241
v 1.125000 1.000000 -0.750000
v 1.312500 1.000000 -0.800241
v 1.449759 1.000000 -0.937500
v 1.500000 1.000000 -1.125000
v 1.449760 1.000000 -1.312500
v 1.312500 1.000000 -1.449759
v 1.125000 2.375000 -1.500000
v 0.937500 2.375000 -1.449759
v 0.800241 2.375000 -1.312500
v 0.750000 2.375000 -1.125000
v 0.800241 2.375000 -0.937500
v 0.937500 2.375000 -0.800241
v 1.125000 2.375000 -0.750000
v 1.312500 2.375000 -0.800241
v 1.449759 2.375000 -0.937500
v 1.500000 2.375000 -1.125000
v 1.449760 2.375000 -1.312500
v 1.312500 2.375000 -1.449759
v 1.125000 2.699759 -1.312500
v 1.125000 2.562500 -1.449759
v 1.218750 2.699759 -1.287380
v 1.287380 2.562500 -1.406250
v 1.125000 2.750000 -1.125000
v 1.287380 2.699759 -1.218750
v 1.406250 2.562500 -1.287380
v 1.312500 2.699759 -1.125000
v 1.449759 2.562500 -1.125000
v 1.287380 2.699759 -1.031250
v 1.406250 2.562500 -0.962620
v 1.218750 2.699759 -0.962620
v 1.287380 2.562500 -0.843750
v 1.125000 2.699759 -0.937500
v 1.125000 2.562500 -0.800241
v 1.031250 2.699759 -0.962620
v 0.962620 2.562500 -0.843750
v 0.962620 2.699759 -1.031250
v 0.843750 2.562500 -0.962620
v 0.937500 2.699759 -1.125000
v 0.800241 2.562500 -1.125000
v 0.962620 2.699759 -1.218750
v 0.843750 2.562500 -1.287380
v 1.031250 2.699759 -1.287380
v 0.962620 2.562500 -1.406250
v -1.125000 1.000000 0.750000
v -1.312500 1.000000 0.800241
v -1.449759 1.000000 0.937500
v -1.500000 1.000000 1.125000
v -1.449759 1.000000 1.312500
v -1.312500 1.000000 1.449759
v -1.125000 1.000000 1.500000
v -0.937500 1.000000 1.449759
v -0.800241 1.000000 1.312500
v -0.750000 1.000000 1.125000
v -0.800240 1.000000 0.937500
v -0.937500 1.000000 0.800241
v -1.125000 2.375000 0.750000
v -1.312500 2.375000 0.800241
v -1.449759 2.375000 0.937500
v -1.500000 2.375000 1.125000
v -1.449759 2.375000 1.312500
v -1.312500 2.375000 1.449759
v -1.125000 2.375000 1.500000
v -0.937500 2.375000 1.449759
v -0.800241 2.375000 1.312500
v -0.750000 2.375000 1.125000
v -0.800240 2.375000 0.937500
v -0.937500 2.375000 0.800241
v -1.125000 2.699759 0.937500
v -1.125000 2.562500 0.800241
v -1.031250 2.699759 0.962620
v -0.962620 2.562500 0.843750
v -1.125000 2.750000 1.125000
v -0.962620 2.699759 1.031250
v -0.843750 2.562500 0.962620
v -0.937500 2.699759 1.125000
v -0.800241 2.562500 1.125000
v -0.962620 2.699759 1.218750
v -0.843750 2.562500 1.287380
v -1.031250 2.699759 1.287380
v -0.962620 2.562500 1.406250
v -1.125000 2.699759 1.312500
v -1.125000 2.562500 1.449759
v -1.218750 2.699759 1.287380
v -1.287380 2.562500 1.406250
v -1.287380 2.699759 1.218750
v -1.406250 2.562500 1.287380
v -1.312500 2.699759 1.125000
v -1.449759 2.562500 1.125000
v -1.287380 2.699759 1.031250
v -1.406250 2.562500 0.962620
v -1.218750 2.699759 0.962620
v -1.287380 2.562500 0.843750
v -1.125000 1.000000 -1.500000
v -1.312500 1.000000 -1.449759
v -1.449759 1.000000 -1.312500
v -1.500000 1.000000 -1.125000
v -1.449759 1.000000 -0.937500
v -1.312500 1.000000 -0.800241
v -1.125000 1.000000 -0.750000
v -0.937500 1.000000 -0.800241
v -0.800241 1.000000 -0.937500
v -0.750000 1.000000 -1.125000
v -0.800240 1.000000 -1.312500
v -0.937500 1.000000 -1.449759
v -1.125000 2.375000 -1.500000
v -1.312500 2.375000 -1.449759
v -1.449759 2.375000 -1.312500
v -1.500000 2.375000 -1.125000
v -1.449759 2.375000 -0.937500
v -1.312500 2.375000 -0.800241
v -1.125000 2.375000 -0.750000
v -0.937500 2.375000 -0.800241
v -0.800241 2.375000 -0.937500
v -0.750000 2.375000 -1.125000
v -0.800240 2.375000 -1.312500
v -0.937500 2.375000 -1.449759
v -1.125000 2.699759 -1.312500
v -1.125000 2.562500 -1.449759
v -1.031250 2.699759 -1.287380
v -0.962620 2.562500 -1.406250
v -1.125000 2.750000 -1.125000
v -0.962620 2.699759 -1.218750
v -0.843750 2.562500 -1.287380
v -0.937500 2.699759 -1.125000
v -0.800241 2.562500 -1.125000
v -0.962620 2.699759 -1.031250
v -0.843750 2.562500 -0.962620
v -1.031250 2.699759 -0.962620
v -0.962620 2.562500 -0.843750
v -1.125000 2.699759 -0.937500
v -1.125000 2.562500 -0.800241
v -1.218750 2.699759 -0.962620
v -1.287380 2.562500 -0.843750
v -1.287380 2.699759 -1.031250
v -1.406250 2.562500 -0.962620
v -1.312500 2.699759 -1.125000
v -1.449759 2.562500 -1.125000
v -1.287380 2.699759 -1.218750
v -1.406250 2.562500 -1.287380
v -1.218750 2.699759 -1.287380
v -1.287380 2.562500 -1.406250
v -1.281631 1.000000 -0.839689
v -1.193243 1.000000 -0.803078
v -1.104854 1.000000 -0.839689
v -1.068243 1.000000 -0.928078
v -1.104854 1.000000 -1.016466
v -1.193243 1.000000 -1.053077
v -1.281631 1.000000 -1.016466
v -1.318243 1.000000 -0.928078
v -1.281631 6.000000 -0.839689
v -1.193243 6.000000 -0.803078
v -1.104854 6.000000 -0.839689
v -1.068243 6.000000 -0.928078
v -1.104854 6.000000 -1.016466
v -1.193243 6.000000 -1.053077
v -1.281631 6.000000 -1.016466
v -1.318243 6.000000 -0.928078
v -1.255743 6.088388 -0.813801
v -1.185660 6.025888 -0.795495
v -1.060660 6.025888 -0.920495
v -1.078966 6.088388 -0.990578
v -1.149049 6.150888 -1.008883
v -1.229854 6.176776 -0.964689
v -1.274049 6.150888 -0.883883
v -1.193243 6.125000 -0.751301
v -1.167355 6.036611 -0.777189
v -1.042355 6.036611 -0.902189
v -1.016466 6.125000 -0.928078
v -1.042355 6.213388 -0.902189
v -1.104855 6.250000 -0.839689
v -1.167355 6.213388 -0.777189
v -0.662913 6.000000 -0.397747
v -0.751301 6.125000 -0.309359
v -0.725412 6.036611 -0.335247
v -0.600413 6.036611 -0.460247
v -0.574524 6.125000 -0.486136
v -0.600413 6.213388 -0.460247
v -0.662912 6.250000 -0.397747
v -0.725412 6.213388 -0.335247
v -1.016466 1.000000 -1.104855
v -0.928078 1.000000 -1.068243
v -0.839690 1.000000 -1.104855
v -0.803078 1.000000 -1.193243
v -0.839690 1.000000 -1.281631
v -0.928078 1.000000 -1.318243
v -1.016466 1.000000 -1.281631
v -1.053078 1.000000 -1.193243
v -1.016466 6.000000 -1.104855
v -0.928078 6.000000 -1.068243
v -0.839690 6.000000 -1.104855
v -0.803078 6.000000 -1.193243
v -0.839690 6.000000 -1.281631
v -0.928078 6.000000 -1.318243
v -1.016466 6.000000 -1.281631
v -1.053078 6.000000 -1.193243
v -0.990578 6.088388 -1.078966
v -0.920495 6.025888 -1.060660
v -0.795495 6.025888 -1.185660
v -0.813801 6.088388 -1.255743
v -0.883884 6.150888 -1.274049
v -0.964690 6.176776 -1.229855
v -1.008883 6.150888 -1.149049
v -0.928078 6.125000 -1.016466
v -0.902189 6.036611 -1.042354
v -0.777189 6.036611 -1.167354
v -0.751301 6.125000 -1.193243
v -0.777189 6.213388 -1.167354
v -0.839689 6.250000 -1.104854
v -0.902189 6.213388 -1.042354
v -0.397748 6.000000 -0.662912
v -0.486136 6.125000 -0.574524
v -0.460248 6.036611 -0.600412
v -0.335248 6.036611 -0.725412
v -0.309359 6.125000 -0.751301
v -0.335248 6.213388 -0.725412
v -0.397748 6.250000 -0.662912
v -0.460248 6.213388 -0.600412
v -1.458408 4.375000 -0.928078
v -0.928078 4.375000 -1.458407
v -1.458408 3.625000 -0.928078
v -0.928078 3.625000 -1.458407
v -1.104854 4.375000 -0.574524
v -0.574524 4.375000 -1.104854
v -1.104854 3.625000 -0.574524
v -0.574524 3.625000 -1.104854
v 0.839689 1.000000 -1.281631
v 0.803078 1.000000 -1.193243
v 0.839689 1.000000 -1.104854
v 0.928078 1.000000 -1.068243
v 1.016466 1.000000 -1.104854
v 1.053077 1.000000 -1.193243
v 1.016466 1.000000 -1.281631
v 0.928078 1.000000 -1.318243
v 0.839689 5.999999 -1.281631
v 0.803078 5.999999 -1.193243
v 0.839689 5.999999 -1.104854
v 0.928078 5.999999 -1.068243
v 1.016466 5.999999 -1.104854
v 1.053077 5.999999 -1.193243
v 1.016466 5.999999 -1.281631
v 0.928078 5.999999 -1.318243
v 0.813801 6.088387 -1.255743
v 0.795495 6.025887 -1.185660
v 0.920495 6.025887 -1.060660
v 0.990578 6.088387 -1.078966
v 1.008883 6.150887 -1.149049
v 0.964689 6.176776 -1.229854
v 0.883883 6.150887 -1.274049
v 0.751301 6.124999 -1.193243
v 0.777189 6.036611 -1.167354
v 0.902189 6.036611 -1.042355
v 0.928078 6.124999 -1.016466
v 0.902189 6.213387 -1.042355
v 0.839689 6.249999 -1.104854
v 0.777189 6.213387 -1.167354
v 0.397747 5.999999 -0.662913
v 0.309359 6.124999 -0.751301
v 0.335247 6.036611 -0.725412
v 0.460247 6.036611 -0.600413
v 0.486136 6.124999 -0.574524
v 0.460247 6.213387 -0.600413
v 0.397747 6.249999 -0.662912
v 0.335247 6.213387 -0.725412
v 1.104855 1.000000 -1.016466
v 1.068243 1.000000 -0.928078
v 1.104855 1.000000 -0.839689
v 1.193243 1.000000 -0.803078
v 1.281631 1.000000 -0.839689
v 1.318243 1.000000 -0.928078
v 1.281631 1.000000 -1.016466
v 1.193243 1.000000 -1.053078
v 1.104855 5.999999 -1.016466
v 1.068243 5.999999 -0.928078
v 1.104855 5.999999 -0.839689
v 1.193243 5.999999 -0.803078
v 1.281631 5.999999 -0.839689
v 1.318243 5.999999 -0.928078
v 1.281631 5.999999 -1.016466
v 1.193243 5.999999 -1.053078
v 1.078966 6.088387 -0.990578
v 1.060660 6.025887 -0.920495
v 1.185660 6.025887 -0.795495
v 1.255743 6.088387 -0.813801
v 1.274049 6.150887 -0.883884
v 1.229855 6.176776 -0.964689
v 1.149049 6.150887 -1.008883
v 1.016466 6.124999 -0.928078
v 1.042354 6.036611 -0.902189
v 1.167354 6.036611 -0.777189
v 1.193243 6.124999 -0.751301
v 1.167354 6.213387 -0.777189
v 1.104854 6.249999 -0.839689
v 1.042354 6.213387 -0.902189
v 0.662912 5.999999 -0.397748
v 0.574524 6.124999 -0.486136
v 0.600412 6.036611 -0.460248
v 0.725412 6.036611 -0.335248
v 0.751301 6.124999 -0.309359
v 0.725412 6.213387 -0.335248
v 0.662912 6.249999 -0.397748
v 0.600412 6.213387 -0.460248
v 0.928078 4.375000 -1.458408
v 1.458407 4.375000 -0.928078
v 0.928078 3.625000 -1.458408
v 1.458407 3.625000 -0.928078
v 0.574524 4.375000 -1.104854
v 1.104854 4.375000 -0.574524
v 0.574524 3.625000 -1.104854
v 1.104854 3.625000 -0.574524
v -0.839689 1.000000 1.281631
v -0.803078 1.000000 1.193243
v -0.839689 1.000000 1.104854
v -0.928078 1.000000 1.068243
v -1.016466 1.000000 1.104854
v -1.053077 1.000000 1.193243
v -1.016466 1.000000 1.281631
v -0.928078 1.000000 1.318243
v -0.839689 5.999999 1.281631
v -0.803078 5.999999 1.193243
v -0.839689 5.999999 1.104854
v -0.928078 5.999999 1.068243
v -1.016466 5.999999 1.104854
v -1.053077 5.999999 1.193243
v -1.016466 5.999999 1.281631
v -0.928078 5.999999 1.318243
v -0.813801 6.088387 1.255743
v -0.795495 6.025887 1.185660
v -0.920495 6.025887 1.060660
v -0.990578 6.088387 1.078966
v -1.008883 6.150887 1.149049
v -0.964689 6.176776 1.229854
v -0.883883 6.150887 1.274048
v -0.751301 6.124999 1.193243
v -0.777189 6.036611 1.167355
v -0.902189 6.036611 1.042355
v -0.928078 6.124999 1.016466
v -0.902189 6.213387 1.042355
v -0.839689 6.249999 1.104855
v -0.777189 6.213387 1.167355
v -0.397747 5.999999 0.662913
v -0.309359 6.124999 0.751301
v -0.335247 6.036611 0.725412
v -0.460247 6.036611 0.600413
v -0.486136 6.124999 0.574524
v -0.460247 6.213387 0.600413
v -0.397747 6.249999 0.662912
v -0.335247 6.213387 0.725412
v -1.104855 1.000000 1.016466
v -1.068243 1.000000 0.928078
v -1.104855 1.000000 0.839690
v -1.193243 1.000000 0.803078
v -1.281631 1.000000 0.839690
v -1.318243 1.000000 0.928078
v -1.281631 1.000000 1.016466
v -1.193243 1.000000 1.053078
v -1.104855 5.999999 1.016466
v -1.068243 5.999999 0.928078
v -1.104855 5.999999 0.839690
v -1.193243 5.999999 0.803078
v -1.281631 5.999999 0.839690
v -1.318243 5.999999 0.928078
v -1.281631 5.999999 1.016466
v -1.193243 5.999999 1.053078
v -1.078966 6.088387 0.990578
v -1.060660 6.025887 0.920496
v -1.185660 6.025887 0.795496
v -1.255743 6.088387 0.813801
v -1.274049 6.150887 0.883884
v -1.229855 6.176776 0.964690
v -1.149049 6.150887 1.008883
v -1.016466 6.124999 0.928078
v -1.042354 6.036611 0.902189
v -1.167354 6.036611 0.777189
v -1.193243 6.124999 0.751301
v -1.167354 6.213387 0.777189
v -1.104854 6.249999 0.839689
v -1.042354 6.213387 0.902189
v -0.662912 5.999999 0.397748
v -0.574524 6.124999 0.486136
v -0.600412 6.036611 0.460248
v -0.725412 6.036611 0.335248
v -0.751301 6.124999 0.309359
v -0.725412 6.213387 0.335248
v -0.662912 6.249999 0.397748
v -0.600412 6.213387 0.460248
v -0.928078 4.375000 1.458408
v -1.458407 4.375000 0.928078
v -0.928078 3.625000 1.458408
v -1.458407 3.625000 0.928078
v -0.574524 4.375000 1.104854
v -1.104854 4.375000 0.574524
v -0.574524 3.625000 1.104854
v -1.104854 3.625000 0.574524
vt 0.485065 0.898876
vt 0.505000 0.876477
vt 0.524935 0.898876
vt 0.480000 0.831461
vt 0.570000 0.842697
vt 0.480000 0.842697
vt 0.570000 0.808989
vt 0.480000 0.808989
vt 0.570000 0.808989
vt 0.480000 0.831461
vt 0.480000 0.808989
vt 0.580000 0.808989
vt 0.570000 0.831461
vt 0.580000 0.808989
vt 0.570000 0.831461
vt 0.610000 0.808989
vt 0.600000 0.516854
vt 0.610000 0.516854
vt 0.610000 0.808989
vt 0.600000 0.516854
vt 0.610000 0.516854
vt 0.600000 0.808989
vt 0.480000 0.516854
vt 0.600000 0.808989
vt 0.480000 0.516854
vt 0.519096 0.914715
vt 0.505000 0.921275
vt 0.490904 0.914715
vt 0.490904 0.883038
vt 0.519096 0.883038
vt 0.580000 0.831461
vt 0.580000 0.831461
vt 0.480000 0.808989
vt 0.480000 0.808989
vt 0.730000 0.887640
vt 0.715000 0.921348
vt 0.715000 0.887640
vt 0.700000 0.887640
vt 0.685000 0.921348
vt 0.685000 0.887640
vt 0.670000 0.887640
vt 0.655000 0.921348
vt 0.655000 0.887640
vt 0.760000 0.887640
vt 0.745000 0.921348
vt 0.745000 0.887640
vt 0.730000 0.921348
vt 0.700000 0.921348
vt 0.670000 0.921348
vt 0.775000 0.887640
vt 0.760000 0.921348
vt 0.640000 0.516854
vt 0.610000 0.808989
vt 0.610000 0.516854
vt 0.850000 0.516854
vt 0.820000 0.808989
vt 0.820000 0.516854
vt 0.790000 0.516854
vt 0.760000 0.808989
vt 0.760000 0.516854
vt 0.730000 0.516854
vt 0.700000 0.808989
vt 0.700000 0.516854
vt 0.670000 0.516854
vt 0.640000 0.808989
vt 0.790000 0.808989
vt 0.730000 0.808989
vt 0.670000 0.808989
vt 0.775000 0.921348
vt 0.850000 0.808989
vt 0.240000 0.089888
vt 0.000000 0.359551
vt 0.000000 0.089888
vt -0.000000 0.089888
vt 0.240000 0.359551
vt -0.000000 0.359551
vt 0.240000 -0.000000
vt 0.000000 0.089888
vt 0.000000 -0.000000
vt 0.240000 0.000000
vt -0.000000 0.000000
vt 0.240000 -0.000000
vt 0.000000 0.089888
vt 0.000000 -0.000000
vt 0.240000 -0.000000
vt 0.000000 0.089888
vt 0.000000 -0.000000
vt 0.720000 0.078652
vt 0.640000 0.000000
vt 0.720000 -0.000000
vt 0.320000 0.078652
vt 0.240000 -0.000000
vt 0.320000 -0.000000
vt 0.560000 -0.000000
vt 0.480000 0.078652
vt 0.480000 0.000000
vt 0.400000 0.078652
vt 0.400000 0.000000
vt 0.880000 -0.000000
vt 0.800000 0.078652
vt 0.800000 0.000000
vt 0.640000 0.078652
vt 0.320000 0.084270
vt 0.880000 0.078652
vt 0.800000 0.084270
vt 0.720000 0.084270
vt 0.400000 0.084270
vt 0.560000 0.084270
vt 0.560000 0.078652
vt 0.240000 0.084270
vt 0.240000 0.078652
vt 0.640000 0.084270
vt 0.480000 0.084270
vt 0.640000 0.106742
vt 0.480000 0.106742
vt 0.320000 0.106742
vt 0.880000 0.084270
vt 0.800000 0.106742
vt 0.720000 0.106742
vt 0.400000 0.106742
vt 0.560000 0.106742
vt 0.240000 0.106742
vt 0.320000 0.112360
vt 0.480000 0.112360
vt 0.640000 0.112360
vt 0.800000 0.112360
vt 0.880000 0.106742
vt 0.400000 0.359551
vt 0.320000 0.365169
vt 0.320000 0.359551
vt 0.880000 0.359551
vt 0.800000 0.365169
vt 0.800000 0.359551
vt 0.720000 0.365169
vt 0.720000 0.359551
vt 0.480000 0.359551
vt 0.400000 0.365169
vt 0.640000 0.359551
vt 0.560000 0.365169
vt 0.560000 0.359551
vt 0.240000 0.365169
vt 0.240000 0.359551
vt 0.640000 0.365169
vt 0.480000 0.365169
vt 0.640000 0.387640
vt 0.480000 0.387640
vt 0.320000 0.387640
vt 0.880000 0.365169
vt 0.800000 0.387640
vt 0.720000 0.387640
vt 0.400000 0.387640
vt 0.560000 0.387640
vt 0.240000 0.387640
vt 0.320000 0.393258
vt 0.480000 0.393258
vt 0.640000 0.393258
vt 0.800000 0.393258
vt 0.880000 0.387640
vt 0.880000 0.471910
vt 0.800000 0.471910
vt 0.240000 0.471910
vt 0.320000 0.471910
vt 0.400000 0.393258
vt 0.400000 0.471910
vt 0.480000 0.471910
vt 0.560000 0.471910
vt 0.640000 0.471910
vt 0.720000 0.393258
vt 0.720000 0.471910
vt 0.410000 0.134831
vt 0.400000 0.112360
vt 0.470000 0.337079
vt 0.560000 0.112360
vt 0.720000 0.112360
vt 0.470000 0.134831
vt 0.880000 0.112360
vt 0.780000 0.808989
vt 0.730000 0.853933
vt 0.730000 0.808989
vt 0.305000 0.516854
vt 0.385000 0.516854
vt 0.335000 0.516854
vt 0.465000 0.516854
vt 0.545000 0.516854
vt 0.625000 0.516854
vt 0.705000 0.516854
vt 0.655000 0.516854
vt 0.785000 0.516854
vt 0.865000 0.516854
vt 0.625000 0.865169
vt 0.580000 0.853933
vt 0.630000 0.853933
vt 0.980000 0.808989
vt 0.930000 0.853933
vt 0.930000 0.808989
vt 0.830000 0.808989
vt 0.780000 0.853933
vt 0.680000 0.853933
vt 0.680000 0.808989
vt 0.880000 0.808989
vt 0.830000 0.853933
vt 0.630000 0.808989
vt 0.580000 0.808989
vt 0.880000 0.853933
vt 0.825000 0.865169
vt 0.925000 0.865169
vt 0.725000 0.865169
vt 0.735000 0.865169
vt 0.835000 0.865169
vt 0.975000 0.865169
vt 0.980000 0.853933
vt 0.675000 0.865169
vt 0.585000 0.887640
vt 0.585000 0.865169
vt 0.625000 1.000000
vt 0.585000 1.000000
vt 0.625000 0.887640
vt 0.785000 0.887640
vt 0.785000 0.865169
vt 0.935000 0.887640
vt 0.935000 0.865169
vt 0.885000 0.887640
vt 0.885000 0.865169
vt 0.775000 0.865169
vt 0.735000 0.887640
vt 0.685000 0.887640
vt 0.685000 0.865169
vt 0.635000 0.887640
vt 0.635000 0.865169
vt 0.875000 0.865169
vt 0.835000 0.887640
vt 0.410000 0.337079
vt 0.120000 0.747191
vt 0.060000 0.775281
vt 0.060000 0.747191
vt 0.570000 0.337079
vt 0.630000 0.337079
vt 0.630000 0.134831
vt 0.730000 0.337079
vt 0.790000 0.337079
vt 0.730000 0.134831
vt 0.240000 0.112360
vt 0.250000 0.337079
vt 0.310000 0.337079
vt 0.310000 0.134831
vt 0.300000 0.573034
vt 0.360000 0.601124
vt 0.300000 0.601124
vt 0.120000 0.601124
vt 0.060000 0.573034
vt 0.120000 0.573034
vt 0.360000 0.747191
vt 0.300000 0.775281
vt 0.300000 0.747191
vt 0.445000 0.337079
vt 0.435000 0.337079
vt 0.765000 0.337079
vt 0.790000 0.134831
vt 0.755000 0.337079
vt 0.420000 0.601124
vt 0.480000 0.573034
vt 0.480000 0.601124
vt 0.285000 0.134831
vt 0.480000 0.747191
vt 0.420000 0.775281
vt 0.420000 0.747191
vt 0.250000 0.134831
vt 0.275000 0.337079
vt 0.570000 0.134831
vt 0.595000 0.337079
vt 0.180000 0.601124
vt 0.240000 0.573034
vt 0.240000 0.601124
vt 0.605000 0.134831
vt 0.240000 0.747191
vt 0.180000 0.775281
vt 0.180000 0.747191
vt 0.240000 0.775281
vt 0.360000 0.573034
vt 0.360000 0.775281
vt 0.000000 0.775281
vt 0.120000 0.775281
vt 0.180000 0.573034
vt 0.240000 0.528090
vt 0.120000 0.528090
vt 0.180000 0.528090
vt 0.420000 0.573034
vt 0.480000 0.528090
vt -0.000000 0.573034
vt 0.060000 0.528090
vt 0.360000 0.528090
vt 0.420000 0.528090
vt 0.300000 0.528090
vt 0.165000 0.477528
vt 0.015000 0.410112
vt 0.180000 0.820225
vt 0.120000 0.820225
vt 0.300000 0.820225
vt 0.480000 0.775281
vt 0.420000 0.820225
vt 0.000000 0.820225
vt 0.360000 0.820225
vt 0.240000 0.820225
vt 0.060000 0.820225
vt 0.165000 0.870786
vt 0.120000 0.988764
vt 0.345000 0.932584
vt 0.385000 0.865169
vt 0.385000 0.932584
vt 0.445000 0.977528
vt 0.445000 0.932584
vt 0.445000 0.865169
vt 0.485000 0.865169
vt 0.445000 0.820225
vt 0.910000 0.741573
vt 0.850000 0.539326
vt 0.910000 0.539326
vt 0.910000 0.741573
vt 0.850000 0.539326
vt 0.910000 0.539326
vt 0.910000 0.741573
vt 0.850000 0.539326
vt 0.910000 0.539326
vt 0.910000 0.741573
vt 0.850000 0.539326
vt 0.910000 0.539326
vt 1.000000 0.471910
vt 0.990000 0.505618
vt 0.990000 0.471910
vt 1.000000 0.000000
vt 0.990000 0.460674
vt 0.990000 0.000000
vt 0.980000 0.000000
vt 0.970000 0.460674
vt 0.970000 0.000000
vt 0.980000 0.460674
vt 0.960000 0.460674
vt 0.960000 0.000000
vt 0.960000 0.471910
vt 0.970000 0.471910
vt 0.990000 0.471910
vt 0.970000 0.516854
vt 0.960000 0.528090
vt 0.960000 0.516854
vt 0.960000 0.505618
vt 0.960000 0.471910
vt 0.980000 0.471910
vt 0.970000 0.505618
vt 0.980000 0.505618
vt 0.990000 0.516854
vt 0.980000 0.516854
vt 0.970000 0.528090
vt 1.000000 0.516854
vt 0.990000 0.528090
vt 0.990000 0.516854
vt 0.980000 0.528090
vt 0.960000 0.516854
vt 0.910000 0.539326
vt 0.960000 0.544944
vt 0.910000 0.544944
vt 0.960000 0.556180
vt 0.910000 0.561798
vt 0.910000 0.556180
vt 0.910000 0.573034
vt 0.960000 0.561798
vt 0.960000 0.573034
vt 1.000000 0.471910
vt 0.990000 0.505618
vt 0.990000 0.471910
vt 1.000000 0.000000
vt 0.990000 0.460674
vt 0.990000 0.000000
vt 0.980000 0.000000
vt 0.970000 0.460674
vt 0.970000 0.000000
vt 0.980000 0.460674
vt 0.960000 0.460674
vt 0.960000 0.000000
vt 0.960000 0.471910
vt 0.970000 0.471910
vt 0.990000 0.471910
vt 0.970000 0.516854
vt 0.960000 0.528090
vt 0.960000 0.516854
vt 0.960000 0.505618
vt 0.960000 0.471910
vt 0.980000 0.471910
vt 0.970000 0.505618
vt 0.980000 0.505618
vt 0.990000 0.516854
vt 0.980000 0.516854
vt 0.970000 0.528090
vt 1.000000 0.516854
vt 0.990000 0.528090
vt 0.990000 0.516854
vt 0.980000 0.528090
vt 0.960000 0.516854
vt 0.910000 0.539326
vt 0.960000 0.544944
vt 0.910000 0.544944
vt 0.960000 0.556180
vt 0.910000 0.561798
vt 0.910000 0.556180
vt 0.910000 0.573034
vt 0.960000 0.561798
vt 0.960000 0.573034
vt 0.910000 0.539326
vt 0.960000 0.544944
vt 0.910000 0.544944
vt 0.960000 0.556180
vt 0.910000 0.561798
vt 0.910000 0.556180
vt 0.910000 0.573034
vt 0.960000 0.561798
vt 0.960000 0.573034
vt 0.910000 0.539326
vt 0.960000 0.544944
vt 0.910000 0.544944
vt 0.960000 0.556180
vt 0.910000 0.561798
vt 0.910000 0.556180
vt 0.910000 0.573034
vt 0.960000 0.561798
vt 0.960000 0.573034
vt 0.910000 0.539326
vt 0.960000 0.544944
vt 0.910000 0.544944
vt 0.960000 0.556180
vt 0.910000 0.561798
vt 0.910000 0.556180
vt 0.910000 0.573034
vt 0.960000 0.561798
vt 0.960000 0.573034
vt 0.910000 0.539326
vt 0.960000 0.544944
vt 0.910000 0.544944
vt 0.960000 0.556180
vt 0.910000 0.561798
vt 0.910000 0.556180
vt 0.910000 0.573034
vt 0.960000 0.561798
vt 0.960000 0.573034
vt 0.910000 0.539326
vt 0.960000 0.544944
vt 0.910000 0.544944
vt 0.960000 0.556180
vt 0.910000 0.561798
vt 0.910000 0.556180
vt 0.910000 0.573034
vt 0.960000 0.561798
vt 0.960000 0.573034
vt 0.910000 0.539326
vt 0.960000 0.544944
vt 0.910000 0.544944
vt 0.960000 0.556180
vt 0.910000 0.561798
vt 0.910000 0.556180
vt 0.910000 0.573034
vt 0.960000 0.561798
vt 0.960000 0.573034
vt 0.910000 0.539326
vt 0.960000 0.544944
vt 0.910000 0.544944
vt 0.960000 0.556180
vt 0.910000 0.561798
vt 0.910000 0.556180
vt 0.910000 0.573034
vt 0.960000 0.561798
vt 0.960000 0.573034
vt 0.910000 0.539326
vt 0.960000 0.544944
vt 0.910000 0.544944
vt 0.960000 0.556180
vt 0.910000 0.561798
vt 0.910000 0.556180
vt 0.910000 0.573034
vt 0.960000 0.561798
vt 0.960000 0.573034
vt 0.345000 0.932584
vt 0.385000 0.865169
vt 0.385000 0.932584
vt 0.445000 0.977528
vt 0.445000 0.932584
vt 0.445000 0.865169
vt 0.485000 0.865169
vt 0.445000 0.820225
vt 0.345000 0.932584
vt 0.385000 0.865169
vt 0.385000 0.932584
vt 0.445000 0.977528
vt 0.445000 0.932584
vt 0.445000 0.865169
vt 0.485000 0.865169
vt 0.385000 0.820225
vt 0.345000 0.932584
vt 0.385000 0.865169
vt 0.385000 0.932584
vt 0.445000 0.977528
vt 0.445000 0.932584
vt 0.445000 0.865169
vt 0.485000 0.865169
vt 0.385000 0.820225
vt 0.240000 0.359551
vt 0.240000 0.089888
vt 0.240000 0.089888
vt 0.240000 0.089888
vt 0.240000 0.089888
vt 0.240000 0.393258
vt 0.560000 0.393258
vt 0.880000 0.393258
vt 0.255000 0.516854
vt 0.415000 0.516854
vt 0.495000 0.516854
vt 0.575000 0.516854
vt 0.735000 0.516854
vt 0.815000 0.516854
vt 0.625000 0.887640
vt 0.555000 0.966292
vt 0.555000 0.921348
vt 0.585000 0.887640
vt 0.655000 0.921348
vt 0.655000 0.966292
vt 0.825000 0.887640
vt 0.975000 0.887640
vt 0.925000 0.887640
vt 0.775000 0.887640
vt 0.725000 0.887640
vt 0.675000 0.887640
vt 0.875000 0.887640
vt 0.060000 0.601124
vt 0.445000 0.134831
vt 0.435000 0.134831
vt 0.765000 0.134831
vt 0.755000 0.134831
vt 0.285000 0.337079
vt 0.275000 0.134831
vt 0.595000 0.134831
vt 0.605000 0.337079
vt 0.000000 0.528090
vt 0.060000 0.359551
vt 0.120000 0.359551
vt 0.165000 0.410112
vt 0.015000 0.477528
vt 0.480000 0.820225
vt 0.060000 0.988764
vt 0.015000 0.938202
vt 0.015000 0.870786
vt 0.165000 0.938202
vt 0.345000 0.865169
vt 0.385000 0.977528
vt 0.485000 0.932584
vt 0.385000 0.820225
vt 0.850000 0.741573
vt 0.850000 0.741573
vt 0.850000 0.741573
vt 0.850000 0.741573
vt 1.000000 0.505618
vt 1.000000 0.460674
vt 1.000000 0.528090
vt 0.960000 0.539326
vt 1.000000 0.505618
vt 1.000000 0.460674
vt 1.000000 0.528090
vt 0.960000 0.539326
vt 0.960000 0.539326
vt 0.960000 0.539326
vt 0.960000 0.539326
vt 0.960000 0.539326
vt 0.960000 0.539326
vt 0.960000 0.539326
vt 0.960000 0.539326
vt 0.960000 0.539326
vt 0.345000 0.865169
vt 0.385000 0.977528
vt 0.485000 0.932584
vt 0.385000 0.820225
vt 0.345000 0.865169
vt 0.385000 0.977528
vt 0.485000 0.932584
vt 0.445000 0.820225
vt 0.345000 0.865169
vt 0.385000 0.977528
vt 0.485000 0.932584
vt 0.445000 0.820225
vt 0.930000 -0.000000
vt 0.920000 0.449438
vt 0.920000 -0.000000
vt 0.910000 -0.000000
vt 0.900000 0.449438
vt 0.900000 -0.000000
vt 0.890000 0.000000
vt 0.880000 0.449438
vt 0.880000 0.000000
vt 0.950000 -0.000000
vt 0.940000 0.449438
vt 0.940000 0.000000
vt 0.930000 0.449438
vt 0.910000 0.449438
vt 0.890000 0.449438
vt 0.960000 -0.000000
vt 0.950000 0.449438
vt 0.950000 0.460674
vt 0.940000 0.466292
vt 0.940000 0.455056
vt 0.930000 0.466292
vt 0.910000 0.466292
vt 0.890000 0.460674
vt 0.900000 0.466292
vt 0.890000 0.466292
vt 0.920000 0.466292
vt 0.900000 0.455056
vt 0.920000 0.483146
vt 0.910000 0.483146
vt 0.900000 0.477528
vt 0.950000 0.466292
vt 0.940000 0.477528
vt 0.930000 0.483146
vt 0.890000 0.471910
vt 0.960000 0.466292
vt 0.950000 0.471910
vt 0.880000 0.466292
vt 0.880000 0.483146
vt 0.890000 0.539326
vt 0.880000 0.539326
vt 0.940000 0.483146
vt 0.930000 0.539326
vt 0.960000 0.483146
vt 0.950000 0.539326
vt 0.950000 0.483146
vt 0.910000 0.539326
vt 0.900000 0.483146
vt 0.890000 0.483146
vt 0.920000 0.539326
vt 0.900000 0.539326
vt 0.940000 0.539326
vt 0.930000 -0.000000
vt 0.920000 0.449438
vt 0.920000 -0.000000
vt 0.910000 0.000000
vt 0.900000 0.449438
vt 0.900000 0.000000
vt 0.890000 0.000000
vt 0.880000 0.449438
vt 0.880000 -0.000000
vt 0.950000 -0.000000
vt 0.940000 0.449438
vt 0.940000 -0.000000
vt 0.930000 0.449438
vt 0.910000 0.449438
vt 0.890000 0.449438
vt 0.960000 0.000000
vt 0.950000 0.449438
vt 0.940000 0.455056
vt 0.950000 0.466292
vt 0.940000 0.466292
vt 0.930000 0.466292
vt 0.910000 0.466292
vt 0.900000 0.455056
vt 0.890000 0.466292
vt 0.890000 0.460674
vt 0.920000 0.466292
vt 0.900000 0.466292
vt 0.920000 0.483146
vt 0.900000 0.477528
vt 0.940000 0.477528
vt 0.930000 0.483146
vt 0.910000 0.483146
vt 0.890000 0.471910
vt 0.950000 0.460674
vt 0.960000 0.466292
vt 0.950000 0.471910
vt 0.880000 0.466292
vt 0.890000 0.483146
vt 0.880000 0.539326
vt 0.880000 0.483146
vt 0.940000 0.539326
vt 0.930000 0.539326
vt 0.950000 0.483146
vt 0.960000 0.539326
vt 0.950000 0.539326
vt 0.920000 0.539326
vt 0.910000 0.539326
vt 0.900000 0.539326
vt 0.890000 0.539326
vt 0.900000 0.483146
vt 0.940000 0.483146
vt 0.195000 0.949438
vt 0.180000 0.820225
vt 0.195000 0.820225
vt 0.300000 0.949438
vt 0.285000 0.820225
vt 0.300000 0.820225
vt 0.330000 0.949438
vt 0.315000 0.820225
vt 0.330000 0.820225
vt 0.255000 0.949438
vt 0.240000 0.820225
vt 0.255000 0.820225
vt 0.210000 0.949438
vt 0.210000 0.820225
vt 0.345000 0.949438
vt 0.345000 0.820225
vt 0.270000 0.949438
vt 0.270000 0.820225
vt 0.225000 0.949438
vt 0.225000 0.820225
vt 0.180000 0.949438
vt 0.165000 0.820225
vt 0.285000 0.949438
vt 0.315000 0.949438
vt 0.240000 0.949438
vt 0.295000 0.983146
vt 0.290000 1.000000
vt 0.285000 0.983146
vt 0.285000 0.966292
vt 0.300000 0.966292
vt 0.280000 0.983146
vt 0.275000 1.000000
vt 0.270000 0.983146
vt 0.270000 0.966292
vt 0.265000 0.983146
vt 0.260000 1.000000
vt 0.255000 0.983146
vt 0.255000 0.966292
vt 0.250000 0.983146
vt 0.240000 0.966292
vt 0.245000 1.000000
vt 0.240000 0.983146
vt 0.235000 0.983146
vt 0.225000 0.966292
vt 0.230000 1.000000
vt 0.225000 0.983146
vt 0.220000 0.983146
vt 0.210000 0.966292
vt 0.215000 1.000000
vt 0.210000 0.983146
vt 0.205000 0.983146
vt 0.195000 0.966292
vt 0.200000 1.000000
vt 0.195000 0.983146
vt 0.190000 0.983146
vt 0.180000 0.966292
vt 0.185000 1.000000
vt 0.180000 0.983146
vt 0.175000 0.983146
vt 0.170000 1.000000
vt 0.165000 0.983146
vt 0.165000 0.966292
vt 0.340000 0.983146
vt 0.335000 1.000000
vt 0.330000 0.983146
vt 0.330000 0.966292
vt 0.345000 0.966292
vt 0.165000 0.949438
vt 0.325000 0.983146
vt 0.320000 1.000000
vt 0.315000 0.983146
vt 0.315000 0.966292
vt 0.310000 0.983146
vt 0.305000 1.000000
vt 0.300000 0.983146
vt 0.195000 0.949438
vt 0.180000 0.820225
vt 0.195000 0.820225
vt 0.300000 0.949438
vt 0.285000 0.820225
vt 0.300000 0.820225
vt 0.330000 0.949438
vt 0.315000 0.820225
vt 0.330000 0.820225
vt 0.255000 0.949438
vt 0.240000 0.820225
vt 0.255000 0.820225
vt 0.210000 0.949438
vt 0.210000 0.820225
vt 0.345000 0.949438
vt 0.345000 0.820225
vt 0.270000 0.949438
vt 0.270000 0.820225
vt 0.225000 0.949438
vt 0.225000 0.820225
vt 0.180000 0.949438
vt 0.165000 0.820225
vt 0.285000 0.949438
vt 0.315000 0.949438
vt 0.240000 0.949438
vt 0.295000 0.983146
vt 0.290000 1.000000
vt 0.285000 0.983146
vt 0.285000 0.966292
vt 0.300000 0.966292
vt 0.280000 0.983146
vt 0.275000 1.000000
vt 0.270000 0.983146
vt 0.270000 0.966292
vt 0.265000 0.983146
vt 0.260000 1.000000
vt 0.255000 0.983146
vt 0.255000 0.966292
vt 0.250000 0.983146
vt 0.240000 0.966292
vt 0.245000 1.000000
vt 0.240000 0.983146
vt 0.235000 0.983146
vt 0.225000 0.966292
vt 0.230000 1.000000
vt 0.225000 0.983146
vt 0.220000 0.983146
vt 0.210000 0.966292
vt 0.215000 1.000000
vt 0.210000 0.983146
vt 0.195000 0.983146
vt 0.195000 0.966292
vt 0.205000 0.983146
vt 0.200000 1.000000
vt 0.190000 0.983146
vt 0.180000 0.966292
vt 0.185000 1.000000
vt 0.180000 0.983146
vt 0.175000 0.983146
vt 0.170000 1.000000
vt 0.165000 0.983146
vt 0.165000 0.966292
vt 0.340000 0.983146
vt 0.335000 1.000000
vt 0.330000 0.983146
vt 0.330000 0.966292
vt 0.345000 0.966292
vt 0.165000 0.949438
vt 0.325000 0.983146
vt 0.320000 1.000000
vt 0.315000 0.983146
vt 0.315000 0.966292
vt 0.310000 0.983146
vt 0.305000 1.000000
vt 0.300000 0.983146
vt 0.195000 0.949438
vt 0.180000 0.820225
vt 0.195000 0.820225
vt 0.300000 0.949438
vt 0.285000 0.820225
vt 0.300000 0.820225
vt 0.330000 0.949438
vt 0.315000 0.820225
vt 0.330000 0.820225
vt 0.255000 0.949438
vt 0.240000 0.820225
vt 0.255000 0.820225
vt 0.210000 0.949438
vt 0.210000 0.820225
vt 0.345000 0.949438
vt 0.345000 0.820225
vt 0.270000 0.949438
vt 0.270000 0.820225
vt 0.225000 0.949438
vt 0.225000 0.820225
vt 0.180000 0.949438
vt 0.165000 0.820225
vt 0.285000 0.949438
vt 0.315000 0.949438
vt 0.240000 0.949438
vt 0.295000 0.983146
vt 0.290000 1.000000
vt 0.285000 0.983146
vt 0.300000 0.966292
vt 0.285000 0.966292
vt 0.280000 0.983146
vt 0.275000 1.000000
vt 0.270000 0.983146
vt 0.270000 0.966292
vt 0.265000 0.983146
vt 0.260000 1.000000
vt 0.255000 0.983146
vt 0.255000 0.966292
vt 0.250000 0.983146
vt 0.240000 0.966292
vt 0.245000 1.000000
vt 0.240000 0.983146
vt 0.225000 0.983146
vt 0.225000 0.966292
vt 0.235000 0.983146
vt 0.230000 1.000000
vt 0.210000 0.983146
vt 0.210000 0.966292
vt 0.220000 0.983146
vt 0.215000 1.000000
vt 0.205000 0.983146
vt 0.195000 0.966292
vt 0.200000 1.000000
vt 0.195000 0.983146
vt 0.190000 0.983146
vt 0.180000 0.966292
vt 0.185000 1.000000
vt 0.180000 0.983146
vt 0.175000 0.983146
vt 0.170000 1.000000
vt 0.165000 0.983146
vt 0.165000 0.966292
vt 0.340000 0.983146
vt 0.335000 1.000000
vt 0.330000 0.983146
vt 0.330000 0.966292
vt 0.345000 0.966292
vt 0.165000 0.949438
vt 0.325000 0.983146
vt 0.320000 1.000000
vt 0.315000 0.983146
vt 0.315000 0.966292
vt 0.310000 0.983146
vt 0.305000 1.000000
vt 0.300000 0.983146
vt 0.195000 0.949438
vt 0.180000 0.820225
vt 0.195000 0.820225
vt 0.300000 0.949438
vt 0.285000 0.820225
vt 0.300000 0.820225
vt 0.330000 0.949438
vt 0.315000 0.820225
vt 0.330000 0.820225
vt 0.255000 0.949438
vt 0.240000 0.820225
vt 0.255000 0.820225
vt 0.210000 0.949438
vt 0.210000 0.820225
vt 0.345000 0.949438
vt 0.345000 0.820225
vt 0.270000 0.949438
vt 0.270000 0.820225
vt 0.225000 0.949438
vt 0.225000 0.820225
vt 0.180000 0.949438
vt 0.165000 0.820225
vt 0.285000 0.949438
vt 0.315000 0.949438
vt 0.240000 0.949438
vt 0.295000 0.983146
vt 0.290000 1.000000
vt 0.285000 0.983146
vt 0.285000 0.966292
vt 0.300000 0.966292
vt 0.280000 0.983146
vt 0.275000 1.000000
vt 0.270000 0.983146
vt 0.270000 0.966292
vt 0.265000 0.983146
vt 0.260000 1.000000
vt 0.255000 0.983146
vt 0.255000 0.966292
vt 0.240000 0.983146
vt 0.240000 0.966292
vt 0.250000 0.983146
vt 0.245000 1.000000
vt 0.235000 0.983146
vt 0.225000 0.966292
vt 0.230000 1.000000
vt 0.225000 0.983146
vt 0.210000 0.983146
vt 0.210000 0.966292
vt 0.220000 0.983146
vt 0.215000 1.000000
vt 0.205000 0.983146
vt 0.195000 0.966292
vt 0.200000 1.000000
vt 0.195000 0.983146
vt 0.180000 0.983146
vt 0.180000 0.966292
vt 0.190000 0.983146
vt 0.185000 1.000000
vt 0.175000 0.983146
vt 0.170000 1.000000
vt 0.165000 0.983146
vt 0.165000 0.966292
vt 0.340000 0.983146
vt 0.335000 1.000000
vt 0.330000 0.983146
vt 0.330000 0.966292
vt 0.345000 0.966292
vt 0.165000 0.949438
vt 0.325000 0.983146
vt 0.320000 1.000000
vt 0.315000 0.983146
vt 0.315000 0.966292
vt 0.310000 0.983146
vt 0.305000 1.000000
vt 0.300000 0.983146
vt 0.930000 -0.000000
vt 0.920000 0.449438
vt 0.920000 -0.000000
vt 0.910000 -0.000000
vt 0.900000 0.449438
vt 0.900000 -0.000000
vt 0.890000 0.000000
vt 0.880000 0.449438
vt 0.880000 0.000000
vt 0.950000 -0.000000
vt 0.940000 0.449438
vt 0.940000 0.000000
vt 0.930000 0.449438
vt 0.910000 0.449438
vt 0.890000 0.449438
vt 0.960000 -0.000000
vt 0.950000 0.449438
vt 0.950000 0.460674
vt 0.940000 0.466292
vt 0.940000 0.455056
vt 0.930000 0.466292
vt 0.920000 0.466292
vt 0.910000 0.466292
vt 0.900000 0.455056
vt 0.890000 0.466292
vt 0.890000 0.460674
vt 0.900000 0.466292
vt 0.920000 0.483146
vt 0.910000 0.483146
vt 0.900000 0.477528
vt 0.950000 0.471910
vt 0.940000 0.477528
vt 0.930000 0.483146
vt 0.890000 0.471910
vt 0.960000 0.466292
vt 0.950000 0.466292
vt 0.880000 0.466292
vt 0.880000 0.483146
vt 0.890000 0.539326
vt 0.880000 0.539326
vt 0.940000 0.483146
vt 0.930000 0.539326
vt 0.960000 0.483146
vt 0.950000 0.539326
vt 0.950000 0.483146
vt 0.910000 0.539326
vt 0.900000 0.483146
vt 0.890000 0.483146
vt 0.920000 0.539326
vt 0.900000 0.539326
vt 0.940000 0.539326
vt 0.930000 -0.000000
vt 0.920000 0.449438
vt 0.920000 -0.000000
vt 0.910000 0.000000
vt 0.900000 0.449438
vt 0.900000 0.000000
vt 0.890000 0.000000
vt 0.880000 0.449438
vt 0.880000 -0.000000
vt 0.950000 -0.000000
vt 0.940000 0.449438
vt 0.940000 -0.000000
vt 0.930000 0.449438
vt 0.910000 0.449438
vt 0.890000 0.449438
vt 0.960000 0.000000
vt 0.950000 0.449438
vt 0.940000 0.455056
vt 0.950000 0.466292
vt 0.940000 0.466292
vt 0.930000 0.466292
vt 0.910000 0.466292
vt 0.900000 0.455056
vt 0.890000 0.466292
vt 0.890000 0.460674
vt 0.920000 0.466292
vt 0.900000 0.466292
vt 0.920000 0.483146
vt 0.900000 0.477528
vt 0.940000 0.477528
vt 0.930000 0.483146
vt 0.910000 0.483146
vt 0.890000 0.471910
vt 0.950000 0.460674
vt 0.960000 0.466292
vt 0.950000 0.471910
vt 0.880000 0.466292
vt 0.890000 0.483146
vt 0.880000 0.539326
vt 0.880000 0.483146
vt 0.940000 0.539326
vt 0.930000 0.539326
vt 0.950000 0.483146
vt 0.960000 0.539326
vt 0.950000 0.539326
vt 0.910000 0.539326
vt 0.900000 0.483146
vt 0.890000 0.539326
vt 0.920000 0.539326
vt 0.900000 0.539326
vt 0.940000 0.483146
vt 0.930000 -0.000000
vt 0.920000 0.449438
vt 0.920000 -0.000000
vt 0.910000 -0.000000
vt 0.900000 0.449438
vt 0.900000 -0.000000
vt 0.890000 0.000000
vt 0.880000 0.449438
vt 0.880000 0.000000
vt 0.950000 -0.000000
vt 0.940000 0.449438
vt 0.940000 0.000000
vt 0.930000 0.449438
vt 0.910000 0.449438
vt 0.890000 0.449438
vt 0.960000 -0.000000
vt 0.950000 0.449438
vt 0.950000 0.460674
vt 0.940000 0.466292
vt 0.940000 0.455056
vt 0.930000 0.466292
vt 0.920000 0.466292
vt 0.910000 0.466292
vt 0.890000 0.460674
vt 0.900000 0.466292
vt 0.890000 0.466292
vt 0.900000 0.455056
vt 0.930000 0.483146
vt 0.920000 0.483146
vt 0.910000 0.483146
vt 0.900000 0.477528
vt 0.950000 0.466292
vt 0.940000 0.477528
vt 0.890000 0.471910
vt 0.960000 0.466292
vt 0.950000 0.471910
vt 0.880000 0.466292
vt 0.880000 0.483146
vt 0.890000 0.539326
vt 0.880000 0.539326
vt 0.940000 0.483146
vt 0.930000 0.539326
vt 0.960000 0.483146
vt 0.950000 0.539326
vt 0.950000 0.483146
vt 0.910000 0.539326
vt 0.900000 0.483146
vt 0.890000 0.483146
vt 0.920000 0.539326
vt 0.900000 0.539326
vt 0.940000 0.539326
vt 0.930000 -0.000000
vt 0.920000 0.449438
vt 0.920000 -0.000000
vt 0.910000 0.000000
vt 0.900000 0.449438
vt 0.900000 0.000000
vt 0.890000 0.000000
vt 0.880000 0.449438
vt 0.880000 -0.000000
vt 0.950000 -0.000000
vt 0.940000 0.449438
vt 0.940000 -0.000000
vt 0.930000 0.449438
vt 0.910000 0.449438
vt 0.890000 0.449438
vt 0.960000 0.000000
vt 0.950000 0.449438
vt 0.940000 0.455056
vt 0.950000 0.466292
vt 0.940000 0.466292
vt 0.930000 0.466292
vt 0.920000 0.466292
vt 0.910000 0.466292
vt 0.900000 0.455056
vt 0.890000 0.466292
vt 0.890000 0.460674
vt 0.900000 0.466292
vt 0.920000 0.483146
vt 0.900000 0.477528
vt 0.940000 0.477528
vt 0.930000 0.483146
vt 0.910000 0.483146
vt 0.890000 0.471910
vt 0.950000 0.460674
vt 0.960000 0.466292
vt 0.950000 0.471910
vt 0.880000 0.466292
vt 0.890000 0.483146
vt 0.880000 0.539326
vt 0.880000 0.483146
vt 0.940000 0.539326
vt 0.930000 0.539326
vt 0.950000 0.483146
vt 0.960000 0.539326
vt 0.950000 0.539326
vt 0.920000 0.539326
vt 0.910000 0.539326
vt 0.900000 0.539326
vt 0.890000 0.539326
vt 0.900000 0.483146
vt 0.940000 0.483146
vt 0.930000 -0.000000
vt 0.920000 0.449438
vt 0.920000 -0.000000
vt 0.910000 -0.000000
vt 0.900000 0.449438
vt 0.900000 -0.000000
vt 0.890000 0.000000
vt 0.880000 0.449438
vt 0.880000 0.000000
vt 0.950000 -0.000000
vt 0.940000 0.449438
vt 0.940000 0.000000
vt 0.930000 0.449438
vt 0.910000 0.449438
vt 0.890000 0.449438
vt 0.960000 -0.000000
vt 0.950000 0.449438
vt 0.950000 0.460674
vt 0.940000 0.466292
vt 0.940000 0.455056
vt 0.930000 0.466292
vt 0.920000 0.466292
vt 0.910000 0.466292
vt 0.890000 0.460674
vt 0.900000 0.466292
vt 0.890000 0.466292
vt 0.900000 0.455056
vt 0.920000 0.483146
vt 0.910000 0.483146
vt 0.900000 0.477528
vt 0.950000 0.471910
vt 0.940000 0.477528
vt 0.930000 0.483146
vt 0.890000 0.471910
vt 0.960000 0.466292
vt 0.950000 0.466292
vt 0.880000 0.466292
vt 0.880000 0.483146
vt 0.890000 0.539326
vt 0.880000 0.539326
vt 0.940000 0.483146
vt 0.930000 0.539326
vt 0.960000 0.483146
vt 0.950000 0.539326
vt 0.950000 0.483146
vt 0.920000 0.539326
vt 0.910000 0.539326
vt 0.900000 0.483146
vt 0.890000 0.483146
vt 0.900000 0.539326
vt 0.940000 0.539326
vt 0.930000 -0.000000
vt 0.920000 0.449438
vt 0.920000 -0.000000
vt 0.910000 0.000000
vt 0.900000 0.449438
vt 0.900000 0.000000
vt 0.890000 0.000000
vt 0.880000 0.449438
vt 0.880000 -0.000000
vt 0.950000 -0.000000
vt 0.940000 0.449438
vt 0.940000 -0.000000
vt 0.930000 0.449438
vt 0.910000 0.449438
vt 0.890000 0.449438
vt 0.960000 0.000000
vt 0.950000 0.449438
vt 0.940000 0.455056
vt 0.950000 0.466292
vt 0.940000 0.466292
vt 0.930000 0.466292
vt 0.910000 0.466292
vt 0.900000 0.455056
vt 0.890000 0.466292
vt 0.890000 0.460674
vt 0.920000 0.466292
vt 0.900000 0.466292
vt 0.920000 0.483146
vt 0.900000 0.477528
vt 0.940000 0.477528
vt 0.930000 0.483146
vt 0.910000 0.483146
vt 0.890000 0.471910
vt 0.950000 0.460674
vt 0.960000 0.466292
vt 0.950000 0.471910
vt 0.880000 0.466292
vt 0.890000 0.483146
vt 0.880000 0.539326
vt 0.880000 0.483146
vt 0.940000 0.539326
vt 0.930000 0.539326
vt 0.950000 0.483146
vt 0.960000 0.539326
vt 0.950000 0.539326
vt 0.910000 0.539326
vt 0.900000 0.539326
vt 0.890000 0.539326
vt 0.920000 0.539326
vt 0.900000 0.483146
vt 0.940000 0.483146
vt 0.960000 0.449438
vt 0.960000 0.539326
vt 0.960000 0.449438
vt 0.960000 0.483146
vt 0.960000 0.449438
vt 0.960000 0.539326
vt 0.960000 0.449438
vt 0.960000 0.483146
vt 0.960000 0.449438
vt 0.960000 0.539326
vt 0.960000 0.449438
vt 0.960000 0.483146
vt 0.960000 0.449438
vt 0.960000 0.539326
vt 0.960000 0.449438
vt 0.960000 0.483146
vn 0.0000 1.0000 0.0000
vn 1.0000 0.0000 0.0000
vn -1.0000 0.0000 0.0000
vn 0.0000 0.0000 -1.0000
vn 0.0000 0.0000 1.0000
vn 0.7071 0.0000 -0.7071
vn 0.7071 0.0000 0.7071
vn -0.7071 0.0000 0.7071
vn -0.7071 0.0000 -0.7071
vn 0.0000 -1.0000 0.0000
vn 0.0000 1.0000 0.0000
vn 0.0000 0.0000 1.0000
vn 1.0000 0.0000 0.0000
vn -1.0000 0.0000 0.0000
vn 0.0000 0.0000 -1.0000
vn 0.7071 0.0000 -0.7071
vn 0.7071 0.0000 0.7071
vn -0.7071 0.0000 0.7071
vn -0.7071 0.0000 -0.7071
vn 0.0000 0.7071 0.7071
vn 0.0000 0.7071 -0.7071
vn 0.6947 0.1866 0.6947
vn -0.6727 0.0196 0.7396
vn -0.5000 -0.7071 -0.5000
vn 0.7396 0.0196 -0.6727
vn 0.9891 0.1448 0.0283
vn 0.0283 0.1448 0.9891
vn -0.9900 -0.1363 0.0372
vn 0.0372 -0.1363 -0.9900
vn 0.7513 0.0671 -0.6565
vn 0.8431 0.5294 -0.0945
vn -0.0945 0.5293 0.8431
vn -0.6565 0.0671 0.7514
vn -0.8620 -0.4617 0.2090
vn 0.5000 0.7071 0.5000
vn 0.1319 0.9824 0.1319
vn -0.3780 0.7194 0.5828
vn -0.6923 0.0473 0.7200
vn 0.2090 -0.4617 -0.8620
vn 0.7200 0.0473 -0.6923
vn 0.5828 0.7194 -0.3780
vn -0.6099 -0.6737 0.4172
vn 0.4172 -0.6737 -0.6099
vn -0.5000 -0.7071 0.5000
vn 0.5000 0.7071 -0.5000
vn 0.5000 -0.7071 -0.5000
vn -0.5000 0.7071 0.5000
vn -0.6565 0.0671 0.7513
vn -0.4959 0.1278 0.8589
vn -0.8660 0.0000 0.5000
vn -0.5000 0.0000 0.8660
vn -0.0000 0.1278 -0.9918
vn 0.5000 0.0000 -0.8660
vn -0.8589 0.1278 -0.4959
vn -0.5000 0.0000 -0.8660
vn -0.8660 0.0000 -0.5000
vn 0.9918 0.1278 0.0000
vn 0.8660 0.0000 0.5000
vn 0.0000 0.1278 0.9918
vn -0.9918 0.1278 0.0000
vn 0.8589 0.1278 -0.4959
vn 0.8660 0.0000 -0.5000
vn 0.4959 0.1278 0.8589
vn 0.5000 0.0000 0.8660
vn -0.8589 0.1278 0.4959
vn 0.4959 0.1278 -0.8589
vn -0.4959 0.1278 -0.8589
vn 0.8589 0.1278 0.4959
vn -0.0000 0.8474 -0.5309
vn 0.2654 0.8474 -0.4598
vn 0.4380 0.4823 -0.7586
vn -0.0000 0.4823 -0.8760
vn 0.4598 0.8474 -0.2654
vn 0.7586 0.4823 -0.4380
vn 0.5309 0.8474 0.0000
vn 0.8760 0.4823 -0.0000
vn 0.7586 0.4823 0.4380
vn 0.4598 0.8474 0.2654
vn 0.4380 0.4823 0.7586
vn 0.2655 0.8474 0.4598
vn 0.0000 0.4823 0.8760
vn 0.0000 0.8474 0.5309
vn -0.4380 0.4823 0.7586
vn -0.2654 0.8474 0.4598
vn -0.7586 0.4823 0.4380
vn -0.4598 0.8474 0.2654
vn -0.5309 0.8474 -0.0000
vn -0.8760 0.4823 0.0000
vn -0.4598 0.8474 -0.2654
vn -0.7586 0.4823 -0.4380
vn -0.2654 0.8474 -0.4598
vn -0.4380 0.4823 -0.7586
vn -0.4598 0.8474 0.2655
vn 0.4598 0.8474 -0.2655
vn 0.2654 0.8474 0.4598
vn -0.4598 0.8474 -0.2655
vn -0.6947 0.1866 -0.6947
vn 0.6727 0.0196 -0.7396
vn 0.5000 -0.7071 0.5000
vn -0.7396 0.0196 0.6727
vn -0.9891 0.1448 -0.0283
vn -0.0283 0.1448 -0.9891
vn 0.9900 -0.1363 -0.0372
vn -0.0372 -0.1363 0.9900
vn -0.7513 0.0671 0.6565
vn -0.8431 0.5294 0.0945
vn -0.5000 0.7071 -0.5000
vn 0.0945 0.5293 -0.8431
vn 0.8620 -0.4617 -0.2090
vn 0.6565 0.0671 -0.7514
vn -0.1319 0.9824 -0.1319
vn 0.3780 0.7194 -0.5828
vn 0.6923 0.0473 -0.7200
vn -0.4172 -0.6737 0.6099
vn -0.7200 0.0473 0.6923
vn -0.5828 0.7194 0.3780
vn 0.6099 -0.6737 -0.4172
vn -0.2090 -0.4617 0.8620
vn 0.6947 0.1866 -0.6947
vn 0.7396 0.0196 0.6727
vn -0.6727 0.0196 -0.7396
vn 0.0283 0.1448 -0.9891
vn 0.9891 0.1448 -0.0283
vn 0.0372 -0.1363 0.9900
vn -0.9900 -0.1363 -0.0372
vn -0.6565 0.0671 -0.7513
vn -0.0945 0.5294 -0.8431
vn 0.8431 0.5294 0.0945
vn 0.7513 0.0671 0.6565
vn 0.2090 -0.4617 0.8620
vn -0.3780 0.7194 -0.5828
vn 0.1319 0.9824 -0.1319
vn 0.5828 0.7194 0.3780
vn 0.7200 0.0473 0.6923
vn -0.8620 -0.4617 -0.2090
vn -0.6923 0.0473 -0.7200
vn 0.4172 -0.6737 0.6099
vn -0.6099 -0.6737 -0.4172
vn -0.8620 -0.4617 -0.2091
vn 0.8431 0.5293 0.0945
vn -0.6947 0.1866 0.6947
vn -0.7396 0.0196 -0.6727
vn 0.6727 0.0196 0.7396
vn -0.0283 0.1448 0.9891
vn -0.9891 0.1448 0.0283
vn -0.0372 -0.1363 -0.9900
vn 0.9900 -0.1363 0.0372
vn 0.6565 0.0671 0.7513
vn 0.0945 0.5294 0.8431
vn -0.8431 0.5294 -0.0945
vn -0.7513 0.0671 -0.6565
vn -0.2090 -0.4617 -0.8620
vn -0.1319 0.9824 0.1319
vn -0.5828 0.7194 -0.3780
vn -0.7200 0.0473 -0.6923
vn 0.6099 -0.6737 0.4172
vn 0.6923 0.0473 0.7200
vn 0.3780 0.7194 0.5828
vn -0.4172 -0.6737 -0.6099
vn 0.8620 -0.4617 0.2090
vn 0.8620 -0.4617 0.2091
vn 0.6565 0.0671 0.7514
o Body
s 1
f 51/71/10 50/72/10 49/73/10
f 54/74/11 55/75/11 53/76/11
f 50/77/12 53/78/12 49/79/12
f 52/80/13 54/74/13 50/81/13
f 49/82/14 55/83/14 51/84/14
f 51/85/15 56/86/15 52/87/15
f 70/88/16 60/89/16 62/90/16
f 65/91/14 59/92/14 57/93/14
f 58/94/17 69/95/17 61/96/17
f 71/97/18 57/93/18 63/98/18
f 59/99/19 72/100/19 64/101/19
f 72/100/15 62/90/15 64/101/15
f 69/95/12 63/98/12 61/96/12
f 68/102/13 58/94/13 60/89/13
f 71/97/10 73/103/10 65/91/10
f 67/104/10 80/105/10 72/100/10
f 72/100/10 78/106/10 70/88/10
f 69/95/10 79/107/10 71/97/10
f 68/102/10 74/108/10 66/109/10
f 65/91/10 75/110/10 67/111/10
f 70/88/10 76/112/10 68/102/10
f 66/109/10 77/113/10 69/95/10
f 78/106/16 84/114/16 76/112/16
f 74/108/17 85/115/17 77/113/17
f 79/107/18 81/116/18 73/103/18
f 75/117/19 88/118/19 80/105/19
f 80/105/15 86/119/15 78/106/15
f 77/113/12 87/120/12 79/107/12
f 76/112/13 82/121/13 74/108/13
f 73/103/14 83/122/14 75/110/14
f 89/123/11 83/122/11 81/116/11
f 87/120/11 89/123/11 81/116/11
f 93/124/11 87/120/11 85/115/11
f 82/121/11 93/124/11 85/115/11
f 92/125/11 82/121/11 84/114/11
f 86/119/11 92/125/11 84/114/11
f 96/126/11 86/119/11 88/118/11
f 83/127/11 96/126/11 88/118/11
f 111/128/10 113/129/10 105/130/10
f 107/131/10 120/132/10 112/133/10
f 112/133/10 118/134/10 110/135/10
f 109/136/10 119/137/10 111/128/10
f 108/138/10 114/139/10 106/140/10
f 105/130/10 115/141/10 107/142/10
f 110/135/10 116/143/10 108/138/10
f 106/140/10 117/144/10 109/136/10
f 118/134/16 124/145/16 116/143/16
f 114/139/17 125/146/17 117/144/17
f 119/137/18 121/147/18 113/129/18
f 115/148/19 128/149/19 120/132/19
f 120/132/15 126/150/15 118/134/15
f 117/144/12 127/151/12 119/137/12
f 116/143/13 122/152/13 114/139/13
f 113/129/14 123/153/14 115/141/14
f 129/154/11 123/153/11 121/147/11
f 127/151/11 129/154/11 121/147/11
f 133/155/11 127/151/11 125/146/11
f 122/152/11 133/155/11 125/146/11
f 132/156/11 122/152/11 124/145/11
f 126/150/11 132/156/11 124/145/11
f 136/157/11 126/150/11 128/149/11
f 123/158/11 136/157/11 128/149/11
f 136/157/19 99/159/19 104/160/19
f 99/161/14 129/154/14 97/162/14
f 97/162/18 135/163/18 103/164/18
f 103/164/12 133/155/12 101/165/12
f 133/155/17 98/166/17 101/165/17
f 98/166/13 132/156/13 100/167/13
f 100/167/16 134/168/16 102/169/16
f 102/169/15 136/157/15 104/160/15
f 93/124/12 169/170/12 95/171/12
f 111/128/18 89/123/18 95/171/18
f 111/128/12 172/172/12 109/136/12
f 90/173/17 109/136/17 93/124/17
f 110/135/16 92/125/16 94/174/16
f 109/136/12 170/175/12 93/124/12
f 91/176/19 112/133/19 96/126/19
f 141/177/17 146/178/17 138/179/17
f 143/180/11 99/161/11 97/162/11
f 97/162/11 137/181/11 143/182/11
f 138/183/11 103/164/11 101/165/11
f 141/184/11 101/165/11 98/166/11
f 142/185/11 98/166/11 100/167/11
f 100/167/11 140/186/11 142/187/11
f 139/188/11 102/169/11 104/160/11
f 144/189/11 104/160/11 99/159/11
f 159/190/11 151/191/11 152/192/11
f 144/193/19 148/194/19 139/195/19
f 142/196/13 149/197/13 141/177/13
f 138/179/12 145/198/12 137/199/12
f 140/200/16 150/201/16 142/196/16
f 137/199/18 152/192/18 143/202/18
f 143/202/14 151/191/14 144/203/14
f 139/195/15 147/204/15 140/200/15
f 158/205/11 149/197/11 150/201/11
f 155/206/11 147/204/11 148/194/11
f 154/207/11 145/198/11 146/178/11
f 149/197/11 154/208/11 146/178/11
f 147/204/11 158/209/11 150/201/11
f 160/210/11 148/194/11 151/211/11
f 153/212/11 152/192/11 145/198/11
f 159/190/13 167/213/13 160/214/13
f 167/215/11 168/216/11 166/217/11
f 158/205/14 165/218/14 157/219/14
f 160/210/17 164/220/17 155/221/17
f 155/206/12 163/222/12 156/223/12
f 157/224/19 162/225/19 154/208/19
f 154/207/15 161/226/15 153/227/15
f 153/212/16 168/228/16 159/229/16
f 156/230/18 166/231/18 158/209/18
f 95/171/12 171/232/12 111/128/12
f 175/233/10 191/234/10 176/235/10
f 90/173/13 179/236/13 106/140/13
f 106/140/13 180/237/13 108/138/13
f 180/237/13 92/125/13 108/138/13
f 178/238/13 90/173/13 92/125/13
f 94/174/15 175/239/15 110/135/15
f 112/133/15 175/239/15 176/240/15
f 176/240/15 96/126/15 112/133/15
f 96/126/15 173/241/15 94/174/15
f 91/242/14 183/243/14 107/142/14
f 107/142/14 184/244/14 105/130/14
f 184/244/14 89/123/14 105/130/14
f 182/245/14 91/242/14 89/123/14
f 186/246/11 169/247/11 170/248/11
f 173/249/11 187/250/11 188/251/11
f 171/252/10 190/253/10 172/254/10
f 190/255/14 170/175/14 172/172/14
f 169/170/13 189/256/13 171/232/13
f 191/257/13 174/258/13 176/240/13
f 173/241/14 192/259/14 175/239/14
f 182/260/11 193/261/11 181/262/11
f 184/244/15 194/263/15 182/245/15
f 183/264/10 196/265/10 184/266/10
f 181/267/12 195/268/12 183/243/12
f 177/269/15 199/270/15 179/236/15
f 178/271/11 197/272/11 177/273/11
f 180/237/12 198/274/12 178/238/12
f 179/275/10 200/276/10 180/277/10
f 199/278/19 186/246/19 190/253/19
f 185/279/16 196/265/16 189/280/16
f 195/281/17 187/250/17 191/234/17
f 188/251/18 200/276/18 192/282/18
f 198/283/14 207/284/14 197/272/14
f 198/283/18 204/285/18 208/286/18
f 194/287/13 205/288/13 193/261/13
f 193/289/17 203/290/17 187/250/17
f 187/250/12 204/285/12 188/251/12
f 194/287/16 201/291/16 206/292/16
f 186/246/15 201/291/15 185/279/15
f 197/272/19 202/293/19 186/246/19
f 208/294/11 203/290/11 206/295/11
f 192/282/18 216/296/18 212/297/18
f 189/280/15 210/298/15 190/253/15
f 195/299/13 214/300/13 196/265/13
f 191/234/17 213/301/17 195/281/17
f 189/280/16 214/300/16 209/302/16
f 190/253/19 215/303/19 199/278/19
f 192/282/12 211/304/12 191/234/12
f 199/278/14 216/296/14 200/276/14
f 211/304/10 216/305/10 210/306/10
f 347/307/18 345/308/18 343/309/18
f 346/310/11 343/309/11 342/311/11
f 344/312/17 343/309/17 345/308/17
f 348/313/16 342/311/16 344/312/16
f 345/308/10 348/314/10 344/312/10
f 353/315/14 350/316/14 351/317/14
f 357/318/13 354/319/13 355/320/13
f 361/321/12 358/322/12 359/323/12
f 365/324/15 362/325/15 363/326/15
f 370/327/10 376/328/10 373/329/10
f 368/330/15 373/331/15 369/332/15
f 367/333/12 371/334/12 366/335/12
f 369/332/13 372/336/13 367/333/13
f 366/335/14 370/337/14 368/338/14
f 371/334/14 374/339/14 370/337/14
f 372/336/20 374/340/20 371/334/20
f 373/331/13 375/341/13 372/336/13
f 381/342/14 383/343/14 377/344/14
f 374/340/14 377/345/14 370/346/14
f 375/347/11 379/348/11 374/340/11
f 373/329/13 378/349/13 375/347/13
f 376/328/13 380/350/13 378/349/13
f 380/351/15 385/352/15 381/342/15
f 377/353/12 382/354/12 376/355/12
f 376/355/13 384/356/13 380/351/13
f 378/349/21 381/342/21 379/348/21
f 379/348/14 381/357/14 377/345/14
f 388/358/10 387/359/10 386/360/10
f 392/361/11 390/362/11 391/363/11
f 388/364/15 393/365/15 389/366/15
f 387/359/12 391/363/12 386/360/12
f 398/367/10 404/368/10 401/369/10
f 396/370/15 401/371/15 397/372/15
f 395/373/12 399/374/12 394/375/12
f 397/372/13 400/376/13 395/373/13
f 394/375/14 398/377/14 396/378/14
f 399/374/14 402/379/14 398/377/14
f 400/376/20 402/380/20 399/374/20
f 401/371/13 403/381/13 400/376/13
f 409/382/14 411/383/14 405/384/14
f 402/380/14 405/385/14 398/386/14
f 403/387/11 407/388/11 402/380/11
f 401/369/13 406/389/13 403/387/13
f 404/368/13 408/390/13 406/389/13
f 408/391/15 413/392/15 409/382/15
f 405/393/12 410/394/12 404/395/12
f 404/395/13 412/396/13 408/391/13
f 406/389/21 409/382/21 407/388/21
f 407/388/14 409/397/14 405/385/14
f 416/398/10 415/399/10 414/400/10
f 420/401/11 418/402/11 419/403/11
f 416/404/15 421/405/15 417/406/15
f 415/399/12 419/403/12 414/400/12
f 424/407/10 423/408/10 422/409/10
f 428/410/11 426/411/11 427/412/11
f 424/413/15 429/414/15 425/415/15
f 423/408/12 427/412/12 422/409/12
f 432/416/10 431/417/10 430/418/10
f 436/419/11 434/420/11 435/421/11
f 432/422/15 437/423/15 433/424/15
f 431/417/12 435/421/12 430/418/12
f 440/425/10 439/426/10 438/427/10
f 444/428/11 442/429/11 443/430/11
f 440/431/15 445/432/15 441/433/15
f 439/426/12 443/430/12 438/427/12
f 448/434/10 447/435/10 446/436/10
f 452/437/11 450/438/11 451/439/11
f 448/440/15 453/441/15 449/442/15
f 447/435/12 451/439/12 446/436/12
f 456/443/10 455/444/10 454/445/10
f 460/446/11 458/447/11 459/448/11
f 456/449/15 461/450/15 457/451/15
f 455/444/12 459/448/12 454/445/12
f 464/452/10 463/453/10 462/454/10
f 468/455/11 466/456/11 467/457/11
f 464/458/15 469/459/15 465/460/15
f 463/453/12 467/457/12 462/454/12
f 472/461/10 471/462/10 470/463/10
f 476/464/11 474/465/11 475/466/11
f 472/467/15 477/468/15 473/469/15
f 471/462/12 475/466/12 470/463/12
f 480/470/10 479/471/10 478/472/10
f 484/473/11 482/474/11 483/475/11
f 480/476/15 485/477/15 481/478/15
f 479/471/12 483/475/12 478/472/12
f 714/479/16 712/480/16 710/481/16
f 713/482/11 710/481/11 709/483/11
f 711/484/19 710/481/19 712/480/19
f 715/485/18 709/483/18 711/484/18
f 712/480/10 715/486/10 711/484/10
f 798/487/17 796/488/17 794/489/17
f 797/490/11 794/489/11 793/491/11
f 795/492/16 794/489/16 796/488/16
f 799/493/19 793/491/19 795/492/19
f 800/494/10 795/492/10 796/488/10
f 882/495/19 880/496/19 878/497/19
f 881/498/11 878/497/11 877/499/11
f 879/500/18 878/497/18 880/496/18
f 883/501/17 877/499/17 879/500/17
f 884/502/10 879/500/10 880/496/10
f 51/71/10 52/503/10 50/72/10
f 54/74/11 56/504/11 55/75/11
f 50/77/12 54/505/12 53/78/12
f 52/80/13 56/504/13 54/74/13
f 49/82/14 53/506/14 55/83/14
f 51/85/15 55/507/15 56/86/15
f 70/88/16 68/102/16 60/89/16
f 65/91/14 67/111/14 59/92/14
f 58/94/17 66/109/17 69/95/17
f 71/97/18 65/91/18 57/93/18
f 59/99/19 67/104/19 72/100/19
f 72/100/15 70/88/15 62/90/15
f 69/95/12 71/97/12 63/98/12
f 68/102/13 66/109/13 58/94/13
f 71/97/10 79/107/10 73/103/10
f 67/104/10 75/117/10 80/105/10
f 72/100/10 80/105/10 78/106/10
f 69/95/10 77/113/10 79/107/10
f 68/102/10 76/112/10 74/108/10
f 65/91/10 73/103/10 75/110/10
f 70/88/10 78/106/10 76/112/10
f 66/109/10 74/108/10 77/113/10
f 78/106/16 86/119/16 84/114/16
f 74/108/17 82/121/17 85/115/17
f 79/107/18 87/120/18 81/116/18
f 75/117/19 83/127/19 88/118/19
f 80/105/15 88/118/15 86/119/15
f 77/113/12 85/115/12 87/120/12
f 76/112/13 84/114/13 82/121/13
f 73/103/14 81/116/14 83/122/14
f 89/123/11 91/242/11 83/122/11
f 87/120/11 95/171/11 89/123/11
f 93/124/11 95/171/11 87/120/11
f 82/121/11 90/173/11 93/124/11
f 92/125/11 90/173/11 82/121/11
f 86/119/11 94/174/11 92/125/11
f 96/126/11 94/174/11 86/119/11
f 83/127/11 91/176/11 96/126/11
f 111/128/10 119/137/10 113/129/10
f 107/131/10 115/148/10 120/132/10
f 112/133/10 120/132/10 118/134/10
f 109/136/10 117/144/10 119/137/10
f 108/138/10 116/143/10 114/139/10
f 105/130/10 113/129/10 115/141/10
f 110/135/10 118/134/10 116/143/10
f 106/140/10 114/139/10 117/144/10
f 118/134/16 126/150/16 124/145/16
f 114/139/17 122/152/17 125/146/17
f 119/137/18 127/151/18 121/147/18
f 115/148/19 123/158/19 128/149/19
f 120/132/15 128/149/15 126/150/15
f 117/144/12 125/146/12 127/151/12
f 116/143/13 124/145/13 122/152/13
f 113/129/14 121/147/14 123/153/14
f 129/154/11 131/508/11 123/153/11
f 127/151/11 135/163/11 129/154/11
f 133/155/11 135/163/11 127/151/11
f 122/152/11 130/509/11 133/155/11
f 132/156/11 130/509/11 122/152/11
f 126/150/11 134/168/11 132/156/11
f 136/157/11 134/168/11 126/150/11
f 123/158/11 131/510/11 136/157/11
f 136/157/19 131/510/19 99/159/19
f 99/161/14 131/508/14 129/154/14
f 97/162/18 129/154/18 135/163/18
f 103/164/12 135/163/12 133/155/12
f 133/155/17 130/509/17 98/166/17
f 98/166/13 130/509/13 132/156/13
f 100/167/16 132/156/16 134/168/16
f 102/169/15 134/168/15 136/157/15
f 93/124/12 170/175/12 169/170/12
f 111/128/18 105/130/18 89/123/18
f 111/128/12 171/232/12 172/172/12
f 90/173/17 106/140/17 109/136/17
f 110/135/16 108/138/16 92/125/16
f 109/136/12 172/172/12 170/175/12
f 91/176/19 107/131/19 112/133/19
f 141/177/17 149/197/17 146/178/17
f 143/180/11 144/511/11 99/161/11
f 97/162/11 103/164/11 137/181/11
f 138/183/11 137/512/11 103/164/11
f 141/184/11 138/513/11 101/165/11
f 142/185/11 141/514/11 98/166/11
f 100/167/11 102/169/11 140/186/11
f 139/188/11 140/515/11 102/169/11
f 144/189/11 139/516/11 104/160/11
f 159/190/11 160/214/11 151/191/11
f 144/193/19 151/211/19 148/194/19
f 142/196/13 150/201/13 149/197/13
f 138/179/12 146/178/12 145/198/12
f 140/200/16 147/204/16 150/201/16
f 137/199/18 145/198/18 152/192/18
f 143/202/14 152/192/14 151/191/14
f 139/195/15 148/194/15 147/204/15
f 158/205/11 157/219/11 149/197/11
f 155/206/11 156/223/11 147/204/11
f 154/207/11 153/227/11 145/198/11
f 149/197/11 157/224/11 154/208/11
f 147/204/11 156/230/11 158/209/11
f 160/210/11 155/221/11 148/194/11
f 153/212/11 159/229/11 152/192/11
f 159/190/13 168/517/13 167/213/13
f 168/216/11 161/518/11 162/519/11
f 162/519/11 165/520/11 168/216/11
f 165/520/11 166/217/11 168/216/11
f 166/217/11 163/521/11 164/522/11
f 164/522/11 167/215/11 166/217/11
f 158/205/14 166/523/14 165/218/14
f 160/210/17 167/524/17 164/220/17
f 155/206/12 164/525/12 163/222/12
f 157/224/19 165/526/19 162/225/19
f 154/207/15 162/527/15 161/226/15
f 153/212/16 161/528/16 168/228/16
f 156/230/18 163/529/18 166/231/18
f 95/171/12 169/170/12 171/232/12
f 175/233/10 192/282/10 191/234/10
f 90/173/13 177/269/13 179/236/13
f 106/140/13 179/236/13 180/237/13
f 180/237/13 178/238/13 92/125/13
f 178/238/13 177/269/13 90/173/13
f 94/174/15 173/241/15 175/239/15
f 112/133/15 110/135/15 175/239/15
f 176/240/15 174/258/15 96/126/15
f 96/126/15 174/258/15 173/241/15
f 91/242/14 181/267/14 183/243/14
f 107/142/14 183/243/14 184/244/14
f 184/244/14 182/245/14 89/123/14
f 182/245/14 181/267/14 91/242/14
f 186/246/11 185/279/11 169/247/11
f 173/249/11 174/530/11 187/250/11
f 171/252/10 189/280/10 190/253/10
f 190/255/14 186/531/14 170/175/14
f 169/170/13 185/532/13 189/256/13
f 191/257/13 187/533/13 174/258/13
f 173/241/14 188/534/14 192/259/14
f 182/260/11 194/287/11 193/261/11
f 184/244/15 196/535/15 194/263/15
f 183/264/10 195/299/10 196/265/10
f 181/267/12 193/536/12 195/268/12
f 177/269/15 197/537/15 199/270/15
f 178/271/11 198/283/11 197/272/11
f 180/237/12 200/538/12 198/274/12
f 179/275/10 199/278/10 200/276/10
f 199/278/19 197/272/19 186/246/19
f 185/279/16 194/287/16 196/265/16
f 195/281/17 193/289/17 187/250/17
f 188/251/18 198/283/18 200/276/18
f 198/283/14 208/286/14 207/284/14
f 198/283/18 188/251/18 204/285/18
f 194/287/13 206/292/13 205/288/13
f 193/289/17 205/539/17 203/290/17
f 187/250/12 203/290/12 204/285/12
f 194/287/16 185/279/16 201/291/16
f 186/246/15 202/293/15 201/291/15
f 197/272/19 207/284/19 202/293/19
f 206/295/11 201/540/11 202/541/11
f 202/541/11 207/542/11 208/294/11
f 208/294/11 204/285/11 203/290/11
f 203/290/11 205/543/11 206/295/11
f 206/295/11 202/541/11 208/294/11
f 192/282/18 200/276/18 216/296/18
f 189/280/15 209/302/15 210/298/15
f 195/299/13 213/544/13 214/300/13
f 191/234/17 211/304/17 213/301/17
f 189/280/16 196/265/16 214/300/16
f 190/253/19 210/298/19 215/303/19
f 192/282/12 212/297/12 211/304/12
f 199/278/14 215/303/14 216/296/14
f 210/306/10 209/545/10 214/546/10
f 214/546/10 213/547/10 211/304/10
f 211/304/10 212/297/10 216/305/10
f 216/305/10 215/548/10 210/306/10
f 210/306/10 214/546/10 211/304/10
f 347/307/18 349/549/18 345/308/18
f 346/310/11 347/550/11 343/309/11
f 344/312/17 342/311/17 343/309/17
f 348/313/16 346/551/16 342/311/16
f 345/308/10 349/552/10 348/314/10
f 353/315/14 352/553/14 350/316/14
f 357/318/13 356/554/13 354/319/13
f 361/321/12 360/555/12 358/322/12
f 365/324/15 364/556/15 362/325/15
f 370/327/10 377/557/10 376/328/10
f 368/330/15 370/558/15 373/331/15
f 367/333/12 372/336/12 371/334/12
f 369/332/13 373/331/13 372/336/13
f 366/335/14 371/334/14 370/337/14
f 372/336/20 375/347/20 374/340/20
f 381/342/14 385/352/14 383/343/14
f 374/340/14 379/348/14 377/345/14
f 375/347/11 378/349/11 379/348/11
f 373/329/13 376/328/13 378/349/13
f 380/351/15 384/356/15 385/352/15
f 377/353/12 383/559/12 382/354/12
f 376/355/13 382/354/13 384/356/13
f 378/349/21 380/351/21 381/342/21
f 388/358/10 389/560/10 387/359/10
f 392/361/11 393/365/11 390/362/11
f 388/364/15 390/362/15 393/365/15
f 387/359/12 392/361/12 391/363/12
f 398/367/10 405/561/10 404/368/10
f 396/370/15 398/562/15 401/371/15
f 395/373/12 400/376/12 399/374/12
f 397/372/13 401/371/13 400/376/13
f 394/375/14 399/374/14 398/377/14
f 400/376/20 403/387/20 402/380/20
f 409/382/14 413/392/14 411/383/14
f 402/380/14 407/388/14 405/385/14
f 403/387/11 406/389/11 407/388/11
f 401/369/13 404/368/13 406/389/13
f 408/391/15 412/396/15 413/392/15
f 405/393/12 411/563/12 410/394/12
f 404/395/13 410/394/13 412/396/13
f 406/389/21 408/391/21 409/382/21
f 416/398/10 417/564/10 415/399/10
f 420/401/11 421/405/11 418/402/11
f 416/404/15 418/402/15 421/405/15
f 415/399/12 420/401/12 419/403/12
f 424/407/10 425/565/10 423/408/10
f 428/410/11 429/414/11 426/411/11
f 424/413/15 426/411/15 429/414/15
f 423/408/12 428/410/12 427/412/12
f 432/416/10 433/566/10 431/417/10
f 436/419/11 437/423/11 434/420/11
f 432/422/15 434/420/15 437/423/15
f 431/417/12 436/419/12 435/421/12
f 440/425/10 441/567/10 439/426/10
f 444/428/11 445/432/11 442/429/11
f 440/431/15 442/429/15 445/432/15
f 439/426/12 444/428/12 443/430/12
f 448/434/10 449/568/10 447/435/10
f 452/437/11 453/441/11 450/438/11
f 448/440/15 450/438/15 453/441/15
f 447/435/12 452/437/12 451/439/12
f 456/443/10 457/569/10 455/444/10
f 460/446/11 461/450/11 458/447/11
f 456/449/15 458/447/15 461/450/15
f 455/444/12 460/446/12 459/448/12
f 464/452/10 465/570/10 463/453/10
f 468/455/11 469/459/11 466/456/11
f 464/458/15 466/456/15 469/459/15
f 463/453/12 468/455/12 467/457/12
f 472/461/10 473/571/10 471/462/10
f 476/464/11 477/468/11 474/465/11
f 472/467/15 474/465/15 477/468/15
f 471/462/12 476/464/12 475/466/12
f 480/470/10 481/572/10 479/471/10
f 484/473/11 485/477/11 482/474/11
f 480/476/15 482/474/15 485/477/15
f 479/471/12 484/473/12 483/475/12
f 714/479/16 716/573/16 712/480/16
f 713/482/11 714/574/11 710/481/11
f 711/484/19 709/483/19 710/481/19
f 715/485/18 713/575/18 709/483/18
f 712/480/10 716/576/10 715/486/10
f 798/487/17 800/577/17 796/488/17
f 797/490/11 798/578/11 794/489/11
f 795/492/16 793/491/16 794/489/16
f 799/493/19 797/579/19 793/491/19
f 800/494/10 799/580/10 795/492/10
f 882/495/19 884/581/19 880/496/19
f 881/498/11 882/582/11 878/497/11
f 879/500/18 877/499/18 878/497/18
f 883/501/17 881/583/17 877/499/17
f 884/502/10 883/584/10 879/500/10
f 224/585/13 231/586/22 223/587/17
f 222/588/12 229/589/23 221/590/18
f 220/591/14 227/592/24 219/593/19
f 218/594/15 225/595/25 217/596/16
f 217/596/16 232/597/26 224/585/13
f 223/587/17 230/598/27 222/588/12
f 221/590/18 228/599/28 220/591/14
f 219/600/19 226/601/29 218/594/15
f 226/602/29 233/603/30 225/604/25
f 225/604/25 239/605/31 232/597/26
f 231/586/22 237/606/32 230/598/27
f 228/607/28 236/608/33 235/609/34
f 231/586/22 239/605/31 238/610/35
f 230/598/27 236/608/33 229/611/23
f 239/605/31 245/612/36 238/610/35
f 236/608/33 244/613/37 243/614/38
f 234/615/39 240/616/40 233/603/30
f 233/603/30 246/617/41 239/605/31
f 238/610/35 244/613/37 237/606/32
f 236/608/33 242/618/42 235/609/34
f 226/602/29 227/619/24 234/615/39
f 234/615/39 227/619/24 241/620/43
f 228/607/28 235/609/34 227/621/24
f 235/609/34 242/618/42 227/621/24
f 227/622/24 250/623/44 247/624/10
f 240/625/40 254/626/45 246/617/41
f 227/627/24 249/628/46 241/629/43
f 245/612/36 252/630/47 244/613/37
f 243/631/38 250/623/44 242/632/42
f 246/617/41 253/633/11 245/612/36
f 243/631/38 252/630/47 251/634/18
f 240/625/40 249/628/46 248/635/16
f 262/636/13 269/637/22 261/638/17
f 260/639/12 267/640/23 259/641/18
f 258/642/14 265/643/24 257/644/19
f 256/645/15 263/646/25 255/647/16
f 255/647/16 270/648/26 262/636/13
f 261/638/17 268/649/27 260/639/12
f 259/641/18 266/650/28 258/642/14
f 257/651/19 264/652/29 256/645/15
f 263/653/25 272/654/39 271/655/30
f 263/653/25 277/656/31 270/648/26
f 269/637/22 275/657/32 268/649/27
f 267/658/23 273/659/34 266/660/28
f 269/637/22 277/656/31 276/661/35
f 267/658/23 275/657/32 274/662/48
f 277/656/31 283/663/36 276/661/35
f 275/657/32 281/664/38 274/662/48
f 272/654/39 278/665/40 271/655/30
f 277/656/31 278/665/40 284/666/41
f 276/661/35 282/667/37 275/657/32
f 273/659/34 281/664/38 280/668/42
f 264/669/29 265/670/24 272/654/39
f 272/654/39 265/670/24 279/671/43
f 266/660/28 273/659/34 265/672/24
f 273/659/34 280/668/42 265/672/24
f 280/673/42 285/674/10 265/675/24
f 284/666/41 286/676/16 292/677/45
f 279/678/43 285/679/10 287/680/46
f 282/667/37 291/681/11 290/682/47
f 280/673/42 289/683/18 288/684/44
f 284/666/41 291/681/11 283/663/36
f 282/667/37 289/683/18 281/685/38
f 279/678/43 286/676/16 278/686/40
f 310/687/49 297/688/50 298/689/51
f 305/690/52 304/691/53 293/692/15
f 307/693/54 294/694/55 295/695/56
f 314/696/57 301/697/58 302/698/13
f 311/699/59 298/689/51 299/700/12
f 308/701/60 295/695/56 296/702/14
f 315/703/61 302/698/13 303/704/62
f 312/705/63 299/700/12 300/706/64
f 309/707/65 296/708/14 297/688/50
f 316/709/66 303/704/62 304/691/53
f 306/710/67 293/692/15 294/694/55
f 313/711/68 300/706/64 301/697/58
f 317/712/69 321/713/11 319/714/70
f 317/712/69 320/715/71 318/716/72
f 319/717/70 321/718/11 322/719/73
f 320/715/71 322/719/73 323/720/74
f 322/721/73 321/722/11 324/723/75
f 323/720/74 324/723/75 325/724/76
f 324/725/75 327/726/77 325/724/76
f 324/725/75 321/727/11 326/728/78
f 326/729/78 329/730/79 327/726/77
f 326/729/78 321/731/11 328/732/80
f 328/733/80 331/734/81 329/730/79
f 328/733/80 321/735/11 330/736/82
f 330/737/82 333/738/83 331/734/81
f 330/737/82 321/739/11 332/740/84
f 332/741/84 335/742/85 333/738/83
f 332/741/84 321/743/11 334/744/86
f 334/745/86 321/746/11 336/747/87
f 334/745/86 337/748/88 335/742/85
f 327/726/77 312/705/63 313/711/68
f 312/705/63 331/734/81 311/699/59
f 336/749/87 321/750/11 338/751/89
f 311/699/59 333/738/83 310/687/49
f 333/738/83 309/707/65 310/687/49
f 336/749/87 339/752/90 337/753/88
f 308/754/60 335/742/85 337/748/88
f 308/701/60 339/752/90 307/693/54
f 338/755/89 321/756/11 340/757/91
f 307/693/54 341/758/92 306/710/67
f 305/690/52 341/758/92 318/716/72
f 338/755/89 341/758/92 339/752/90
f 305/690/52 320/715/71 316/709/66
f 316/709/66 323/720/74 315/703/61
f 340/759/91 321/760/11 317/761/69
f 323/720/74 314/696/57 315/703/61
f 325/724/76 313/711/68 314/696/57
f 341/758/92 317/761/69 318/716/72
f 503/762/49 490/763/50 491/764/51
f 498/765/52 497/766/53 486/767/15
f 500/768/54 487/769/55 488/770/56
f 507/771/57 494/772/58 495/773/13
f 504/774/59 491/764/51 492/775/12
f 501/776/60 488/770/56 489/777/14
f 508/778/61 495/773/13 496/779/62
f 505/780/63 492/775/12 493/781/64
f 502/782/65 489/783/14 490/763/50
f 509/784/66 496/779/62 497/766/53
f 499/785/67 486/767/15 487/769/55
f 506/786/68 493/781/64 494/772/58
f 510/787/69 514/788/11 512/789/70
f 510/787/69 513/790/71 511/791/72
f 512/792/70 514/793/11 515/794/73
f 512/792/70 516/795/74 513/790/71
f 515/796/73 514/797/11 517/798/75
f 515/796/73 518/799/76 516/795/74
f 517/800/75 520/801/77 518/799/76
f 517/800/75 514/802/11 519/803/78
f 519/804/78 522/805/79 520/801/77
f 519/804/78 514/806/11 521/807/80
f 521/808/80 524/809/81 522/805/79
f 521/808/80 514/810/11 523/811/82
f 524/809/81 525/812/84 526/813/83
f 523/814/82 514/815/11 525/812/84
f 525/816/84 528/817/85 526/813/83
f 525/816/84 514/818/11 527/819/93
f 527/820/93 514/821/11 529/822/87
f 528/817/85 529/822/87 530/823/88
f 506/786/68 522/805/79 505/780/63
f 505/780/63 524/809/81 504/774/59
f 529/824/87 514/825/11 531/826/89
f 504/774/59 526/813/83 503/762/49
f 526/813/83 502/782/65 503/762/49
f 529/824/87 532/827/90 530/828/88
f 501/829/60 528/817/85 530/823/88
f 501/776/60 532/827/90 500/768/54
f 531/830/89 514/831/11 533/832/91
f 500/768/54 534/833/92 499/785/67
f 498/765/52 534/833/92 511/791/72
f 531/830/89 534/833/92 532/827/90
f 498/765/52 513/790/71 509/784/66
f 509/784/66 516/795/74 508/778/61
f 533/834/91 514/835/11 510/836/69
f 516/795/74 507/771/57 508/778/61
f 507/771/57 520/801/77 506/786/68
f 533/834/91 511/791/72 534/833/92
f 552/837/49 539/838/50 540/839/51
f 547/840/52 546/841/53 535/842/15
f 549/843/54 536/844/55 537/845/56
f 556/846/57 543/847/58 544/848/13
f 553/849/59 540/839/51 541/850/12
f 550/851/60 537/845/56 538/852/14
f 557/853/61 544/848/13 545/854/62
f 554/855/63 541/850/12 542/856/64
f 551/857/65 538/858/14 539/838/50
f 558/859/66 545/854/62 546/841/53
f 548/860/67 535/842/15 536/844/55
f 555/861/68 542/856/64 543/847/58
f 559/862/69 563/863/11 561/864/70
f 560/865/72 561/864/70 562/866/71
f 561/867/70 563/868/11 564/869/94
f 561/867/70 565/870/74 562/866/71
f 564/871/94 563/872/11 566/873/75
f 565/870/74 566/873/75 567/874/76
f 566/875/75 569/876/77 567/874/76
f 566/875/75 563/877/11 568/878/78
f 569/876/77 570/879/95 571/880/79
f 568/881/78 563/882/11 570/879/95
f 571/880/79 572/883/82 573/884/81
f 570/885/95 563/886/11 572/883/82
f 572/887/82 575/888/83 573/884/81
f 572/887/82 563/889/11 574/890/84
f 574/891/84 577/892/85 575/888/83
f 574/891/84 563/893/11 576/894/93
f 576/895/93 563/896/11 578/897/87
f 576/895/93 579/898/88 577/892/85
f 569/876/77 554/855/63 555/861/68
f 571/880/79 553/849/59 554/855/63
f 578/899/87 563/900/11 580/901/96
f 573/884/81 552/837/49 553/849/59
f 575/888/83 551/857/65 552/837/49
f 578/899/87 581/902/90 579/903/88
f 551/857/65 579/898/88 550/904/60
f 550/851/60 581/902/90 549/843/54
f 580/905/96 563/906/11 582/907/91
f 549/843/54 583/908/92 548/860/67
f 547/840/52 583/908/92 560/865/72
f 580/905/96 583/908/92 581/902/90
f 547/840/52 562/866/71 558/859/66
f 558/859/66 565/870/74 557/853/61
f 582/909/91 563/910/11 559/911/69
f 565/870/74 556/846/57 557/853/61
f 556/846/57 569/876/77 555/861/68
f 582/909/91 560/865/72 583/908/92
f 601/912/49 588/913/50 589/914/51
f 596/915/52 595/916/53 584/917/15
f 598/918/54 585/919/55 586/920/56
f 605/921/57 592/922/58 593/923/13
f 602/924/59 589/914/51 590/925/12
f 599/926/60 586/920/56 587/927/14
f 606/928/61 593/923/13 594/929/62
f 603/930/63 590/925/12 591/931/64
f 600/932/65 587/933/14 588/913/50
f 607/934/66 594/929/62 595/916/53
f 597/935/67 584/917/15 585/919/55
f 604/936/68 591/931/64 592/922/58
f 608/937/69 612/938/11 610/939/70
f 608/937/69 611/940/71 609/941/72
f 610/942/70 612/943/11 613/944/94
f 610/942/70 614/945/74 611/940/71
f 613/946/94 612/947/11 615/948/75
f 613/946/94 616/949/76 614/945/74
f 616/949/76 617/950/78 618/951/77
f 615/952/75 612/953/11 617/950/78
f 617/954/78 620/955/79 618/951/77
f 617/954/78 612/956/11 619/957/80
f 620/955/79 621/958/82 622/959/81
f 619/960/80 612/961/11 621/958/82
f 621/962/82 624/963/83 622/959/81
f 621/962/82 612/964/11 623/965/84
f 624/963/83 625/966/93 626/967/85
f 623/968/84 612/969/11 625/966/93
f 625/970/93 612/971/11 627/972/87
f 625/970/93 628/973/88 626/967/85
f 618/951/77 603/930/63 604/936/68
f 603/930/63 622/959/81 602/924/59
f 627/974/87 612/975/11 629/976/96
f 602/924/59 624/963/83 601/912/49
f 624/963/83 600/932/65 601/912/49
f 627/974/87 630/977/90 628/978/88
f 599/979/60 626/967/85 628/973/88
f 599/926/60 630/977/90 598/918/54
f 629/980/96 612/981/11 631/982/91
f 598/918/54 632/983/92 597/935/67
f 597/935/67 609/941/72 596/915/52
f 629/980/96 632/983/92 630/977/90
f 596/915/52 611/940/71 607/934/66
f 607/934/66 614/945/74 606/928/61
f 631/984/91 612/985/11 608/986/69
f 614/945/74 605/921/57 606/928/61
f 605/921/57 618/951/77 604/936/68
f 631/984/91 609/941/72 632/983/92
f 640/987/14 647/988/97 639/989/19
f 638/990/15 645/991/98 637/992/16
f 636/993/13 643/994/99 635/995/17
f 634/996/12 641/997/100 633/998/18
f 633/998/18 648/999/101 640/987/14
f 639/989/19 646/1000/102 638/990/15
f 637/992/16 644/1001/103 636/993/13
f 635/1002/17 642/1003/104 634/996/12
f 642/1004/104 649/1005/105 641/1006/100
f 648/999/101 649/1005/105 655/1007/106
f 646/1000/102 654/1008/107 653/1009/108
f 645/1010/98 651/1011/109 644/1012/103
f 648/999/101 654/1008/107 647/988/97
f 646/1000/102 652/1013/110 645/1010/98
f 655/1007/106 661/1014/111 654/1008/107
f 652/1013/110 660/1015/112 659/1016/113
f 649/1005/105 657/1017/114 656/1018/115
f 649/1005/105 662/1019/116 655/1007/106
f 654/1008/107 660/1015/112 653/1009/108
f 652/1013/110 658/1020/117 651/1011/109
f 642/1004/104 643/1021/99 650/1022/118
f 650/1022/118 643/1021/99 657/1017/114
f 644/1012/103 651/1011/109 643/1023/99
f 651/1011/109 658/1020/117 643/1023/99
f 643/1024/99 666/1025/46 663/1026/10
f 656/1027/115 670/1028/47 662/1019/116
f 643/1029/99 665/1030/44 657/1031/114
f 661/1014/111 668/1032/45 660/1015/112
f 659/1033/113 666/1025/46 658/1034/117
f 661/1014/111 670/1028/47 669/1035/11
f 659/1033/113 668/1032/45 667/1036/16
f 656/1027/115 665/1030/44 664/1037/18
f 678/1038/14 685/1039/97 677/1040/19
f 676/1041/15 683/1042/98 675/1043/16
f 674/1044/13 681/1045/99 673/1046/17
f 672/1047/12 679/1048/100 671/1049/18
f 671/1049/18 686/1050/101 678/1038/14
f 677/1040/19 684/1051/102 676/1041/15
f 675/1043/16 682/1052/103 674/1044/13
f 673/1053/17 680/1054/104 672/1047/12
f 679/1055/100 688/1056/118 687/1057/105
f 679/1055/100 693/1058/106 686/1050/101
f 685/1039/97 691/1059/108 684/1051/102
f 683/1060/98 689/1061/109 682/1062/103
f 685/1039/97 693/1058/106 692/1063/107
f 684/1051/102 690/1064/110 683/1060/98
f 693/1058/106 699/1065/111 692/1063/107
f 691/1059/108 697/1066/113 690/1064/110
f 688/1056/118 694/1067/115 687/1057/105
f 693/1058/106 694/1067/115 700/1068/116
f 692/1063/107 698/1069/112 691/1059/108
f 689/1061/109 697/1066/113 696/1070/117
f 680/1071/104 681/1072/99 688/1056/118
f 688/1056/118 681/1072/99 695/1073/114
f 682/1062/103 689/1061/109 681/1074/99
f 689/1061/109 696/1070/117 681/1074/99
f 696/1075/117 701/1076/10 681/1077/99
f 700/1068/116 702/1078/18 708/1079/47
f 695/1080/114 701/1081/10 703/1082/44
f 699/1065/111 706/1083/45 698/1069/112
f 697/1084/113 704/1085/46 696/1075/117
f 700/1068/116 707/1086/11 699/1065/111
f 698/1069/112 705/1087/16 697/1084/113
f 695/1080/114 702/1078/18 694/1088/115
f 724/1089/15 731/1090/119 723/1091/16
f 722/1092/13 729/1093/120 721/1094/17
f 720/1095/12 727/1096/44 719/1097/18
f 718/1098/14 725/1099/121 717/1100/19
f 717/1100/19 732/1101/122 724/1089/15
f 723/1091/16 730/1102/123 722/1092/13
f 721/1094/17 728/1103/124 720/1095/12
f 719/1104/18 726/1105/125 718/1098/14
f 726/1106/125 733/1107/126 725/1108/121
f 732/1101/122 733/1107/126 739/1109/127
f 730/1102/123 738/1110/45 737/1111/128
f 728/1112/124 736/1113/129 735/1114/130
f 731/1090/119 739/1109/127 738/1110/45
f 730/1102/123 736/1113/129 729/1115/120
f 738/1110/45 746/1116/131 745/1117/132
f 736/1113/129 744/1118/133 743/1119/134
f 734/1120/135 740/1121/136 733/1107/126
f 733/1107/126 746/1116/131 739/1109/127
f 738/1110/45 744/1118/133 737/1111/128
f 736/1113/129 742/1122/137 735/1114/130
f 726/1106/125 727/1123/44 734/1120/135
f 734/1120/135 727/1123/44 741/1124/138
f 728/1112/124 735/1114/130 727/1125/44
f 735/1114/130 742/1122/137 727/1125/44
f 727/1126/44 750/1127/99 747/1128/10
f 740/1129/136 754/1130/107 746/1116/131
f 727/1131/44 749/1132/24 741/1133/138
f 745/1117/132 752/1134/35 744/1118/133
f 743/1135/134 750/1127/99 742/1136/137
f 746/1116/131 753/1137/11 745/1117/132
f 743/1135/134 752/1134/35 751/1138/17
f 740/1129/136 749/1132/24 748/1139/19
f 762/1140/15 769/1141/119 761/1142/16
f 760/1143/13 767/1144/120 759/1145/17
f 758/1146/12 765/1147/44 757/1148/18
f 756/1149/14 763/1150/121 755/1151/19
f 755/1151/19 770/1152/122 762/1140/15
f 761/1142/16 768/1153/123 760/1143/13
f 759/1145/17 766/1154/124 758/1146/12
f 757/1155/18 764/1156/125 756/1149/14
f 763/1157/121 772/1158/139 771/1159/126
f 763/1157/121 777/1160/127 770/1152/122
f 768/1153/123 776/1161/45 775/1162/140
f 767/1163/120 773/1164/130 766/1165/124
f 769/1141/119 777/1160/127 776/1161/45
f 768/1153/123 774/1166/129 767/1163/120
f 777/1160/127 783/1167/132 776/1161/45
f 775/1162/140 781/1168/134 774/1166/129
f 772/1158/139 778/1169/136 771/1159/126
f 771/1159/126 784/1170/131 777/1160/127
f 776/1161/45 782/1171/133 775/1162/140
f 773/1164/130 781/1168/134 780/1172/137
f 764/1173/125 765/1174/44 772/1158/139
f 772/1158/139 765/1174/44 779/1175/138
f 766/1165/124 773/1164/130 765/1176/44
f 773/1164/130 780/1172/137 765/1176/44
f 780/1177/137 785/1178/10 765/1179/44
f 784/1170/131 786/1180/19 792/1181/107
f 779/1182/138 785/1183/10 787/1184/24
f 782/1171/133 791/1185/11 790/1186/35
f 780/1177/137 789/1187/17 788/1188/99
f 783/1167/132 792/1181/107 791/1185/11
f 782/1171/133 789/1187/17 781/1189/134
f 779/1182/138 786/1180/19 778/1190/136
f 808/1191/12 815/1192/141 807/1193/18
f 806/1194/14 813/1195/142 805/1196/19
f 804/1197/15 811/1198/46 803/1199/16
f 802/1200/13 809/1201/143 801/1202/17
f 801/1202/17 816/1203/144 808/1191/12
f 807/1193/18 814/1204/145 806/1194/14
f 805/1196/19 812/1205/146 804/1197/15
f 803/1206/16 810/1207/147 802/1200/13
f 810/1208/147 817/1209/148 809/1210/143
f 816/1203/144 817/1209/148 823/1211/149
f 814/1204/145 822/1212/47 821/1213/150
f 812/1214/146 820/1215/151 819/1216/152
f 815/1192/141 823/1211/149 822/1212/47
f 814/1204/145 820/1215/151 813/1217/142
f 823/1211/149 829/1218/153 822/1212/47
f 820/1215/151 828/1219/154 827/1220/155
f 817/1209/148 825/1221/156 824/1222/157
f 817/1209/148 830/1223/158 823/1211/149
f 822/1212/47 828/1219/154 821/1213/150
f 820/1215/151 826/1224/159 819/1216/152
f 810/1208/147 811/1225/46 818/1226/160
f 818/1226/160 811/1225/46 825/1221/156
f 812/1214/146 819/1216/152 811/1227/46
f 819/1216/152 826/1224/159 811/1227/46
f 811/1228/46 834/1229/24 831/1230/10
f 824/1231/157 838/1232/35 830/1223/158
f 811/1233/46 833/1234/99 825/1235/156
f 828/1219/154 837/1236/11 836/1237/107
f 827/1238/155 834/1229/24 826/1239/159
f 829/1218/153 838/1232/35 837/1236/11
f 828/1219/154 835/1240/19 827/1238/155
f 824/1231/157 833/1234/99 832/1241/17
f 846/1242/12 853/1243/141 845/1244/18
f 844/1245/14 851/1246/142 843/1247/19
f 842/1248/15 849/1249/46 841/1250/16
f 840/1251/13 847/1252/143 839/1253/17
f 839/1253/17 854/1254/144 846/1242/12
f 845/1244/18 852/1255/145 844/1245/14
f 843/1247/19 850/1256/146 842/1248/15
f 841/1257/16 848/1258/147 840/1251/13
f 847/1259/143 856/1260/161 855/1261/162
f 847/1259/143 861/1262/149 854/1254/144
f 853/1243/141 859/1263/150 852/1255/145
f 851/1264/142 857/1265/152 850/1266/146
f 853/1243/141 861/1262/149 860/1267/47
f 852/1255/145 858/1268/151 851/1264/142
f 861/1262/149 867/1269/153 860/1267/47
f 859/1263/150 865/1270/155 858/1268/151
f 856/1260/161 862/1271/157 855/1261/162
f 855/1261/162 868/1272/158 861/1262/149
f 860/1267/47 866/1273/154 859/1263/150
f 857/1265/152 865/1270/155 864/1274/159
f 848/1275/147 849/1276/46 856/1260/161
f 856/1260/161 849/1276/46 863/1277/156
f 850/1266/146 857/1265/152 849/1278/46
f 857/1265/152 864/1274/159 849/1278/46
f 864/1279/159 869/1280/10 849/1281/46
f 868/1272/158 870/1282/17 876/1283/35
f 863/1284/156 869/1285/10 871/1286/99
f 867/1269/153 874/1287/107 866/1273/154
f 864/1279/159 873/1288/19 872/1289/24
f 868/1272/158 875/1290/11 867/1269/153
f 866/1273/154 873/1288/19 865/1291/155
f 863/1284/156 870/1282/17 862/1292/157
f 224/585/13 232/597/26 231/586/22
f 222/588/12 230/598/27 229/589/23
f 220/591/14 228/599/28 227/592/24
f 218/594/15 226/601/29 225/595/25
f 217/596/16 225/595/25 232/597/26
f 223/587/17 231/586/22 230/598/27
f 221/590/18 229/589/23 228/599/28
f 219/600/19 227/1293/24 226/601/29
f 226/602/29 234/615/39 233/603/30
f 225/604/25 233/603/30 239/605/31
f 231/586/22 238/610/35 237/606/32
f 228/607/28 229/611/23 236/608/33
f 231/586/22 232/597/26 239/605/31
f 230/598/27 237/606/32 236/608/33
f 239/605/31 246/617/41 245/612/36
f 236/608/33 237/606/32 244/613/37
f 234/615/39 241/620/43 240/616/40
f 233/603/30 240/616/40 246/617/41
f 238/610/35 245/612/36 244/613/37
f 236/608/33 243/614/38 242/618/42
f 227/622/24 242/632/42 250/623/44
f 240/625/40 248/635/16 254/626/45
f 227/627/24 247/1294/10 249/628/46
f 245/612/36 253/633/11 252/630/47
f 243/631/38 251/634/18 250/623/44
f 246/617/41 254/626/45 253/633/11
f 243/631/38 244/613/37 252/630/47
f 240/625/40 241/629/43 249/628/46
f 262/636/13 270/648/26 269/637/22
f 260/639/12 268/649/27 267/640/23
f 258/642/14 266/650/28 265/643/24
f 256/645/15 264/652/29 263/646/25
f 255/647/16 263/646/25 270/648/26
f 261/638/17 269/637/22 268/649/27
f 259/641/18 267/640/23 266/650/28
f 257/651/19 265/1295/24 264/652/29
f 263/653/25 264/669/29 272/654/39
f 263/653/25 271/655/30 277/656/31
f 269/637/22 276/661/35 275/657/32
f 267/658/23 274/662/48 273/659/34
f 269/637/22 270/648/26 277/656/31
f 267/658/23 268/649/27 275/657/32
f 277/656/31 284/666/41 283/663/36
f 275/657/32 282/667/37 281/664/38
f 272/654/39 279/671/43 278/665/40
f 277/656/31 271/655/30 278/665/40
f 276/661/35 283/663/36 282/667/37
f 273/659/34 274/662/48 281/664/38
f 280/673/42 288/684/44 285/674/10
f 284/666/41 278/686/40 286/676/16
f 279/678/43 265/1296/24 285/679/10
f 282/667/37 283/663/36 291/681/11
f 280/673/42 281/685/38 289/683/18
f 284/666/41 292/677/45 291/681/11
f 282/667/37 290/682/47 289/683/18
f 279/678/43 287/680/46 286/676/16
f 310/687/49 309/707/65 297/688/50
f 305/690/52 316/709/66 304/691/53
f 307/693/54 306/710/67 294/694/55
f 314/696/57 313/711/68 301/697/58
f 311/699/59 310/687/49 298/689/51
f 308/701/60 307/693/54 295/695/56
f 315/703/61 314/696/57 302/698/13
f 312/705/63 311/699/59 299/700/12
f 309/707/65 308/754/60 296/708/14
f 316/709/66 315/703/61 303/704/62
f 306/710/67 305/690/52 293/692/15
f 313/711/68 312/705/63 300/706/64
f 317/712/69 319/714/70 320/715/71
f 320/715/71 319/717/70 322/719/73
f 323/720/74 322/721/73 324/723/75
f 324/725/75 326/728/78 327/726/77
f 326/729/78 328/732/80 329/730/79
f 328/733/80 330/736/82 331/734/81
f 330/737/82 332/740/84 333/738/83
f 332/741/84 334/744/86 335/742/85
f 334/745/86 336/747/87 337/748/88
f 327/726/77 329/730/79 312/705/63
f 312/705/63 329/730/79 331/734/81
f 311/699/59 331/734/81 333/738/83
f 333/738/83 335/742/85 309/707/65
f 336/749/87 338/751/89 339/752/90
f 308/754/60 309/707/65 335/742/85
f 308/701/60 337/753/88 339/752/90
f 307/693/54 339/752/90 341/758/92
f 305/690/52 306/710/67 341/758/92
f 338/755/89 340/757/91 341/758/92
f 305/690/52 318/716/72 320/715/71
f 316/709/66 320/715/71 323/720/74
f 323/720/74 325/724/76 314/696/57
f 325/724/76 327/726/77 313/711/68
f 341/758/92 340/759/91 317/761/69
f 503/762/49 502/782/65 490/763/50
f 498/765/52 509/784/66 497/766/53
f 500/768/54 499/785/67 487/769/55
f 507/771/57 506/786/68 494/772/58
f 504/774/59 503/762/49 491/764/51
f 501/776/60 500/768/54 488/770/56
f 508/778/61 507/771/57 495/773/13
f 505/780/63 504/774/59 492/775/12
f 502/782/65 501/829/60 489/783/14
f 509/784/66 508/778/61 496/779/62
f 499/785/67 498/765/52 486/767/15
f 506/786/68 505/780/63 493/781/64
f 510/787/69 512/789/70 513/790/71
f 512/792/70 515/794/73 516/795/74
f 515/796/73 517/798/75 518/799/76
f 517/800/75 519/803/78 520/801/77
f 519/804/78 521/807/80 522/805/79
f 521/808/80 523/811/82 524/809/81
f 524/809/81 523/814/82 525/812/84
f 525/816/84 527/819/93 528/817/85
f 528/817/85 527/820/93 529/822/87
f 506/786/68 520/801/77 522/805/79
f 505/780/63 522/805/79 524/809/81
f 504/774/59 524/809/81 526/813/83
f 526/813/83 528/817/85 502/782/65
f 529/824/87 531/826/89 532/827/90
f 501/829/60 502/782/65 528/817/85
f 501/776/60 530/828/88 532/827/90
f 500/768/54 532/827/90 534/833/92
f 498/765/52 499/785/67 534/833/92
f 531/830/89 533/832/91 534/833/92
f 498/765/52 511/791/72 513/790/71
f 509/784/66 513/790/71 516/795/74
f 516/795/74 518/799/76 507/771/57
f 507/771/57 518/799/76 520/801/77
f 533/834/91 510/836/69 511/791/72
f 552/837/49 551/857/65 539/838/50
f 547/840/52 558/859/66 546/841/53
f 549/843/54 548/860/67 536/844/55
f 556/846/57 555/861/68 543/847/58
f 553/849/59 552/837/49 540/839/51
f 550/851/60 549/843/54 537/845/56
f 557/853/61 556/846/57 544/848/13
f 554/855/63 553/849/59 541/850/12
f 551/857/65 550/904/60 538/858/14
f 558/859/66 557/853/61 545/854/62
f 548/860/67 547/840/52 535/842/15
f 555/861/68 554/855/63 542/856/64
f 560/865/72 559/862/69 561/864/70
f 561/867/70 564/869/94 565/870/74
f 565/870/74 564/871/94 566/873/75
f 566/875/75 568/878/78 569/876/77
f 569/876/77 568/881/78 570/879/95
f 571/880/79 570/885/95 572/883/82
f 572/887/82 574/890/84 575/888/83
f 574/891/84 576/894/93 577/892/85
f 576/895/93 578/897/87 579/898/88
f 569/876/77 571/880/79 554/855/63
f 571/880/79 573/884/81 553/849/59
f 573/884/81 575/888/83 552/837/49
f 575/888/83 577/892/85 551/857/65
f 578/899/87 580/901/96 581/902/90
f 551/857/65 577/892/85 579/898/88
f 550/851/60 579/903/88 581/902/90
f 549/843/54 581/902/90 583/908/92
f 547/840/52 548/860/67 583/908/92
f 580/905/96 582/907/91 583/908/92
f 547/840/52 560/865/72 562/866/71
f 558/859/66 562/866/71 565/870/74
f 565/870/74 567/874/76 556/846/57
f 556/846/57 567/874/76 569/876/77
f 582/909/91 559/911/69 560/865/72
f 601/912/49 600/932/65 588/913/50
f 596/915/52 607/934/66 595/916/53
f 598/918/54 597/935/67 585/919/55
f 605/921/57 604/936/68 592/922/58
f 602/924/59 601/912/49 589/914/51
f 599/926/60 598/918/54 586/920/56
f 606/928/61 605/921/57 593/923/13
f 603/930/63 602/924/59 590/925/12
f 600/932/65 599/979/60 587/933/14
f 607/934/66 606/928/61 594/929/62
f 597/935/67 596/915/52 584/917/15
f 604/936/68 603/930/63 591/931/64
f 608/937/69 610/939/70 611/940/71
f 610/942/70 613/944/94 614/945/74
f 613/946/94 615/948/75 616/949/76
f 616/949/76 615/952/75 617/950/78
f 617/954/78 619/957/80 620/955/79
f 620/955/79 619/960/80 621/958/82
f 621/962/82 623/965/84 624/963/83
f 624/963/83 623/968/84 625/966/93
f 625/970/93 627/972/87 628/973/88
f 618/951/77 620/955/79 603/930/63
f 603/930/63 620/955/79 622/959/81
f 602/924/59 622/959/81 624/963/83
f 624/963/83 626/967/85 600/932/65
f 627/974/87 629/976/96 630/977/90
f 599/979/60 600/932/65 626/967/85
f 599/926/60 628/978/88 630/977/90
f 598/918/54 630/977/90 632/983/92
f 597/935/67 632/983/92 609/941/72
f 629/980/96 631/982/91 632/983/92
f 596/915/52 609/941/72 611/940/71
f 607/934/66 611/940/71 614/945/74
f 614/945/74 616/949/76 605/921/57
f 605/921/57 616/949/76 618/951/77
f 631/984/91 608/986/69 609/941/72
f 640/987/14 648/999/101 647/988/97
f 638/990/15 646/1000/102 645/991/98
f 636/993/13 644/1001/103 643/994/99
f 634/996/12 642/1003/104 641/997/100
f 633/998/18 641/997/100 648/999/101
f 639/989/19 647/988/97 646/1000/102
f 637/992/16 645/991/98 644/1001/103
f 635/1002/17 643/1297/99 642/1003/104
f 642/1004/104 650/1022/118 649/1005/105
f 648/999/101 641/1006/100 649/1005/105
f 646/1000/102 647/988/97 654/1008/107
f 645/1010/98 652/1013/110 651/1011/109
f 648/999/101 655/1007/106 654/1008/107
f 646/1000/102 653/1009/108 652/1013/110
f 655/1007/106 662/1019/116 661/1014/111
f 652/1013/110 653/1009/108 660/1015/112
f 649/1005/105 650/1022/118 657/1017/114
f 649/1005/105 656/1018/115 662/1019/116
f 654/1008/107 661/1014/111 660/1015/112
f 652/1013/110 659/1016/113 658/1020/117
f 643/1024/99 658/1034/117 666/1025/46
f 656/1027/115 664/1037/18 670/1028/47
f 643/1029/99 663/1298/10 665/1030/44
f 661/1014/111 669/1035/11 668/1032/45
f 659/1033/113 667/1036/16 666/1025/46
f 661/1014/111 662/1019/116 670/1028/47
f 659/1033/113 660/1015/112 668/1032/45
f 656/1027/115 657/1031/114 665/1030/44
f 678/1038/14 686/1050/101 685/1039/97
f 676/1041/15 684/1051/102 683/1042/98
f 674/1044/13 682/1052/103 681/1045/99
f 672/1047/12 680/1054/104 679/1048/100
f 671/1049/18 679/1048/100 686/1050/101
f 677/1040/19 685/1039/97 684/1051/102
f 675/1043/16 683/1042/98 682/1052/103
f 673/1053/17 681/1299/99 680/1054/104
f 679/1055/100 680/1071/104 688/1056/118
f 679/1055/100 687/1057/105 693/1058/106
f 685/1039/97 692/1063/107 691/1059/108
f 683/1060/98 690/1064/110 689/1061/109
f 685/1039/97 686/1050/101 693/1058/106
f 684/1051/102 691/1059/108 690/1064/110
f 693/1058/106 700/1068/116 699/1065/111
f 691/1059/108 698/1069/112 697/1066/113
f 688/1056/118 695/1073/114 694/1067/115
f 693/1058/106 687/1057/105 694/1067/115
f 692/1063/107 699/1065/111 698/1069/112
f 689/1061/109 690/1064/110 697/1066/113
f 696/1075/117 704/1085/46 701/1076/10
f 700/1068/116 694/1088/115 702/1078/18
f 695/1080/114 681/1300/99 701/1081/10
f 699/1065/111 707/1086/11 706/1083/45
f 697/1084/113 705/1087/16 704/1085/46
f 700/1068/116 708/1079/47 707/1086/11
f 698/1069/112 706/1083/45 705/1087/16
f 695/1080/114 703/1082/44 702/1078/18
f 724/1089/15 732/1101/122 731/1090/119
f 722/1092/13 730/1102/123 729/1093/120
f 720/1095/12 728/1103/124 727/1096/44
f 718/1098/14 726/1105/125 725/1099/121
f 717/1100/19 725/1099/121 732/1101/122
f 723/1091/16 731/1090/119 730/1102/123
f 721/1094/17 729/1093/120 728/1103/124
f 719/1104/18 727/1301/44 726/1105/125
f 726/1106/125 734/1120/135 733/1107/126
f 732/1101/122 725/1108/121 733/1107/126
f 730/1102/123 731/1090/119 738/1110/45
f 728/1112/124 729/1115/120 736/1113/129
f 731/1090/119 732/1101/122 739/1109/127
f 730/1102/123 737/1111/128 736/1113/129
f 738/1110/45 739/1109/127 746/1116/131
f 736/1113/129 737/1111/128 744/1118/133
f 734/1120/135 741/1124/138 740/1121/136
f 733/1107/126 740/1121/136 746/1116/131
f 738/1110/45 745/1117/132 744/1118/133
f 736/1113/129 743/1119/134 742/1122/137
f 727/1126/44 742/1136/137 750/1127/99
f 740/1129/136 748/1139/19 754/1130/107
f 727/1131/44 747/1302/10 749/1132/24
f 745/1117/132 753/1137/11 752/1134/35
f 743/1135/134 751/1138/17 750/1127/99
f 746/1116/131 754/1130/107 753/1137/11
f 743/1135/134 744/1118/133 752/1134/35
f 740/1129/136 741/1133/138 749/1132/24
f 762/1140/15 770/1152/122 769/1141/119
f 760/1143/13 768/1153/123 767/1144/120
f 758/1146/12 766/1154/124 765/1147/44
f 756/1149/14 764/1156/125 763/1150/121
f 755/1151/19 763/1150/121 770/1152/122
f 761/1142/16 769/1141/119 768/1153/123
f 759/1145/17 767/1144/120 766/1154/124
f 757/1155/18 765/1303/44 764/1156/125
f 763/1157/121 764/1173/125 772/1158/139
f 763/1157/121 771/1159/126 777/1160/127
f 768/1153/123 769/1141/119 776/1161/45
f 767/1163/120 774/1166/129 773/1164/130
f 769/1141/119 770/1152/122 777/1160/127
f 768/1153/123 775/1162/140 774/1166/129
f 777/1160/127 784/1170/131 783/1167/132
f 775/1162/140 782/1171/133 781/1168/134
f 772/1158/139 779/1175/138 778/1169/136
f 771/1159/126 778/1169/136 784/1170/131
f 776/1161/45 783/1167/132 782/1171/133
f 773/1164/130 774/1166/129 781/1168/134
f 780/1177/137 788/1188/99 785/1178/10
f 784/1170/131 778/1190/136 786/1180/19
f 779/1182/138 765/1304/44 785/1183/10
f 782/1171/133 783/1167/132 791/1185/11
f 780/1177/137 781/1189/134 789/1187/17
f 783/1167/132 784/1170/131 792/1181/107
f 782/1171/133 790/1186/35 789/1187/17
f 779/1182/138 787/1184/24 786/1180/19
f 808/1191/12 816/1203/144 815/1192/141
f 806/1194/14 814/1204/145 813/1195/142
f 804/1197/15 812/1205/146 811/1198/46
f 802/1200/13 810/1207/147 809/1201/143
f 801/1202/17 809/1201/143 816/1203/144
f 807/1193/18 815/1192/141 814/1204/145
f 805/1196/19 813/1195/142 812/1205/146
f 803/1206/16 811/1305/46 810/1207/147
f 810/1208/147 818/1226/160 817/1209/148
f 816/1203/144 809/1210/143 817/1209/148
f 814/1204/145 815/1192/141 822/1212/47
f 812/1214/146 813/1217/142 820/1215/151
f 815/1192/141 816/1203/144 823/1211/149
f 814/1204/145 821/1213/150 820/1215/151
f 823/1211/149 830/1223/158 829/1218/153
f 820/1215/151 821/1213/150 828/1219/154
f 817/1209/148 818/1226/160 825/1221/156
f 817/1209/148 824/1222/157 830/1223/158
f 822/1212/47 829/1218/153 828/1219/154
f 820/1215/151 827/1220/155 826/1224/159
f 811/1228/46 826/1239/159 834/1229/24
f 824/1231/157 832/1241/17 838/1232/35
f 811/1233/46 831/1306/10 833/1234/99
f 828/1219/154 829/1218/153 837/1236/11
f 827/1238/155 835/1240/19 834/1229/24
f 829/1218/153 830/1223/158 838/1232/35
f 828/1219/154 836/1237/107 835/1240/19
f 824/1231/157 825/1235/156 833/1234/99
f 846/1242/12 854/1254/144 853/1243/141
f 844/1245/14 852/1255/145 851/1246/142
f 842/1248/15 850/1256/146 849/1249/46
f 840/1251/13 848/1258/147 847/1252/143
f 839/1253/17 847/1252/143 854/1254/144
f 845/1244/18 853/1243/141 852/1255/145
f 843/1247/19 851/1246/142 850/1256/146
f 841/1257/16 849/1307/46 848/1258/147
f 847/1259/143 848/1275/147 856/1260/161
f 847/1259/143 855/1261/162 861/1262/149
f 853/1243/141 860/1267/47 859/1263/150
f 851/1264/142 858/1268/151 857/1265/152
f 853/1243/141 854/1254/144 861/1262/149
f 852/1255/145 859/1263/150 858/1268/151
f 861/1262/149 868/1272/158 867/1269/153
f 859/1263/150 866/1273/154 865/1270/155
f 856/1260/161 863/1277/156 862/1271/157
f 855/1261/162 862/1271/157 868/1272/158
f 860/1267/47 867/1269/153 866/1273/154
f 857/1265/152 858/1268/151 865/1270/155
f 864/1279/159 872/1289/24 869/1280/10
f 868/1272/158 862/1292/157 870/1282/17
f 863/1284/156 849/1308/46 869/1285/10
f 867/1269/153 875/1290/11 874/1287/107
f 864/1279/159 865/1291/155 873/1288/19
f 868/1272/158 876/1283/35 875/1290/11
f 866/1273/154 874/1287/107 873/1288/19
f 863/1284/156 871/1286/99 870/1282/17
o Spinner
s 1
f 13/1/1 15/2/1 9/3/1
f 23/4/1 21/5/1 22/6/1
f 20/7/2 23/4/2 18/8/2
f 17/9/3 21/10/3 19/11/3
f 19/12/4 24/13/4 20/7/4
f 18/14/5 22/15/5 17/9/5
f 47/16/4 44/17/4 43/18/4
f 46/19/5 41/20/5 42/21/5
f 48/22/2 42/23/2 44/17/2
f 45/24/3 43/25/3 41/20/3
f 9/3/1 10/26/1 11/27/1
f 11/27/1 12/28/1 13/1/1
f 13/1/1 14/29/1 15/2/1
f 15/2/1 16/30/1 9/3/1
f 9/3/1 11/27/1 13/1/1
f 23/4/1 24/13/1 21/5/1
f 20/7/2 24/13/2 23/4/2
f 17/9/3 22/15/3 21/10/3
f 19/12/4 21/31/4 24/13/4
f 18/14/5 23/32/5 22/15/5
f 47/16/4 48/22/4 44/17/4
f 46/19/5 45/24/5 41/20/5
f 48/22/2 46/33/2 42/23/2
f 45/24/3 47/34/3 43/25/3
f 8/35/6 15/36/2 7/37/2
f 6/38/7 13/39/5 5/40/5
f 4/41/8 11/42/3 3/43/3
f 2/44/9 9/45/4 1/46/4
f 1/46/4 16/47/6 8/35/6
f 7/37/2 14/48/7 6/38/7
f 5/40/5 12/49/8 4/41/8
f 3/50/3 10/51/9 2/44/9
f 26/52/9 33/53/4 25/54/4
f 25/55/4 40/56/6 32/57/6
f 31/58/2 38/59/7 30/60/7
f 29/61/5 36/62/8 28/63/8
f 27/64/3 34/65/9 26/52/9
f 32/57/6 39/66/2 31/58/2
f 30/60/7 37/67/5 29/61/5
f 28/63/8 35/68/3 27/64/3
f 8/35/6 16/47/6 15/36/2
f 6/38/7 14/48/7 13/39/5
f 4/41/8 12/49/8 11/42/3
f 2/44/9 10/51/9 9/45/4
f 1/46/4 9/45/4 16/47/6
f 7/37/2 15/36/2 14/48/7
f 5/40/5 13/39/5 12/49/8
f 3/50/3 11/69/3 10/51/9
f 26/52/9 34/65/9 33/53/4
f 25/55/4 33/70/4 40/56/6
f 31/58/2 39/66/2 38/59/7
f 29/61/5 37/67/5 36/62/8
f 27/64/3 35/68/3 34/65/9
f 32/57/6 40/56/6 39/66/2
f 30/60/7 38/59/7 37/67/5
f 28/63/8 36/62/8 35/68/3
