mtllib chemical_plant_item.mtl
usemtl material
v 0.500000 0.875000 0.250000
v 0.323223 0.875000 0.323223
v 0.250000 0.875000 0.500000
v 0.323223 0.875000 0.676777
v 0.500000 0.875000 0.750000
v 0.676777 0.875000 0.676777
v 0.750000 0.875000 0.500000
v 0.676777 0.875000 0.323223
v 0.500000 1.625000 0.250000
v 0.323223 1.625000 0.323223
v 0.250000 1.625000 0.500000
v 0.323223 1.625000 0.676777
v 0.500000 1.625000 0.750000
v 0.676777 1.625000 0.676777
v 0.750000 1.625000 0.500000
v 0.676777 1.625000 0.323223
v 0.625000 0.875000 0.562500
v 1.250000 0.875000 0.562500
v 0.625000 0.875000 0.437500
v 1.250000 0.875000 0.437500
v -0.250000 0.875000 0.562500
v 0.375000 0.875000 0.562500
v 1.250000 1.125000 0.562500
v 1.250000 1.125000 0.437500
v -0.250000 0.875000 0.437500
v 1.250000 1.250000 0.562500
v 0.375000 0.875000 0.437500
v 1.250000 1.250000 0.437500
v 0.625000 1.625000 0.437500
v 0.625000 1.625000 0.562500
v 1.250000 1.625000 0.562500
v 1.250000 1.625000 0.437500
v 0.875000 1.125000 0.562500
v 0.875000 1.125000 0.437500
v 0.875000 1.250000 0.562500
v 0.875000 1.250000 0.437500
v -0.250000 1.125000 0.437500
v -0.250000 1.125000 0.562500
v -0.250000 1.250000 0.437500
v -0.250000 1.250000 0.562500
v 0.375000 1.625000 0.562500
v 0.375000 1.625000 0.437500
v -0.250000 1.625000 0.437500
v -0.250000 1.625000 0.562500
v 0.125000 1.125000 0.437500
v 0.125000 1.125000 0.562500
v 0.125000 1.250000 0.437500
v 0.125000 1.250000 0.562500
v 0.562500 0.875000 0.375000
v 0.562500 0.875000 -0.250000
v 0.437500 0.875000 0.375000
v 0.437500 0.875000 -0.250000
v 0.562500 0.875000 1.250000
v 0.562500 0.875000 0.625000
v 0.562500 1.125000 -0.250000
v 0.437500 1.125000 -0.250000
v 0.437500 0.875000 1.250000
v 0.562500 1.250000 -0.250000
v 0.437500 0.875000 0.625000
v 0.437500 1.250000 -0.250000
v 0.437500 1.625000 0.375000
v 0.562500 1.625000 0.375000
v 0.562500 1.625000 -0.250000
v 0.437500 1.625000 -0.250000
v 0.562500 1.125000 0.125000
v 0.437500 1.125000 0.125000
v 0.562500 1.250000 0.125000
v 0.437500 1.250000 0.125000
v 0.437500 1.125000 1.250000
v 0.562500 1.125000 1.250000
v 0.437500 1.250000 1.250000
v 0.562500 1.250000 1.250000
v 0.562500 1.625000 0.625000
v 0.437500 1.625000 0.625000
v 0.437500 1.625000 1.250000
v 0.562500 1.625000 1.250000
v 0.437500 1.125000 0.875000
v 0.562500 1.125000 0.875000
v 0.437500 1.250000 0.875000
v 0.562500 1.250000 0.875000
v 0.632582 0.875000 0.455806
v 1.074524 0.875000 0.013864
v 0.544194 0.875000 0.367417
v 0.986136 0.875000 -0.074524
v 0.013864 0.875000 1.074524
v 0.455806 0.875000 0.632583
v 1.074524 1.125000 0.013864
v 0.986136 1.125000 -0.074524
v -0.074524 0.875000 0.986136
v 1.074524 1.250000 0.013864
v 0.367417 0.875000 0.544194
v 0.986136 1.250000 -0.074524
v 0.544194 1.625000 0.367417
v 0.632582 1.625000 0.455806
v 1.074524 1.625000 0.013864
v 0.986136 1.625000 -0.074524
v 0.809359 1.125000 0.279029
v 0.720971 1.125000 0.190640
v 0.809359 1.250000 0.279029
v 0.720971 1.250000 0.190640
v -0.074524 1.125000 0.986136
v 0.013864 1.125000 1.074524
v -0.074524 1.250000 0.986136
v 0.013864 1.250000 1.074524
v 0.455806 1.625000 0.632583
v 0.367417 1.625000 0.544194
v -0.074524 1.625000 0.986136
v 0.013864 1.625000 1.074524
v 0.190641 1.125000 0.720971
v 0.279029 1.125000 0.809359
v 0.190641 1.250000 0.720971
v 0.279029 1.250000 0.809359
v 0.455806 0.875000 0.367417
v 0.013864 0.875000 -0.074524
v 0.367417 0.875000 0.455806
v -0.074524 0.875000 0.013864
v 1.074524 0.875000 0.986135
v 0.632582 0.875000 0.544194
v 0.013864 1.125000 -0.074524
v -0.074524 1.125000 0.013864
v 0.986136 0.875000 1.074524
v 0.013864 1.250000 -0.074524
v 0.544194 0.875000 0.632583
v -0.074524 1.250000 0.013864
v 0.367417 1.625000 0.455806
v 0.455806 1.625000 0.367417
v 0.013864 1.625000 -0.074524
v -0.074524 1.625000 0.013864
v 0.279029 1.125000 0.190641
v 0.190641 1.125000 0.279029
v 0.279029 1.250000 0.190641
v 0.190641 1.250000 0.279029
v 0.986136 1.125000 1.074524
v 1.074524 1.125000 0.986135
v 0.986136 1.250000 1.074524
v 1.074524 1.250000 0.986135
v 0.632582 1.625000 0.544194
v 0.544194 1.625000 0.632583
v 0.986136 1.625000 1.074524
v 1.074524 1.625000 0.986135
v 0.720971 1.125000 0.809359
v 0.809359 1.125000 0.720971
v 0.720971 1.250000 0.809359
v 0.809359 1.250000 0.720971
v 1.500000 2.750000 1.500000
v 1.250000 2.750000 1.500000
v 1.500000 2.750000 1.250000
v 1.250000 2.750000 1.250000
v 1.500000 3.000000 1.500000
v 1.250000 3.000000 1.500000
v 1.500000 3.000000 1.250000
v 1.250000 3.000000 1.250000
v 1.500000 2.750000 -1.250000
v 1.250000 2.750000 -1.250000
v 1.500000 2.750000 -1.500000
v 1.250000 2.750000 -1.500000
v 1.500000 3.000000 -1.250000
v 1.250000 3.000000 -1.250000
v 1.500000 3.000000 -1.500000
v 1.250000 3.000000 -1.500000
v -1.250000 2.750000 1.500000
v -1.500000 2.750000 1.500000
v -1.250000 2.750000 1.250000
v -1.500000 2.750000 1.250000
v -1.250000 3.000000 1.500000
v -1.500000 3.000000 1.500000
v -1.250000 3.000000 1.250000
v -1.500000 3.000000 1.250000
v -1.250000 2.750000 -1.250000
v -1.500000 2.750000 -1.250000
v -1.250000 2.750000 -1.500000
v -1.500000 2.750000 -1.500000
v -1.250000 3.000000 -1.250000
v -1.500000 3.000000 -1.250000
v -1.250000 3.000000 -1.500000
v -1.500000 3.000000 -1.500000
v -1.375000 0.250000 -1.500000
v -1.375000 2.750000 -1.500000
v -1.375000 2.750000 -1.375000
v -1.375000 0.250000 -1.375000
v -1.500000 0.250000 -1.375000
v -1.500000 2.750000 -1.375000
v -1.500000 2.750000 -1.500000
v -1.500000 0.250000 -1.500000
v -1.375000 0.250000 1.375000
v -1.375000 2.750000 1.375000
v -1.375000 2.750000 1.500000
v -1.375000 0.250000 1.500000
v -1.500000 0.250000 1.500000
v -1.500000 2.750000 1.500000
v -1.500000 2.750000 1.375000
v -1.500000 0.250000 1.375000
v 1.375000 2.750000 -1.500000
v 1.375000 0.250000 -1.500000
v 1.375000 0.250000 -1.375000
v 1.375000 2.750000 -1.375000
v 1.500000 2.750000 -1.375000
v 1.500000 0.250000 -1.375000
v 1.500000 0.250000 -1.500000
v 1.500000 2.750000 -1.500000
v 1.375000 2.750000 1.375000
v 1.375000 0.250000 1.375000
v 1.375000 0.250000 1.500000
v 1.375000 2.750000 1.500000
v 1.500000 2.750000 1.500000
v 1.500000 0.250000 1.500000
v 1.500000 0.250000 1.375000
v 1.500000 2.750000 1.375000
v -1.500000 2.875000 1.250000
v -1.500000 2.875000 -1.250000
v -1.375000 2.875000 -1.250000
v -1.375000 2.875000 1.250000
v -1.375000 3.000000 1.250000
v -1.375000 3.000000 -1.250000
v -1.500000 3.000000 -1.250000
v -1.500000 3.000000 1.250000
v 1.375000 2.875000 1.250000
v 1.375000 2.875000 -1.250000
v 1.500000 2.875000 -1.250000
v 1.500000 2.875000 1.250000
v 1.500000 3.000000 1.250000
v 1.500000 3.000000 -1.250000
v 1.375000 3.000000 -1.250000
v 1.375000 3.000000 1.250000
v -1.250000 2.875000 -1.500000
v 1.250000 2.875000 -1.500000
v 1.250000 2.875000 -1.375000
v -1.250000 2.875000 -1.375000
v -1.250000 3.000000 -1.375000
v 1.250000 3.000000 -1.375000
v 1.250000 3.000000 -1.500000
v -1.250000 3.000000 -1.500000
v -1.250000 2.875000 1.375000
v 1.250000 2.875000 1.375000
v 1.250000 2.875000 1.500000
v -1.250000 2.875000 1.500000
v -1.250000 3.000000 1.500000
v 1.250000 3.000000 1.500000
v 1.250000 3.000000 1.375000
v -1.250000 3.000000 1.375000
v -0.187500 2.000000 -0.687500
v 0.187500 2.000000 -0.687500
v -0.187500 2.000000 -1.312500
v 0.187500 2.000000 -1.312500
v -0.187500 2.375000 -1.312500
v -0.187500 2.375000 -0.687500
v 0.187500 2.375000 -0.687500
v 0.187500 2.375000 -1.312500
v 1.500000 0.125000 1.250000
v 1.500000 0.125000 -1.250000
v 1.375000 0.125000 -1.250000
v 1.375000 0.125000 1.250000
v 1.375000 0.000000 1.250000
v 1.375000 0.000000 -1.250000
v 1.500000 0.000000 -1.250000
v 1.500000 0.000000 1.250000
v 1.500000 0.000000 1.500000
v 1.250000 0.000000 1.500000
v 1.500000 0.000000 1.250000
v 1.250000 0.000000 1.250000
v 1.500000 0.250000 1.500000
v 1.250000 0.250000 1.500000
v 1.500000 0.250000 1.250000
v 1.250000 0.250000 1.250000
v 1.500000 0.000000 -1.250000
v 1.250000 0.000000 -1.250000
v 1.500000 0.000000 -1.500000
v 1.250000 0.000000 -1.500000
v 1.500000 0.250000 -1.250000
v 1.250000 0.250000 -1.250000
v 1.500000 0.250000 -1.500000
v 1.250000 0.250000 -1.500000
v -1.250000 0.000000 1.500000
v -1.500000 0.000000 1.500000
v -1.250000 0.000000 1.250000
v -1.500000 0.000000 1.250000
v -1.250000 0.250000 1.500000
v -1.500000 0.250000 1.500000
v -1.250000 0.250000 1.250000
v -1.500000 0.250000 1.250000
v -1.250000 0.000000 -1.250000
v -1.500000 0.000000 -1.250000
v -1.250000 0.000000 -1.500000
v -1.500000 0.000000 -1.500000
v -1.250000 0.250000 -1.250000
v -1.500000 0.250000 -1.250000
v -1.250000 0.250000 -1.500000
v -1.500000 0.250000 -1.500000
v -1.375000 0.125000 1.250000
v -1.375000 0.125000 -1.250000
v -1.500000 0.125000 -1.250000
v -1.500000 0.125000 1.250000
v -1.500000 0.000000 1.250000
v -1.500000 0.000000 -1.250000
v -1.375000 0.000000 -1.250000
v -1.375000 0.000000 1.250000
v 1.250000 0.125000 -1.500000
v -1.250000 0.125000 -1.500000
v -1.250000 0.125000 -1.375000
v 1.250000 0.125000 -1.375000
v 1.250000 0.000000 -1.375000
v -1.250000 0.000000 -1.375000
v -1.250000 0.000000 -1.500000
v 1.250000 0.000000 -1.500000
v 1.250000 0.125000 1.375000
v -1.250000 0.125000 1.375000
v -1.250000 0.125000 1.500000
v 1.250000 0.125000 1.500000
v 1.250000 0.000000 1.500000
v -1.250000 0.000000 1.500000
v -1.250000 0.000000 1.375000
v 1.250000 0.000000 1.375000
v 1.500000 0.312500 -0.187500
v 1.500000 0.312500 0.187500
v 1.500000 0.687500 -0.187500
v 1.500000 0.687500 0.187500
v 1.375000 0.375000 -0.125000
v 1.375000 0.375000 0.125000
v 1.375000 0.625000 -0.125000
v 1.375000 0.625000 0.125000
v 1.375000 0.687500 -0.187500
v 1.375000 0.312500 -0.187500
v 1.375000 0.312500 0.187500
v 1.375000 0.687500 0.187500
v -1.000000 0.750000 0.500000
v -1.250000 0.750000 0.566987
v -1.433013 0.750000 0.750000
v -1.500000 0.750000 1.000000
v -1.433013 0.750000 1.250000
v -1.250000 0.750000 1.433013
v -1.000000 0.750000 1.500000
v -0.750000 0.750000 1.433013
v -0.566987 0.750000 1.250000
v -0.500000 0.750000 1.000000
v -0.566987 0.750000 0.750000
v -0.750000 0.750000 0.566988
v -1.250000 2.500000 0.566987
v -1.000000 2.500000 0.500000
v -1.433013 2.500000 0.750000
v -1.500000 2.500000 1.000000
v -1.433013 2.500000 1.250000
v -1.250000 2.500000 1.433013
v -1.000000 2.500000 1.500000
v -0.750000 2.500000 1.433013
v -0.566987 2.500000 1.250000
v -0.500000 2.500000 1.000000
v -0.566987 2.500000 0.750000
v -0.750000 2.500000 0.566988
v -1.000000 0.750000 -0.500000
v -1.250000 0.750000 -0.433013
v -1.433013 0.750000 -0.250000
v -1.500000 0.750000 0.000000
v -1.433013 0.750000 0.250000
v -1.250000 0.750000 0.433013
v -1.000000 0.750000 0.500000
v -0.750000 0.750000 0.433013
v -0.566987 0.750000 0.250000
v -0.500000 0.750000 0.000000
v -0.566987 0.750000 -0.250000
v -0.750000 0.750000 -0.433012
v -1.250000 2.500000 -0.433013
v -1.000000 2.500000 -0.500000
v -1.433013 2.500000 -0.250000
v -1.500000 2.500000 0.000000
v -1.433013 2.500000 0.250000
v -1.250000 2.500000 0.433013
v -1.000000 2.500000 0.500000
v -0.750000 2.500000 0.433013
v -0.566987 2.500000 0.250000
v -0.500000 2.500000 0.000000
v -0.566987 2.500000 -0.250000
v -0.750000 2.500000 -0.433012
v -1.250000 0.750000 -0.500000
v 1.250000 0.750000 -0.500000
v -1.250000 0.750000 -1.500000
v 1.250000 0.750000 -1.500000
v -1.250000 1.500000 -1.500000
v -1.250000 1.500000 -0.500000
v 1.250000 1.500000 -0.500000
v 1.250000 1.500000 -1.500000
v -1.000000 1.750000 -1.500000
v -1.000000 1.750000 -0.500000
v 1.000000 1.750000 -0.500000
v 1.000000 1.750000 -1.500000
v -1.250000 0.750000 1.250000
v -0.750000 0.750000 1.250000
v -1.250000 0.750000 0.750000
v -0.750000 0.750000 0.750000
v -1.250000 0.250000 1.250000
v -0.750000 0.250000 1.250000
v -1.250000 0.250000 0.750000
v -0.750000 0.250000 0.750000
v -1.250000 0.750000 0.250000
v -0.750000 0.750000 0.250000
v -1.250000 0.750000 -0.250000
v -0.750000 0.750000 -0.250000
v -1.250000 0.250000 0.250000
v -0.750000 0.250000 0.250000
v -1.250000 0.250000 -0.250000
v -0.750000 0.250000 -0.250000
v -1.250000 0.750000 -0.750000
v 1.250000 0.750000 -0.750000
v -1.250000 0.750000 -1.250000
v 1.250000 0.750000 -1.250000
v -1.250000 0.250000 -0.750000
v 1.250000 0.250000 -0.750000
v -1.250000 0.250000 -1.250000
v 1.250000 0.250000 -1.250000
v -0.750000 1.750000 -0.625000
v 0.750000 1.750000 -0.625000
v -0.750000 1.750000 -1.375000
v 0.750000 1.750000 -1.375000
v -0.750000 2.000000 -1.375000
v -0.750000 2.000000 -0.625000
v 0.750000 2.000000 -0.625000
v 0.750000 2.000000 -1.375000
v -0.625000 2.000000 -0.968750
v 0.625000 2.000000 -0.968750
v -0.625000 2.000000 -1.031250
v 0.625000 2.000000 -1.031250
v -0.625000 2.250000 -1.031250
v -0.625000 2.250000 -0.968750
v 0.625000 2.250000 -0.968750
v 0.625000 2.250000 -1.031250
v -0.625000 2.000000 -1.093750
v 0.625000 2.000000 -1.093750
v -0.625000 2.000000 -1.156250
v 0.625000 2.000000 -1.156250
v -0.625000 2.250000 -1.156250
v -0.625000 2.250000 -1.093750
v 0.625000 2.250000 -1.093750
v 0.625000 2.250000 -1.156250
v -0.625000 2.000000 -1.218750
v 0.625000 2.000000 -1.218750
v -0.625000 2.000000 -1.281250
v 0.625000 2.000000 -1.281250
v -0.625000 2.250000 -1.281250
v -0.625000 2.250000 -1.218750
v 0.625000 2.250000 -1.218750
v 0.625000 2.250000 -1.281250
v -0.625000 2.000000 -0.718750
v 0.625000 2.000000 -0.718750
v -0.625000 2.000000 -0.781250
v 0.625000 2.000000 -0.781250
v -0.625000 2.250000 -0.781250
v -0.625000 2.250000 -0.718750
v 0.625000 2.250000 -0.718750
v 0.625000 2.250000 -0.781250
v -0.625000 2.000000 -0.843750
v 0.625000 2.000000 -0.843750
v -0.625000 2.000000 -0.906250
v 0.625000 2.000000 -0.906250
v -0.625000 2.250000 -0.906250
v -0.625000 2.250000 -0.843750
v 0.625000 2.250000 -0.843750
v 0.625000 2.250000 -0.906250
v -1.250000 2.500000 1.125000
v -0.750000 2.500000 1.125000
v -1.250000 2.500000 0.875000
v -0.750000 2.500000 0.875000
v -1.250000 3.000000 0.875000
v -1.250000 3.000000 1.125000
v -0.750000 3.000000 1.125000
v -0.750000 3.000000 0.875000
v -1.250000 2.500000 0.125000
v -0.750000 2.500000 0.125000
v -1.250000 2.500000 -0.125000
v -0.750000 2.500000 -0.125000
v -1.250000 3.000000 -0.125000
v -1.250000 3.000000 0.125000
v -0.750000 3.000000 0.125000
v -0.750000 3.000000 -0.125000
v -1.125000 2.875000 0.875000
v -1.125000 2.875000 0.125000
v -0.875000 2.875000 0.125000
v -0.875000 2.875000 0.875000
v -0.786612 2.838388 0.125000
v -0.786612 2.838388 0.875000
v -0.750000 2.750000 0.125000
v -0.750000 2.750000 0.875000
v -0.786612 2.661612 0.125000
v -0.786612 2.661612 0.875000
v -0.875000 2.625000 0.125000
v -0.875000 2.625000 0.875000
v -0.963388 2.661612 0.125000
v -0.963388 2.661612 0.875000
v -1.000000 2.750000 0.125000
v -1.000000 2.750000 0.875000
v -0.963388 2.838388 0.125000
v -0.963388 2.838388 0.875000
v -1.036612 2.838388 0.125000
v -1.036612 2.838388 0.875000
v -1.000000 2.750000 0.125000
v -1.000000 2.750000 0.875000
v -1.036612 2.661612 0.125000
v -1.036612 2.661612 0.875000
v -1.125000 2.625000 0.125000
v -1.125000 2.625000 0.875000
v -1.213388 2.661612 0.125000
v -1.213388 2.661612 0.875000
v -1.250000 2.750000 0.125000
v -1.250000 2.750000 0.875000
v -1.213388 2.838388 0.125000
v -1.213388 2.838388 0.875000
v -0.875000 2.875000 -0.125000
v -0.786612 2.838388 -0.125000
v -0.750000 2.750000 -0.125000
v -0.786612 2.661612 -0.125000
v -0.875000 2.625000 -0.125000
v -0.963388 2.661612 -0.125000
v -1.000000 2.750000 -0.125000
v -0.963388 2.838388 -0.125000
v -0.875000 2.875000 -0.750000
v -0.786612 2.838388 -0.750000
v -0.750000 2.750000 -0.750000
v -0.786612 2.661612 -0.750000
v -0.875000 2.625000 -0.750000
v -0.963388 2.661612 -0.750000
v -1.000000 2.750000 -0.750000
v -0.963388 2.838388 -0.750000
v -0.875000 2.801777 -0.926777
v -0.786612 2.775888 -0.900888
v -0.750000 2.713388 -0.838388
v -0.786612 2.650888 -0.775888
v -0.963388 2.650888 -0.775888
v -1.000000 2.713388 -0.838388
v -0.963388 2.775888 -0.900888
v -0.875000 2.625000 -1.000000
v -0.786612 2.625000 -0.963388
v -0.750000 2.625000 -0.875000
v -0.786612 2.625000 -0.786612
v -0.963388 2.625000 -0.786612
v -1.000000 2.625000 -0.875000
v -0.963388 2.625000 -0.963388
v -0.875000 2.000000 -0.750000
v -0.875000 2.000000 -1.000000
v -0.786612 2.000000 -0.963388
v -0.750000 2.000000 -0.875000
v -0.786612 2.000000 -0.786612
v -0.963388 2.000000 -0.786612
v -1.000000 2.000000 -0.875000
v -0.963388 2.000000 -0.963388
v -0.838388 1.911612 -0.750000
v -0.838388 1.911612 -1.000000
v -0.775888 1.974112 -0.963388
v -0.775888 1.974112 -0.786612
v -0.900888 1.849112 -0.786612
v -0.926777 1.823223 -0.875000
v -0.900888 1.849112 -0.963388
v -0.750000 1.875000 -0.750000
v -0.750000 1.875000 -1.000000
v -0.750000 1.963388 -0.963388
v -0.750000 1.963388 -0.786612
v -0.750000 1.786612 -0.786612
v -0.750000 1.750000 -0.875000
v -0.750000 1.786612 -0.963388
v -1.125000 2.875000 -0.125000
v -1.036612 2.838388 -0.125000
v -1.000000 2.750000 -0.125000
v -1.036612 2.661612 -0.125000
v -1.125000 2.625000 -0.125000
v -1.213388 2.661612 -0.125000
v -1.250000 2.750000 -0.125000
v -1.213388 2.838388 -0.125000
v -1.125000 2.875000 -1.000000
v -1.036612 2.838388 -1.000000
v -1.000000 2.750000 -1.000000
v -1.036612 2.661612 -1.000000
v -1.125000 2.625000 -1.000000
v -1.213388 2.661612 -1.000000
v -1.250000 2.750000 -1.000000
v -1.213388 2.838388 -1.000000
v -1.125000 2.801777 -1.176777
v -1.036612 2.775888 -1.150888
v -1.000000 2.713388 -1.088388
v -1.036612 2.650888 -1.025888
v -1.213388 2.650888 -1.025888
v -1.250000 2.713388 -1.088388
v -1.213388 2.775888 -1.150888
v -1.125000 2.625000 -1.250000
v -1.036612 2.625000 -1.213388
v -1.000000 2.625000 -1.125000
v -1.036612 2.625000 -1.036612
v -1.213388 2.625000 -1.036612
v -1.250000 2.625000 -1.125000
v -1.213388 2.625000 -1.213388
v -1.125000 2.000000 -1.000000
v -1.125000 2.000000 -1.250000
v -1.036612 2.000000 -1.213388
v -1.000000 2.000000 -1.125000
v -1.036612 2.000000 -1.036612
v -1.213388 2.000000 -1.036612
v -1.250000 2.000000 -1.125000
v -1.213388 2.000000 -1.213388
v -1.088388 1.911612 -1.000000
v -1.088388 1.911612 -1.250000
v -1.025888 1.974112 -1.213388
v -1.025888 1.974112 -1.036612
v -1.150888 1.849112 -1.036612
v -1.176777 1.823223 -1.125000
v -1.150888 1.849112 -1.213388
v -1.000000 1.875000 -1.000000
v -1.000000 1.875000 -1.250000
v -1.000000 1.963388 -1.213388
v -1.000000 1.963388 -1.036612
v -1.000000 1.786612 -1.036612
v -1.000000 1.750000 -1.125000
v -1.000000 1.786612 -1.213388
v -0.750000 2.000000 -1.125000
v -0.750000 1.875000 -1.000000
v -0.750000 1.875000 -1.250000
v -0.750000 1.963388 -1.213388
v -0.750000 1.963388 -1.036612
v -0.750000 1.786612 -1.036612
v -0.750000 1.750000 -1.125000
v -0.750000 1.786612 -1.213388
v 0.875000 0.125000 1.500000
v 1.125000 0.125000 1.500000
v 0.875000 0.125000 -1.500000
v 1.125000 0.125000 -1.500000
v 0.875000 0.250000 -1.500000
v 0.875000 0.250000 1.500000
v 1.125000 0.250000 1.500000
v 1.125000 0.250000 -1.500000
v 0.500000 0.750000 -0.500000
v 0.117317 0.750000 -0.423880
v -0.207107 0.750000 -0.207107
v -0.423880 0.750000 0.117316
v -0.500000 0.750000 0.500000
v -0.423880 0.750000 0.882684
v -0.207107 0.750000 1.207107
v 0.117317 0.750000 1.423880
v 0.500000 0.750000 1.500000
v 0.882683 0.750000 1.423880
v 1.207107 0.750000 1.207107
v 1.423880 0.750000 0.882684
v 1.500000 0.750000 0.500000
v 1.423879 0.750000 0.117316
v 1.207107 0.750000 -0.207107
v 0.882683 0.750000 -0.423880
v -0.250000 0.250000 1.250000
v 1.250000 0.250000 1.250000
v -0.250000 0.250000 -0.250000
v 1.250000 0.250000 -0.250000
v -0.250000 0.750000 -0.250000
v -0.250000 0.750000 1.250000
v 1.250000 0.750000 1.250000
v 1.250000 0.750000 -0.250000
v 0.117317 1.750000 -0.423880
v 0.500000 1.750000 -0.500000
v -0.207107 1.750000 -0.207107
v -0.423880 1.750000 0.117316
v -0.500000 1.750000 0.500000
v -0.423880 1.750000 0.882684
v -0.207107 1.750000 1.207107
v 0.117317 1.750000 1.423880
v 0.500000 1.750000 1.500000
v 0.882683 1.750000 1.423880
v 1.207107 1.750000 1.207107
v 1.423880 1.750000 0.882684
v 1.500000 1.750000 0.500000
v 1.423879 1.750000 0.117316
v 1.207107 1.750000 -0.207107
v 0.882683 1.750000 -0.423880
v 0.308658 2.250000 0.038060
v 0.500000 2.250000 0.000000
v 0.146447 2.250000 0.146447
v 0.038060 2.250000 0.308659
v -0.000000 2.250000 0.500000
v 0.038060 2.250000 0.691342
v 0.146447 2.250000 0.853553
v 0.308658 2.250000 0.961940
v 0.500000 2.250000 1.000000
v 0.691342 2.250000 0.961940
v 0.853553 2.250000 0.853554
v 0.961940 2.250000 0.691342
v 1.000000 2.250000 0.500000
v 0.961940 2.250000 0.308658
v 0.853553 2.250000 0.146446
v 0.691341 2.250000 0.038060
v 0.308658 2.750000 0.038060
v 0.500000 2.750000 0.000000
v 0.146446 2.750000 0.146447
v 0.038060 2.750000 0.308659
v -0.000000 2.750000 0.500000
v 0.038060 2.750000 0.691342
v 0.146446 2.750000 0.853553
v 0.308658 2.750000 0.961940
v 0.500000 2.750000 1.000000
v 0.691341 2.750000 0.961940
v 0.853553 2.750000 0.853554
v 0.961940 2.750000 0.691342
v 1.000000 2.750000 0.500000
v 0.961940 2.750000 0.308658
v 0.853553 2.750000 0.146446
v 0.691341 2.750000 0.038060
v 0.875000 2.750000 0.500000
v 0.786612 2.713388 0.500000
v 0.750000 2.625000 0.500000
v 0.786612 2.536612 0.500000
v 0.875000 2.500000 0.500000
v 0.963388 2.536612 0.500000
v 1.000000 2.625000 0.500000
v 0.963388 2.713388 0.500000
v 0.875000 2.750000 -1.000000
v 0.786612 2.713388 -1.000000
v 0.750000 2.625000 -1.000000
v 0.786612 2.536612 -1.000000
v 0.875000 2.500000 -1.000000
v 0.963388 2.536612 -1.000000
v 1.000000 2.625000 -1.000000
v 0.963388 2.713388 -1.000000
v 0.875000 2.676777 -1.176777
v 0.786612 2.650888 -1.150888
v 0.750000 2.588388 -1.088388
v 0.786612 2.525888 -1.025888
v 0.963388 2.525888 -1.025888
v 1.000000 2.588388 -1.088388
v 0.963388 2.650888 -1.150888
v 0.875000 2.500000 -1.250000
v 0.786612 2.500000 -1.213388
v 0.750000 2.500000 -1.125000
v 0.786612 2.500000 -1.036612
v 0.963388 2.500000 -1.036612
v 1.000000 2.500000 -1.125000
v 0.963388 2.500000 -1.213388
v 0.875000 2.000000 -1.000000
v 0.875000 2.000000 -1.250000
v 0.786612 2.000000 -1.213388
v 0.750000 2.000000 -1.125000
v 0.786612 2.000000 -1.036612
v 0.963388 2.000000 -1.036612
v 1.000000 2.000000 -1.125000
v 0.963388 2.000000 -1.213388
v 0.838388 1.911612 -1.000000
v 0.838388 1.911612 -1.250000
v 0.775888 1.974112 -1.213388
v 0.775888 1.974112 -1.036612
v 0.900888 1.849112 -1.036612
v 0.926777 1.823223 -1.125000
v 0.900888 1.849112 -1.213388
v 0.750000 1.875000 -1.000000
v 0.750000 1.875000 -1.250000
v 0.750000 1.963388 -1.213388
v 0.750000 1.963388 -1.036612
v 0.750000 1.786612 -1.036612
v 0.750000 1.750000 -1.125000
v 0.750000 1.786612 -1.213388
v 0.875000 2.500000 0.500000
v 0.786612 2.463388 0.500000
v 0.750000 2.375000 0.500000
v 0.786612 2.286612 0.500000
v 0.875000 2.250000 0.500000
v 0.963388 2.286612 0.500000
v 1.000000 2.375000 0.500000
v 0.963388 2.463388 0.500000
v 0.875000 2.500000 -0.750000
v 0.786612 2.463388 -0.750000
v 0.750000 2.375000 -0.750000
v 0.786612 2.286612 -0.750000
v 0.875000 2.250000 -0.750000
v 0.963388 2.286612 -0.750000
v 1.000000 2.375000 -0.750000
v 0.963388 2.463388 -0.750000
v 0.875000 2.426777 -0.926777
v 0.786612 2.400888 -0.900888
v 0.750000 2.338388 -0.838388
v 0.786612 2.275888 -0.775888
v 0.963388 2.275888 -0.775888
v 1.000000 2.338388 -0.838388
v 0.963388 2.400888 -0.900888
v 0.875000 2.250000 -1.000000
v 0.786612 2.250000 -0.963388
v 0.750000 2.250000 -0.875000
v 0.786612 2.250000 -0.786612
v 0.963388 2.250000 -0.786612
v 1.000000 2.250000 -0.875000
v 0.963388 2.250000 -0.963388
v 0.875000 2.000000 -0.750000
v 0.875000 2.000000 -1.000000
v 0.786612 2.000000 -0.963388
v 0.750000 2.000000 -0.875000
v 0.786612 2.000000 -0.786612
v 0.963388 2.000000 -0.786612
v 1.000000 2.000000 -0.875000
v 0.963388 2.000000 -0.963388
v 0.838388 1.911612 -0.750000
v 0.838388 1.911612 -1.000000
v 0.775888 1.974112 -0.963388
v 0.775888 1.974112 -0.786612
v 0.900888 1.849112 -0.786612
v 0.926777 1.823223 -0.875000
v 0.900888 1.849112 -0.963388
v 0.750000 1.875000 -0.750000
v 0.750000 1.875000 -1.000000
v 0.750000 1.963388 -0.963388
v 0.750000 1.963388 -0.786612
v 0.750000 1.786612 -0.786612
v 0.750000 1.750000 -0.875000
v 0.750000 1.786612 -0.963388
v -0.750000 2.750000 -0.125000
v -0.750000 2.838388 -0.088388
v -0.750000 2.875000 0.000000
v -0.750000 2.838388 0.088388
v -0.750000 2.750000 0.125000
v -0.750000 2.661612 0.088388
v -0.750000 2.625000 0.000000
v -0.750000 2.661612 -0.088388
v 0.375000 2.750000 -0.125000
v 0.375000 2.838388 -0.088388
v 0.375000 2.875000 0.000000
v 0.375000 2.838388 0.088388
v 0.375000 2.750000 0.125000
v 0.375000 2.661612 0.088388
v 0.375000 2.625000 0.000000
v 0.375000 2.661612 -0.088388
v 0.551777 2.750000 -0.051777
v 0.525888 2.838388 -0.025888
v 0.463388 2.875000 0.036612
v 0.400888 2.838388 0.099112
v 0.400888 2.661612 0.099112
v 0.463388 2.625000 0.036612
v 0.525888 2.661612 -0.025888
v 0.625000 2.750000 0.125000
v 0.588388 2.838388 0.125000
v 0.500000 2.875000 0.125000
v 0.411612 2.838388 0.125000
v 0.411612 2.661612 0.125000
v 0.500000 2.625000 0.125000
v 0.588388 2.661612 0.125000
v 0.356494 3.000000 0.153545
v 0.500000 3.000000 0.125000
v 0.234835 3.000000 0.234835
v 0.153545 3.000000 0.356494
v 0.125000 3.000000 0.500000
v 0.153545 3.000000 0.643506
v 0.234835 3.000000 0.765165
v 0.356494 3.000000 0.846455
v 0.500000 3.000000 0.875000
v 0.643506 3.000000 0.846455
v 0.765165 3.000000 0.765165
v 0.846455 3.000000 0.643506
v 0.875000 3.000000 0.500000
v 0.846455 3.000000 0.356494
v 0.765165 3.000000 0.234835
v 0.643506 3.000000 0.153545
v -0.750000 2.750000 1.125000
v -0.750000 2.838388 1.088388
v -0.750000 2.875000 1.000000
v -0.750000 2.838388 0.911612
v -0.750000 2.750000 0.875000
v -0.750000 2.661612 0.911612
v -0.750000 2.625000 1.000000
v -0.750000 2.661612 1.088388
v 0.375000 2.750000 1.125000
v 0.375000 2.838388 1.088388
v 0.375000 2.875000 1.000000
v 0.375000 2.838388 0.911612
v 0.375000 2.750000 0.875000
v 0.375000 2.661612 0.911612
v 0.375000 2.625000 1.000000
v 0.375000 2.661612 1.088388
v 0.551777 2.750000 1.051777
v 0.525888 2.838388 1.025888
v 0.463388 2.875000 0.963388
v 0.400888 2.838388 0.900888
v 0.400888 2.661612 0.900888
v 0.463388 2.625000 0.963388
v 0.525888 2.661612 1.025888
v 0.625000 2.750000 0.875000
v 0.588388 2.838388 0.875000
v 0.500000 2.875000 0.875000
v 0.411612 2.838388 0.875000
v 0.411612 2.661612 0.875000
v 0.500000 2.625000 0.875000
v 0.588388 2.661612 0.875000
v 0.500000 0.875000 -0.375000
v 0.165152 0.875000 -0.308394
v -0.118718 0.875000 -0.118718
v -0.308395 0.875000 0.165152
v -0.375000 0.875000 0.500000
v -0.308395 0.875000 0.834848
v -0.118718 0.875000 1.118718
v 0.165152 0.875000 1.308394
v 0.500000 0.875000 1.375000
v 0.834848 0.875000 1.308394
v 1.118718 0.875000 1.118719
v 1.308395 0.875000 0.834848
v 1.375000 0.875000 0.500000
v 1.308394 0.875000 0.165152
v 1.118718 0.875000 -0.118719
v 0.834848 0.875000 -0.308395
v 0.165152 1.625000 -0.308394
v 0.500000 1.625000 -0.375000
v -0.118718 1.625000 -0.118718
v -0.308395 1.625000 0.165152
v -0.375000 1.625000 0.500000
v -0.308395 1.625000 0.834848
v -0.118718 1.625000 1.118718
v 0.165152 1.625000 1.308394
v 0.500000 1.625000 1.375000
v 0.834848 1.625000 1.308394
v 1.118718 1.625000 1.118719
v 1.308395 1.625000 0.834848
v 1.375000 1.625000 0.500000
v 1.308394 1.625000 0.165152
v 1.118718 1.625000 -0.118719
v 0.834848 1.625000 -0.308395
v -0.207107 1.000000 1.207107
v 0.117317 1.000000 1.423880
v 0.500000 1.000000 1.500000
v 0.882683 1.000000 1.423880
v 1.207107 1.000000 1.207107
v 1.423880 1.000000 0.882684
v 1.500000 1.000000 0.500000
v 1.423879 1.000000 0.117316
v 1.207107 1.000000 -0.207107
v -0.207107 1.500000 1.207107
v 0.117317 1.500000 1.423880
v 0.500000 1.500000 1.500000
v 0.882683 1.500000 1.423880
v 1.207107 1.500000 1.207107
v 1.423880 1.500000 0.882684
v 1.500000 1.500000 0.500000
v 1.423879 1.500000 0.117316
v 1.207107 1.500000 -0.207107
v -0.118718 1.000000 1.118718
v 0.165152 1.000000 1.308394
v 0.500000 1.000000 1.375000
v 0.834848 1.000000 1.308394
v 1.118718 1.000000 1.118719
v 1.308395 1.000000 0.834848
v 1.375000 1.000000 0.500000
v 1.308394 1.000000 0.165152
v 1.118718 1.000000 -0.118719
v -0.118718 1.500000 1.118718
v 0.165152 1.500000 1.308394
v 0.500000 1.500000 1.375000
v 0.834848 1.500000 1.308394
v 1.118718 1.500000 1.118719
v 1.308395 1.500000 0.834848
v 1.375000 1.500000 0.500000
v 1.308394 1.500000 0.165152
v 1.118718 1.500000 -0.118719
v 1.250000 0.625000 -0.125000
v 1.250000 0.375000 -0.125000
v 1.250000 0.375000 0.125000
v 1.250000 0.625000 0.125000
v -0.207107 1.000000 1.207107
v 0.117316 1.000000 1.423880
v 0.500000 1.000000 1.500000
v 0.882683 1.000000 1.423880
v 1.207107 1.000000 1.207107
v 1.423880 1.000000 0.882684
v 1.500000 1.000000 0.500000
v 1.423880 1.000000 0.117316
v 1.207107 1.000000 -0.207107
v -0.207107 1.500000 1.207107
v 0.117316 1.500000 1.423880
v 0.500000 1.500000 1.500000
v 0.882683 1.500000 1.423880
v 1.207107 1.500000 1.207107
v 1.423880 1.500000 0.882684
v 1.500000 1.500000 0.500000
v 1.423880 1.500000 0.117316
v 1.207107 1.500000 -0.207107
v -0.125000 0.125000 1.500000
v 0.125000 0.125000 1.500000
v -0.125000 0.125000 -1.500000
v 0.125000 0.125000 -1.500000
v -0.125000 0.250000 -1.500000
v -0.125000 0.250000 1.500000
v 0.125000 0.250000 1.500000
v 0.125000 0.250000 -1.500000
v -1.125000 0.125000 1.500000
v -0.875000 0.125000 1.500000
v -1.125000 0.125000 -1.500000
v -0.875000 0.125000 -1.500000
v -1.125000 0.250000 -1.500000
v -1.125000 0.250000 1.500000
v -0.875000 0.250000 1.500000
v -0.875000 0.250000 -1.500000
v 1.500000 0.312500 -1.187500
v 1.500000 0.312500 -0.812500
v 1.500000 0.687500 -1.187500
v 1.500000 0.687500 -0.812500
v 1.375000 0.375000 -1.125000
v 1.375000 0.375000 -0.875000
v 1.375000 0.625000 -1.125000
v 1.375000 0.625000 -0.875000
v 1.375000 0.687500 -1.187500
v 1.375000 0.312500 -1.187500
v 1.375000 0.312500 -0.812500
v 1.375000 0.687500 -0.812500
v 1.250000 0.625000 -1.125000
v 1.250000 0.375000 -1.125000
v 1.250000 0.375000 -0.875000
v 1.250000 0.625000 -0.875000
v 1.500000 0.312500 0.812500
v 1.500000 0.312500 1.187500
v 1.500000 0.687500 0.812500
v 1.500000 0.687500 1.187500
v 1.375000 0.375000 0.875000
v 1.375000 0.375000 1.125000
v 1.375000 0.625000 0.875000
v 1.375000 0.625000 1.125000
v 1.375000 0.687500 0.812500
v 1.375000 0.312500 0.812500
v 1.375000 0.312500 1.187500
v 1.375000 0.687500 1.187500
v 1.250000 0.625000 0.875000
v 1.250000 0.375000 0.875000
v 1.250000 0.375000 1.125000
v 1.250000 0.625000 1.125000
v -1.500000 0.312500 0.187500
v -1.500000 0.312500 -0.187500
v -1.500000 0.687500 0.187500
v -1.500000 0.687500 -0.187500
v -1.375000 0.375000 0.125000
v -1.375000 0.375000 -0.125000
v -1.375000 0.625000 0.125000
v -1.375000 0.625000 -0.125000
v -1.375000 0.687500 0.187500
v -1.375000 0.312500 0.187500
v -1.375000 0.312500 -0.187500
v -1.375000 0.687500 -0.187500
v -1.250000 0.625000 0.125000
v -1.250000 0.375000 0.125000
v -1.250000 0.375000 -0.125000
v -1.250000 0.625000 -0.125000
v -1.500000 0.312500 1.187500
v -1.500000 0.312500 0.812500
v -1.500000 0.687500 1.187500
v -1.500000 0.687500 0.812500
v -1.375000 0.375000 1.125000
v -1.375000 0.375000 0.875000
v -1.375000 0.625000 1.125000
v -1.375000 0.625000 0.875000
v -1.375000 0.687500 1.187500
v -1.375000 0.312500 1.187500
v -1.375000 0.312500 0.812500
v -1.375000 0.687500 0.812500
v -1.250000 0.625000 1.125000
v -1.250000 0.375000 1.125000
v -1.250000 0.375000 0.875000
v -1.250000 0.625000 0.875000
v -1.500000 0.312500 -0.812500
v -1.500000 0.312500 -1.187500
v -1.500000 0.687500 -0.812500
v -1.500000 0.687500 -1.187500
v -1.375000 0.375000 -0.875000
v -1.375000 0.375000 -1.125000
v -1.375000 0.625000 -0.875000
v -1.375000 0.625000 -1.125000
v -1.375000 0.687500 -0.812500
v -1.375000 0.312500 -0.812500
v -1.375000 0.312500 -1.187500
v -1.375000 0.687500 -1.187500
v -1.250000 0.625000 -0.875000
v -1.250000 0.375000 -0.875000
v -1.250000 0.375000 -1.125000
v -1.250000 0.625000 -1.125000
v -0.187500 0.312500 -1.500000
v 0.187500 0.312500 -1.500000
v -0.187500 0.687500 -1.500000
v 0.187500 0.687500 -1.500000
v -0.125000 0.375000 -1.375000
v 0.125000 0.375000 -1.375000
v -0.125000 0.625000 -1.375000
v 0.125000 0.625000 -1.375000
v -0.187500 0.687500 -1.375000
v -0.187500 0.312500 -1.375000
v 0.187500 0.312500 -1.375000
v 0.187500 0.687500 -1.375000
v -0.125000 0.625000 -1.250000
v -0.125000 0.375000 -1.250000
v 0.125000 0.375000 -1.250000
v 0.125000 0.625000 -1.250000
v -1.187500 0.312500 -1.500000
v -0.812500 0.312500 -1.500000
v -1.187500 0.687500 -1.500000
v -0.812500 0.687500 -1.500000
v -1.125000 0.375000 -1.375000
v -0.875000 0.375000 -1.375000
v -1.125000 0.625000 -1.375000
v -0.875000 0.625000 -1.375000
v -1.187500 0.687500 -1.375000
v -1.187500 0.312500 -1.375000
v -0.812500 0.312500 -1.375000
v -0.812500 0.687500 -1.375000
v -1.125000 0.625000 -1.250000
v -1.125000 0.375000 -1.250000
v -0.875000 0.375000 -1.250000
v -0.875000 0.625000 -1.250000
v 0.812500 0.312500 -1.500000
v 1.187500 0.312500 -1.500000
v 0.812500 0.687500 -1.500000
v 1.187500 0.687500 -1.500000
v 0.875000 0.375000 -1.375000
v 1.125000 0.375000 -1.375000
v 0.875000 0.625000 -1.375000
v 1.125000 0.625000 -1.375000
v 0.812500 0.687500 -1.375000
v 0.812500 0.312500 -1.375000
v 1.187500 0.312500 -1.375000
v 1.187500 0.687500 -1.375000
v 0.875000 0.625000 -1.250000
v 0.875000 0.375000 -1.250000
v 1.125000 0.375000 -1.250000
v 1.125000 0.625000 -1.250000
v 0.187500 0.312500 1.500000
v -0.187500 0.312500 1.500000
v 0.187500 0.687500 1.500000
v -0.187500 0.687500 1.500000
v 0.125000 0.375000 1.375000
v -0.125000 0.375000 1.375000
v 0.125000 0.625000 1.375000
v -0.125000 0.625000 1.375000
v 0.187500 0.687500 1.375000
v 0.187500 0.312500 1.375000
v -0.187500 0.312500 1.375000
v -0.187500 0.687500 1.375000
v 0.125000 0.625000 1.250000
v 0.125000 0.375000 1.250000
v -0.125000 0.375000 1.250000
v -0.125000 0.625000 1.250000
v 1.187500 0.312500 1.500000
v 0.812500 0.312500 1.500000
v 1.187500 0.687500 1.500000
v 0.812500 0.687500 1.500000
v 1.125000 0.375000 1.375000
v 0.875000 0.375000 1.375000
v 1.125000 0.625000 1.375000
v 0.875000 0.625000 1.375000
v 1.187500 0.687500 1.375000
v 1.187500 0.312500 1.375000
v 0.812500 0.312500 1.375000
v 0.812500 0.687500 1.375000
v 1.125000 0.625000 1.250000
v 1.125000 0.375000 1.250000
v 0.875000 0.375000 1.250000
v 0.875000 0.625000 1.250000
v -0.812500 0.312500 1.500000
v -1.187500 0.312500 1.500000
v -0.812500 0.687500 1.500000
v -1.187500 0.687500 1.500000
v -0.875000 0.375000 1.375000
v -1.125000 0.375000 1.375000
v -0.875000 0.625000 1.375000
v -1.125000 0.625000 1.375000
v -0.812500 0.687500 1.375000
v -0.812500 0.312500 1.375000
v -1.187500 0.312500 1.375000
v -1.187500 0.687500 1.375000
v -0.875000 0.625000 1.250000
v -0.875000 0.375000 1.250000
v -1.125000 0.375000 1.250000
v -1.125000 0.625000 1.250000
vt 0.331731 0.714286
vt 0.317308 0.800000
vt 0.317308 0.714286
vt 0.302885 0.714286
vt 0.288462 0.800000
vt 0.288462 0.714286
vt 0.274038 0.714286
vt 0.259615 0.800000
vt 0.259615 0.714286
vt 0.360577 0.714286
vt 0.346154 0.800000
vt 0.346154 0.714286
vt 0.331731 0.800000
vt 0.302885 0.800000
vt 0.274038 0.800000
vt 0.375000 0.714286
vt 0.360577 0.800000
vt 0.173077 0.742857
vt 0.201923 0.757143
vt 0.173077 0.757143
vt 0.173077 0.742857
vt 0.201923 0.757143
vt 0.173077 0.757143
vt 0.211538 0.714286
vt 0.201923 0.742857
vt 0.201923 0.714286
vt 0.173077 0.757143
vt 0.201923 0.800000
vt 0.153846 0.800000
vt 0.153846 0.714286
vt 0.173077 0.742857
vt 0.211538 0.714286
vt 0.201923 0.742857
vt 0.201923 0.714286
vt 0.211538 0.742857
vt 0.240385 0.757143
vt 0.211538 0.757143
vt 0.211538 0.757143
vt 0.201923 0.757143
vt 0.211538 0.800000
vt 0.240385 0.757143
vt 0.259615 0.800000
vt 0.240385 0.742857
vt 0.259615 0.714286
vt 0.173077 0.757143
vt 0.201923 0.800000
vt 0.153846 0.800000
vt 0.153846 0.714286
vt 0.173077 0.742857
vt 0.211538 0.742857
vt 0.240385 0.757143
vt 0.211538 0.757143
vt 0.211538 0.757143
vt 0.201923 0.757143
vt 0.211538 0.800000
vt 0.240385 0.757143
vt 0.259615 0.800000
vt 0.240385 0.742857
vt 0.259615 0.714286
vt 0.173077 0.742857
vt 0.201923 0.757143
vt 0.173077 0.757143
vt 0.173077 0.742857
vt 0.201923 0.757143
vt 0.173077 0.757143
vt 0.211538 0.714286
vt 0.201923 0.742857
vt 0.201923 0.714286
vt 0.173077 0.757143
vt 0.201923 0.800000
vt 0.153846 0.800000
vt 0.153846 0.714286
vt 0.173077 0.742857
vt 0.211538 0.714286
vt 0.201923 0.742857
vt 0.201923 0.714286
vt 0.211538 0.742857
vt 0.240385 0.757143
vt 0.211538 0.757143
vt 0.211538 0.757143
vt 0.201923 0.757143
vt 0.211538 0.800000
vt 0.240385 0.757143
vt 0.259615 0.800000
vt 0.240385 0.742857
vt 0.259615 0.714286
vt 0.173077 0.757143
vt 0.201923 0.800000
vt 0.153846 0.800000
vt 0.153846 0.714286
vt 0.173077 0.742857
vt 0.211538 0.757143
vt 0.240385 0.742857
vt 0.240385 0.757143
vt 0.211538 0.757143
vt 0.201923 0.757143
vt 0.211538 0.800000
vt 0.240385 0.757143
vt 0.259615 0.800000
vt 0.240385 0.742857
vt 0.259615 0.714286
vt 0.211538 0.742857
vt 0.173077 0.742857
vt 0.201923 0.757143
vt 0.173077 0.757143
vt 0.173077 0.757143
vt 0.201923 0.742857
vt 0.201923 0.757143
vt 0.211538 0.714286
vt 0.201923 0.742857
vt 0.201923 0.714286
vt 0.173077 0.757143
vt 0.201923 0.800000
vt 0.153846 0.800000
vt 0.153846 0.714286
vt 0.173077 0.742857
vt 0.211538 0.714286
vt 0.201923 0.742857
vt 0.201923 0.714286
vt 0.211538 0.757143
vt 0.240385 0.742857
vt 0.240385 0.757143
vt 0.211538 0.757143
vt 0.201923 0.757143
vt 0.211538 0.800000
vt 0.240385 0.757143
vt 0.259615 0.800000
vt 0.240385 0.742857
vt 0.259615 0.714286
vt 0.211538 0.742857
vt 0.173077 0.757143
vt 0.201923 0.800000
vt 0.153846 0.800000
vt 0.153846 0.714286
vt 0.173077 0.742857
vt 0.211538 0.742857
vt 0.240385 0.757143
vt 0.211538 0.757143
vt 0.211538 0.757143
vt 0.201923 0.757143
vt 0.211538 0.800000
vt 0.240385 0.757143
vt 0.259615 0.800000
vt 0.240385 0.742857
vt 0.259615 0.714286
vt 0.173077 0.742857
vt 0.201923 0.757143
vt 0.173077 0.757143
vt 0.173077 0.742857
vt 0.201923 0.757143
vt 0.173077 0.757143
vt 0.211538 0.714286
vt 0.201923 0.742857
vt 0.201923 0.714286
vt 0.173077 0.757143
vt 0.201923 0.800000
vt 0.153846 0.800000
vt 0.153846 0.714286
vt 0.173077 0.742857
vt 0.211538 0.714286
vt 0.201923 0.742857
vt 0.201923 0.714286
vt 0.211538 0.757143
vt 0.240385 0.742857
vt 0.240385 0.757143
vt 0.211538 0.757143
vt 0.201923 0.757143
vt 0.211538 0.800000
vt 0.240385 0.757143
vt 0.259615 0.800000
vt 0.240385 0.742857
vt 0.259615 0.714286
vt 0.211538 0.742857
vt 0.173077 0.757143
vt 0.201923 0.800000
vt 0.153846 0.800000
vt 0.153846 0.714286
vt 0.173077 0.742857
vt 0.211538 0.742857
vt 0.240385 0.757143
vt 0.211538 0.757143
vt 0.211538 0.757143
vt 0.201923 0.757143
vt 0.211538 0.800000
vt 0.240385 0.757143
vt 0.259615 0.800000
vt 0.240385 0.742857
vt 0.259615 0.714286
vt 0.375000 0.800000
vt 0.201923 0.742857
vt 0.201923 0.742857
vt 0.211538 0.742857
vt 0.211538 0.742857
vt 0.240385 0.742857
vt 0.240385 0.742857
vt 0.201923 0.742857
vt 0.201923 0.742857
vt 0.211538 0.742857
vt 0.211538 0.742857
vt 0.240385 0.742857
vt 0.201923 0.742857
vt 0.173077 0.742857
vt 0.211538 0.742857
vt 0.211538 0.742857
vt 0.240385 0.742857
vt 0.201923 0.742857
vt 0.201923 0.742857
vt 0.211538 0.742857
vt 0.211538 0.742857
vt 0.240385 0.742857
vt 0.394231 0.714286
vt 0.375000 0.742857
vt 0.375000 0.714286
vt 0.375000 0.771429
vt 0.394231 0.800000
vt 0.375000 0.800000
vt 0.432692 0.742857
vt 0.413462 0.771429
vt 0.413462 0.742857
vt 0.451923 0.742857
vt 0.432692 0.771429
vt 0.394231 0.742857
vt 0.394231 0.771429
vt 0.394231 0.714286
vt 0.375000 0.742857
vt 0.375000 0.714286
vt 0.375000 0.771429
vt 0.394231 0.800000
vt 0.375000 0.800000
vt 0.432692 0.742857
vt 0.413462 0.771429
vt 0.413462 0.742857
vt 0.451923 0.742857
vt 0.432692 0.771429
vt 0.394231 0.742857
vt 0.394231 0.771429
vt 0.394231 0.714286
vt 0.375000 0.742857
vt 0.375000 0.714286
vt 0.375000 0.771429
vt 0.394231 0.800000
vt 0.375000 0.800000
vt 0.432692 0.742857
vt 0.413462 0.771429
vt 0.413462 0.742857
vt 0.451923 0.742857
vt 0.432692 0.771429
vt 0.394231 0.742857
vt 0.394231 0.771429
vt 0.394231 0.714286
vt 0.375000 0.742857
vt 0.375000 0.714286
vt 0.375000 0.771429
vt 0.394231 0.800000
vt 0.375000 0.800000
vt 0.432692 0.742857
vt 0.413462 0.771429
vt 0.413462 0.742857
vt 0.451923 0.742857
vt 0.432692 0.771429
vt 0.394231 0.742857
vt 0.394231 0.771429
vt 0.442308 0.828571
vt 0.250000 0.842857
vt 0.250000 0.828571
vt 0.442308 0.814286
vt 0.442308 0.842857
vt 0.250000 0.857143
vt 0.250000 0.800000
vt 0.442308 0.800000
vt 0.442308 0.814286
vt 0.250000 0.828571
vt 0.250000 0.814286
vt 0.442308 0.800000
vt 0.442308 0.828571
vt 0.250000 0.842857
vt 0.442308 0.857143
vt 0.442308 0.842857
vt 0.250000 0.828571
vt 0.442308 0.814286
vt 0.442308 0.828571
vt 0.250000 0.842857
vt 0.250000 0.814286
vt 0.442308 0.800000
vt 0.442308 0.857143
vt 0.250000 0.857143
vt 0.250000 0.842857
vt 0.442308 0.828571
vt 0.442308 0.842857
vt 0.250000 0.857143
vt 0.250000 0.828571
vt 0.442308 0.814286
vt 0.250000 0.800000
vt 0.250000 0.814286
vt 0.442308 0.828571
vt 0.250000 0.842857
vt 0.250000 0.828571
vt 0.442308 0.814286
vt 0.442308 0.842857
vt 0.250000 0.857143
vt 0.250000 0.800000
vt 0.442308 0.800000
vt 0.250000 0.842857
vt 0.442308 0.828571
vt 0.442308 0.842857
vt 0.250000 0.857143
vt 0.250000 0.828571
vt 0.442308 0.814286
vt 0.250000 0.800000
vt 0.250000 0.814286
vt 0.442308 0.828571
vt 0.250000 0.842857
vt 0.250000 0.828571
vt 0.442308 0.814286
vt 0.442308 0.842857
vt 0.250000 0.857143
vt 0.250000 0.800000
vt 0.442308 0.800000
vt 0.250000 0.842857
vt 0.442308 0.828571
vt 0.442308 0.842857
vt 0.250000 0.857143
vt 0.250000 0.828571
vt 0.442308 0.814286
vt 0.250000 0.800000
vt 0.250000 0.814286
vt 0.451923 0.771429
vt 0.451923 0.771429
vt 0.451923 0.771429
vt 0.451923 0.771429
vt 0.250000 0.814286
vt 0.442308 0.857143
vt 0.250000 0.800000
vt 0.250000 0.857143
vt 0.442308 0.842857
vt 0.250000 0.800000
vt 0.442308 0.857143
vt 0.442308 0.800000
vt 0.250000 0.814286
vt 0.442308 0.857143
vt 0.442308 0.857143
vt 0.442308 0.800000
vt 0.250000 0.814286
vt 0.442308 0.857143
vt 0.442308 0.857143
vt 0.442308 0.800000
vt 0.894231 0.271429
vt 0.942308 0.314286
vt 0.894231 0.314286
vt 0.942308 0.228571
vt 0.894231 0.228571
vt 0.894231 0.357143
vt 0.942308 0.357143
vt 0.971154 0.314286
vt 0.942308 0.271429
vt 0.971154 0.271429
vt 0.865385 0.271429
vt 0.865385 0.314286
vt 0.394231 0.714286
vt 0.375000 0.742857
vt 0.375000 0.714286
vt 0.375000 0.771429
vt 0.394231 0.800000
vt 0.375000 0.800000
vt 0.432692 0.742857
vt 0.413462 0.771429
vt 0.413462 0.742857
vt 0.451923 0.742857
vt 0.432692 0.771429
vt 0.394231 0.742857
vt 0.394231 0.771429
vt 0.394231 0.714286
vt 0.375000 0.742857
vt 0.375000 0.714286
vt 0.375000 0.771429
vt 0.394231 0.800000
vt 0.375000 0.800000
vt 0.432692 0.742857
vt 0.413462 0.771429
vt 0.413462 0.742857
vt 0.451923 0.742857
vt 0.432692 0.771429
vt 0.394231 0.742857
vt 0.394231 0.771429
vt 0.394231 0.714286
vt 0.375000 0.742857
vt 0.375000 0.714286
vt 0.375000 0.771429
vt 0.394231 0.800000
vt 0.375000 0.800000
vt 0.432692 0.742857
vt 0.413462 0.771429
vt 0.413462 0.742857
vt 0.451923 0.742857
vt 0.432692 0.771429
vt 0.394231 0.742857
vt 0.394231 0.771429
vt 0.394231 0.714286
vt 0.375000 0.742857
vt 0.375000 0.714286
vt 0.375000 0.771429
vt 0.394231 0.800000
vt 0.375000 0.800000
vt 0.432692 0.742857
vt 0.413462 0.771429
vt 0.413462 0.742857
vt 0.451923 0.742857
vt 0.432692 0.771429
vt 0.394231 0.742857
vt 0.394231 0.771429
vt 0.250000 0.828571
vt 0.442308 0.814286
vt 0.442308 0.828571
vt 0.250000 0.842857
vt 0.250000 0.814286
vt 0.442308 0.800000
vt 0.442308 0.857143
vt 0.250000 0.857143
vt 0.442308 0.814286
vt 0.250000 0.828571
vt 0.250000 0.814286
vt 0.442308 0.800000
vt 0.442308 0.828571
vt 0.250000 0.842857
vt 0.442308 0.857143
vt 0.442308 0.842857
vt 0.250000 0.828571
vt 0.442308 0.814286
vt 0.442308 0.828571
vt 0.250000 0.842857
vt 0.250000 0.814286
vt 0.442308 0.800000
vt 0.442308 0.857143
vt 0.250000 0.857143
vt 0.442308 0.814286
vt 0.250000 0.828571
vt 0.250000 0.814286
vt 0.442308 0.800000
vt 0.442308 0.828571
vt 0.250000 0.842857
vt 0.442308 0.857143
vt 0.442308 0.842857
vt 0.706731 0.621429
vt 0.677885 0.578571
vt 0.706731 0.578571
vt 0.716346 0.621429
vt 0.677885 0.635714
vt 0.677885 0.621429
vt 0.706731 0.564286
vt 0.668269 0.578571
vt 0.721154 0.614286
vt 0.716346 0.578571
vt 0.721154 0.585714
vt 0.701923 0.557143
vt 0.677885 0.564286
vt 0.682692 0.557143
vt 0.663462 0.585714
vt 0.668269 0.621429
vt 0.663462 0.614286
vt 0.682692 0.642857
vt 0.706731 0.635714
vt 0.701923 0.642857
vt 0.076917 0.257143
vt 0.096151 0.207648
vt 0.134618 0.207648
vt 0.019228 0.306638
vt -0.000006 0.257143
vt 0.019228 0.207648
vt 0.307686 0.257143
vt 0.326920 0.207648
vt 0.365388 0.207648
vt 0.249997 0.306638
vt 0.230763 0.257143
vt 0.249997 0.207648
vt 0.730769 0.114286
vt 0.538462 -0.000000
vt 0.730769 -0.000000
vt 0.730769 0.200000
vt 0.557692 0.228571
vt 0.538462 0.200000
vt 0.538462 0.114286
vt 1.000000 0.114286
vt 0.807692 0.200000
vt 0.807692 0.114286
vt 0.461538 0.200000
vt 0.461538 0.114286
vt 0.557692 0.342857
vt 0.711538 0.228571
vt 0.711538 0.342857
vt 1.000000 0.200000
vt 0.826923 0.228571
vt 0.461538 0.228571
vt 0.730769 0.228571
vt 0.653846 0.657143
vt 0.615385 0.714286
vt 0.615385 0.657143
vt 0.576923 0.657143
vt 0.538462 0.714286
vt 0.538462 0.657143
vt 0.692308 0.657143
vt 0.653846 0.714286
vt 0.576923 0.714286
vt 0.615385 0.771429
vt 0.653846 0.771429
vt 0.615385 0.828571
vt 0.615385 0.771429
vt 0.576923 0.771429
vt 0.538462 0.828571
vt 0.538462 0.771429
vt 0.692308 0.771429
vt 0.653846 0.828571
vt 0.576923 0.828571
vt 0.615385 0.885714
vt 1.000000 0.771429
vt 0.961538 0.485714
vt 1.000000 0.485714
vt 0.884615 0.485714
vt 0.923077 0.771429
vt 0.884615 0.771429
vt 0.923077 0.828571
vt 0.961538 0.771429
vt 0.961538 0.828571
vt 0.961538 0.428571
vt 0.923077 0.485714
vt 0.923077 0.428571
vt 0.750000 0.035714
vt 0.846154 0.028571
vt 0.846154 0.035714
vt 0.730769 0.342857
vt 0.846154 0.257143
vt 0.846154 0.342857
vt 0.711538 0.257143
vt 0.711538 0.342857
vt 0.865385 0.342857
vt 0.865385 0.257143
vt 0.846154 0.228571
vt 0.730769 0.257143
vt 0.730769 0.228571
vt 0.730769 0.371429
vt 0.846154 0.371429
vt 0.750000 0.035714
vt 0.846154 0.028571
vt 0.846154 0.035714
vt 0.846154 -0.000000
vt 0.750000 0.028571
vt 0.750000 -0.000000
vt 0.750000 0.064286
vt 0.846154 0.064286
vt 0.730769 0.028571
vt 0.730769 0.035714
vt 0.865385 0.035714
vt 0.865385 0.028571
vt 0.846154 -0.000000
vt 0.750000 0.028571
vt 0.750000 -0.000000
vt 0.750000 0.064286
vt 0.846154 0.064286
vt 0.730769 0.028571
vt 0.730769 0.035714
vt 0.865385 0.035714
vt 0.865385 0.028571
vt 0.750000 0.035714
vt 0.846154 0.028571
vt 0.846154 0.035714
vt 0.846154 -0.000000
vt 0.750000 0.028571
vt 0.750000 -0.000000
vt 0.750000 0.064286
vt 0.846154 0.064286
vt 0.730769 0.028571
vt 0.730769 0.035714
vt 0.865385 0.035714
vt 0.865385 0.028571
vt 0.750000 0.035714
vt 0.846154 0.028571
vt 0.846154 0.035714
vt 0.846154 -0.000000
vt 0.750000 0.028571
vt 0.750000 -0.000000
vt 0.750000 0.064286
vt 0.846154 0.064286
vt 0.730769 0.028571
vt 0.730769 0.035714
vt 0.865385 0.035714
vt 0.865385 0.028571
vt 0.750000 0.035714
vt 0.846154 0.028571
vt 0.846154 0.035714
vt 0.846154 -0.000000
vt 0.750000 0.028571
vt 0.750000 -0.000000
vt 0.750000 0.064286
vt 0.846154 0.064286
vt 0.730769 0.028571
vt 0.730769 0.035714
vt 0.865385 0.035714
vt 0.865385 0.028571
vt 0.403846 0.314286
vt 0.442308 0.285714
vt 0.442308 0.314286
vt 0.403846 0.314286
vt 0.442308 0.285714
vt 0.442308 0.314286
vt 0.461538 0.228571
vt 0.442308 0.228571
vt 0.403846 0.285714
vt 0.403846 0.228571
vt 0.500000 0.228571
vt 0.461538 0.285714
vt 0.384615 0.285714
vt 0.384615 0.228571
vt 0.461538 0.228571
vt 0.442308 0.228571
vt 0.403846 0.285714
vt 0.403846 0.228571
vt 0.500000 0.228571
vt 0.461538 0.285714
vt 0.384615 0.285714
vt 0.384615 0.228571
vt 0.240385 0.800000
vt 0.009615 0.828571
vt 0.009615 0.800000
vt 0.009615 0.842857
vt 0.240385 0.871429
vt 0.009615 0.871429
vt 0.250000 0.871429
vt 0.240385 0.842857
vt 0.250000 0.842857
vt 0.000000 0.842857
vt 0.000000 0.871429
vt 0.240385 0.828571
vt 0.009615 0.885714
vt 0.240385 0.885714
vt 0.846154 0.428571
vt 0.730769 0.600000
vt 0.730769 0.428571
vt 0.730769 0.657143
vt 0.846154 0.828571
vt 0.730769 0.828571
vt 0.692308 0.657143
vt 0.692308 0.828571
vt 0.846154 0.600000
vt 0.730769 0.885714
vt 0.846154 0.885714
vt 0.884615 0.828571
vt 0.846154 0.657143
vt 0.884615 0.657143
vt 0.131284 0.709336
vt 0.022562 0.709336
vt 0.022563 0.547807
vt 0.413462 0.714212
vt 0.384665 0.671429
vt 0.413461 0.628646
vt 0.711050 0.372155
vt 0.730761 0.442857
vt 0.596162 0.442857
vt 0.481258 0.513559
vt 0.481258 0.372155
vt 0.576434 0.372155
vt 0.259615 0.385714
vt 0.288462 0.400000
vt 0.259615 0.400000
vt 0.230769 0.385714
vt 0.230769 0.400000
vt 0.201923 0.400000
vt 0.173077 0.400000
vt 0.201923 0.385714
vt 0.144231 0.385714
vt 0.144231 0.400000
vt 0.115385 0.385714
vt 0.115385 0.400000
vt 0.086538 0.400000
vt 0.057692 0.400000
vt 0.086538 0.385714
vt 0.057692 0.342857
vt 0.086538 0.357143
vt 0.057692 0.357143
vt 0.557692 0.557143
vt 0.548077 0.614286
vt 0.548077 0.557143
vt 0.086538 0.342857
vt 0.115385 0.357143
vt 0.144231 0.342857
vt 0.115385 0.342857
vt 0.173077 0.342857
vt 0.144231 0.357143
vt 0.201923 0.357143
vt 0.173077 0.357143
vt 0.201923 0.342857
vt 0.230769 0.357143
vt 0.259615 0.342857
vt 0.230769 0.342857
vt 0.288462 0.342857
vt 0.259615 0.357143
vt 0.336538 0.614286
vt 0.326923 0.557143
vt 0.336538 0.557143
vt 0.730769 0.585714
vt 0.682692 0.542857
vt 0.653846 0.614286
vt 0.701923 0.657143
vt 0.240385 0.800000
vt 0.009615 0.828571
vt 0.009615 0.800000
vt 0.009615 0.842857
vt 0.240385 0.871429
vt 0.009615 0.871429
vt 0.250000 0.871429
vt 0.240385 0.842857
vt 0.250000 0.842857
vt 0.000000 0.842857
vt 0.000000 0.871429
vt 0.240385 0.828571
vt 0.009615 0.885714
vt 0.240385 0.885714
vt 0.240385 0.800000
vt 0.009615 0.828571
vt 0.009615 0.800000
vt 0.009615 0.842857
vt 0.240385 0.871429
vt 0.009615 0.871429
vt 0.250000 0.871429
vt 0.240385 0.842857
vt 0.250000 0.842857
vt 0.000000 0.842857
vt 0.000000 0.871429
vt 0.240385 0.828571
vt 0.009615 0.885714
vt 0.240385 0.885714
vt 0.706731 0.621429
vt 0.677885 0.578571
vt 0.706731 0.578571
vt 0.716346 0.621429
vt 0.677885 0.635714
vt 0.677885 0.621429
vt 0.706731 0.564286
vt 0.668269 0.578571
vt 0.721154 0.614286
vt 0.716346 0.578571
vt 0.721154 0.585714
vt 0.701923 0.557143
vt 0.677885 0.564286
vt 0.682692 0.557143
vt 0.663462 0.585714
vt 0.668269 0.621429
vt 0.663462 0.614286
vt 0.682692 0.642857
vt 0.706731 0.635714
vt 0.701923 0.642857
vt 0.730769 0.585714
vt 0.682692 0.542857
vt 0.653846 0.614286
vt 0.701923 0.657143
vt 0.706731 0.621429
vt 0.677885 0.578571
vt 0.706731 0.578571
vt 0.716346 0.621429
vt 0.677885 0.635714
vt 0.677885 0.621429
vt 0.706731 0.564286
vt 0.668269 0.578571
vt 0.721154 0.614286
vt 0.716346 0.578571
vt 0.721154 0.585714
vt 0.701923 0.557143
vt 0.677885 0.564286
vt 0.682692 0.557143
vt 0.663462 0.585714
vt 0.668269 0.621429
vt 0.663462 0.614286
vt 0.682692 0.642857
vt 0.706731 0.635714
vt 0.701923 0.642857
vt 0.730769 0.585714
vt 0.682692 0.542857
vt 0.653846 0.614286
vt 0.701923 0.657143
vt 0.706731 0.621429
vt 0.677885 0.578571
vt 0.706731 0.578571
vt 0.716346 0.621429
vt 0.677885 0.635714
vt 0.677885 0.621429
vt 0.706731 0.564286
vt 0.668269 0.578571
vt 0.721154 0.614286
vt 0.716346 0.578571
vt 0.721154 0.585714
vt 0.701923 0.557143
vt 0.677885 0.564286
vt 0.682692 0.557143
vt 0.663462 0.585714
vt 0.668269 0.621429
vt 0.663462 0.614286
vt 0.682692 0.642857
vt 0.706731 0.635714
vt 0.701923 0.642857
vt 0.730769 0.585714
vt 0.682692 0.542857
vt 0.653846 0.614286
vt 0.701923 0.657143
vt 0.706731 0.621429
vt 0.677885 0.578571
vt 0.706731 0.578571
vt 0.716346 0.621429
vt 0.677885 0.635714
vt 0.677885 0.621429
vt 0.706731 0.564286
vt 0.668269 0.578571
vt 0.721154 0.614286
vt 0.716346 0.578571
vt 0.721154 0.585714
vt 0.701923 0.557143
vt 0.677885 0.564286
vt 0.682692 0.557143
vt 0.663462 0.585714
vt 0.668269 0.621429
vt 0.663462 0.614286
vt 0.682692 0.642857
vt 0.706731 0.635714
vt 0.701923 0.642857
vt 0.730769 0.585714
vt 0.682692 0.542857
vt 0.653846 0.614286
vt 0.701923 0.657143
vt 0.706731 0.621429
vt 0.677885 0.578571
vt 0.706731 0.578571
vt 0.716346 0.621429
vt 0.677885 0.635714
vt 0.677885 0.621429
vt 0.706731 0.564286
vt 0.668269 0.578571
vt 0.721154 0.614286
vt 0.716346 0.578571
vt 0.721154 0.585714
vt 0.701923 0.557143
vt 0.677885 0.564286
vt 0.682692 0.557143
vt 0.663462 0.585714
vt 0.668269 0.621429
vt 0.663462 0.614286
vt 0.682692 0.642857
vt 0.706731 0.635714
vt 0.701923 0.642857
vt 0.730769 0.585714
vt 0.682692 0.542857
vt 0.653846 0.614286
vt 0.701923 0.657143
vt 0.706731 0.621429
vt 0.677885 0.578571
vt 0.706731 0.578571
vt 0.716346 0.621429
vt 0.677885 0.635714
vt 0.677885 0.621429
vt 0.706731 0.564286
vt 0.668269 0.578571
vt 0.721154 0.614286
vt 0.716346 0.578571
vt 0.721154 0.585714
vt 0.701923 0.557143
vt 0.677885 0.564286
vt 0.682692 0.557143
vt 0.663462 0.585714
vt 0.668269 0.621429
vt 0.663462 0.614286
vt 0.682692 0.642857
vt 0.706731 0.635714
vt 0.701923 0.642857
vt 0.730769 0.585714
vt 0.682692 0.542857
vt 0.653846 0.614286
vt 0.701923 0.657143
vt 0.706731 0.621429
vt 0.677885 0.578571
vt 0.706731 0.578571
vt 0.716346 0.621429
vt 0.677885 0.635714
vt 0.677885 0.621429
vt 0.706731 0.564286
vt 0.668269 0.578571
vt 0.721154 0.614286
vt 0.716346 0.578571
vt 0.721154 0.585714
vt 0.701923 0.557143
vt 0.677885 0.564286
vt 0.682692 0.557143
vt 0.663462 0.585714
vt 0.668269 0.621429
vt 0.663462 0.614286
vt 0.682692 0.642857
vt 0.706731 0.635714
vt 0.701923 0.642857
vt 0.730769 0.585714
vt 0.682692 0.542857
vt 0.653846 0.614286
vt 0.701923 0.657143
vt 0.706731 0.621429
vt 0.677885 0.578571
vt 0.706731 0.578571
vt 0.716346 0.621429
vt 0.677885 0.635714
vt 0.677885 0.621429
vt 0.706731 0.564286
vt 0.668269 0.578571
vt 0.721154 0.614286
vt 0.716346 0.578571
vt 0.721154 0.585714
vt 0.701923 0.557143
vt 0.677885 0.564286
vt 0.682692 0.557143
vt 0.663462 0.585714
vt 0.668269 0.621429
vt 0.663462 0.614286
vt 0.682692 0.642857
vt 0.706731 0.635714
vt 0.701923 0.642857
vt 0.730769 0.585714
vt 0.701923 0.542857
vt 0.653846 0.614286
vt 0.701923 0.657143
vt 0.706731 0.621429
vt 0.677885 0.578571
vt 0.706731 0.578571
vt 0.716346 0.621429
vt 0.677885 0.635714
vt 0.677885 0.621429
vt 0.706731 0.564286
vt 0.668269 0.578571
vt 0.721154 0.614286
vt 0.716346 0.578571
vt 0.721154 0.585714
vt 0.701923 0.557143
vt 0.677885 0.564286
vt 0.682692 0.557143
vt 0.663462 0.585714
vt 0.668269 0.621429
vt 0.663462 0.614286
vt 0.682692 0.642857
vt 0.706731 0.635714
vt 0.701923 0.642857
vt 0.730769 0.585714
vt 0.701923 0.542857
vt 0.653846 0.614286
vt 0.701923 0.657143
vt 0.706731 0.621429
vt 0.677885 0.578571
vt 0.706731 0.578571
vt 0.716346 0.621429
vt 0.677885 0.635714
vt 0.677885 0.621429
vt 0.706731 0.564286
vt 0.668269 0.578571
vt 0.721154 0.614286
vt 0.716346 0.578571
vt 0.721154 0.585714
vt 0.701923 0.557143
vt 0.677885 0.564286
vt 0.682692 0.557143
vt 0.663462 0.585714
vt 0.668269 0.621429
vt 0.663462 0.614286
vt 0.682692 0.642857
vt 0.706731 0.635714
vt 0.701923 0.642857
vt 0.730769 0.585714
vt 0.682692 0.542857
vt 0.653846 0.614286
vt 0.701923 0.657143
vt 0.706731 0.621429
vt 0.677885 0.578571
vt 0.706731 0.578571
vt 0.716346 0.621429
vt 0.677885 0.621429
vt 0.706731 0.635714
vt 0.677885 0.635714
vt 0.706731 0.564286
vt 0.668269 0.578571
vt 0.721154 0.614286
vt 0.716346 0.578571
vt 0.721154 0.585714
vt 0.701923 0.557143
vt 0.677885 0.564286
vt 0.682692 0.557143
vt 0.663462 0.585714
vt 0.668269 0.621429
vt 0.663462 0.614286
vt 0.682692 0.642857
vt 0.701923 0.642857
vt 0.730769 0.585714
vt 0.701923 0.542857
vt 0.653846 0.614286
vt 0.701923 0.657143
vt 0.451923 0.771429
vt 0.451923 0.771429
vt 0.451923 0.771429
vt 0.451923 0.771429
vt 0.442308 0.842857
vt 0.250000 0.800000
vt 0.250000 0.800000
vt 0.250000 0.857143
vt 0.442308 0.842857
vt 0.250000 0.800000
vt 0.250000 0.800000
vt 0.250000 0.857143
vt 0.148699 0.228567
vt 0.153852 0.257143
vt 0.148699 0.285719
vt 0.134618 0.306638
vt 0.115385 0.314295
vt 0.096151 0.306638
vt 0.082071 0.285719
vt 0.082071 0.228567
vt 0.115385 0.199991
vt 0.076929 0.257143
vt 0.071776 0.285719
vt 0.057695 0.306638
vt 0.038461 0.314295
vt 0.005148 0.285719
vt 0.005148 0.228567
vt 0.038461 0.199991
vt 0.057695 0.207648
vt 0.071775 0.228567
vt 0.379468 0.228567
vt 0.384622 0.257143
vt 0.379468 0.285719
vt 0.365388 0.306638
vt 0.346154 0.314295
vt 0.326920 0.306638
vt 0.312840 0.285719
vt 0.312840 0.228567
vt 0.346154 0.199991
vt 0.307698 0.257143
vt 0.302545 0.285719
vt 0.288465 0.306638
vt 0.269231 0.314295
vt 0.235917 0.285719
vt 0.235917 0.228567
vt 0.269231 0.199991
vt 0.288465 0.207648
vt 0.302545 0.228567
vt 0.980769 0.228571
vt 0.538462 0.228571
vt 0.807692 0.228571
vt 0.692308 0.714286
vt 0.653846 0.771429
vt 0.692308 0.828571
vt 0.653846 0.885714
vt 0.500000 0.285714
vt 0.500000 0.285714
vt 0.131284 0.547807
vt 0.147949 0.584862
vt 0.153801 0.628571
vt 0.147949 0.672281
vt 0.106343 0.734095
vt 0.076923 0.742790
vt 0.047503 0.734095
vt 0.005898 0.672281
vt 0.000046 0.628572
vt 0.005898 0.584862
vt 0.047503 0.523048
vt 0.076923 0.514353
vt 0.106343 0.523048
vt 0.442258 0.671428
vt 0.440066 0.687801
vt 0.433824 0.701681
vt 0.424481 0.710955
vt 0.402442 0.710955
vt 0.393099 0.701681
vt 0.386857 0.687801
vt 0.386857 0.655056
vt 0.393099 0.641176
vt 0.402442 0.631902
vt 0.424481 0.631902
vt 0.433823 0.641176
vt 0.440066 0.655056
vt 0.725639 0.481121
vt 0.711050 0.513560
vt 0.689216 0.535234
vt 0.663462 0.542845
vt 0.637707 0.535234
vt 0.615874 0.513559
vt 0.601285 0.481121
vt 0.601285 0.404593
vt 0.663462 0.342869
vt 0.615874 0.372155
vt 0.637707 0.350480
vt 0.689216 0.350480
vt 0.725639 0.404593
vt 0.591023 0.404593
vt 0.576434 0.513559
vt 0.596146 0.442857
vt 0.591023 0.481121
vt 0.554601 0.535234
vt 0.528846 0.542845
vt 0.503092 0.535234
vt 0.466669 0.481121
vt 0.461547 0.442857
vt 0.466669 0.404593
vt 0.503092 0.350480
vt 0.528846 0.342869
vt 0.554601 0.350480
vt 0.288462 0.385714
vt 0.173077 0.385714
vt 0.057692 0.385714
vt 0.557692 0.614286
vt 0.288462 0.357143
vt 0.326923 0.614286
vt 0.730769 0.614286
vt 0.701923 0.542857
vt 0.653846 0.585714
vt 0.682692 0.657143
vt 0.730769 0.614286
vt 0.701923 0.542857
vt 0.653846 0.585714
vt 0.682692 0.657143
vt 0.730769 0.614286
vt 0.701923 0.542857
vt 0.653846 0.585714
vt 0.682692 0.657143
vt 0.730769 0.614286
vt 0.701923 0.542857
vt 0.653846 0.585714
vt 0.682692 0.657143
vt 0.730769 0.614286
vt 0.701923 0.542857
vt 0.653846 0.585714
vt 0.682692 0.657143
vt 0.730769 0.614286
vt 0.701923 0.542857
vt 0.653846 0.585714
vt 0.682692 0.657143
vt 0.730769 0.614286
vt 0.701923 0.542857
vt 0.653846 0.585714
vt 0.682692 0.657143
vt 0.730769 0.614286
vt 0.701923 0.542857
vt 0.653846 0.585714
vt 0.682692 0.657143
vt 0.730769 0.614286
vt 0.682692 0.542857
vt 0.653846 0.585714
vt 0.682692 0.657143
vt 0.730769 0.614286
vt 0.682692 0.542857
vt 0.653846 0.585714
vt 0.682692 0.657143
vt 0.730769 0.614286
vt 0.701923 0.542857
vt 0.653846 0.585714
vt 0.682692 0.657143
vt 0.730769 0.614286
vt 0.682692 0.542857
vt 0.653846 0.585714
vt 0.682692 0.657143
vt 0.115385 0.000000
vt 0.096154 0.200000
vt 0.096154 0.000000
vt 0.000000 0.000000
vt 0.019231 0.200000
vt 0.000000 0.200000
vt 0.192308 0.000000
vt 0.173077 0.200000
vt 0.173077 0.000000
vt 0.134615 0.000000
vt 0.115385 0.200000
vt 0.019231 0.000000
vt 0.038462 0.200000
vt 0.076923 0.000000
vt 0.057692 0.200000
vt 0.057692 0.000000
vt 0.211538 0.000000
vt 0.192308 0.200000
vt 0.153846 0.000000
vt 0.134615 0.200000
vt 0.038462 0.000000
vt 0.076923 0.200000
vt 0.230769 0.000000
vt 0.211538 0.200000
vt 0.153846 0.200000
vt 0.346154 0.000000
vt 0.326923 0.200000
vt 0.326923 0.000000
vt 0.250000 0.000000
vt 0.230769 0.200000
vt 0.230769 0.000000
vt 0.423077 0.000000
vt 0.403846 0.200000
vt 0.403846 0.000000
vt 0.365385 0.000000
vt 0.346154 0.200000
vt 0.269231 0.000000
vt 0.250000 0.200000
vt 0.288462 0.000000
vt 0.307692 0.200000
vt 0.288462 0.200000
vt 0.442308 0.000000
vt 0.423077 0.200000
vt 0.384615 0.000000
vt 0.365385 0.200000
vt 0.269231 0.200000
vt 0.307692 0.000000
vt 0.461538 0.200000
vt 0.442308 0.200000
vt 0.384615 0.200000
vt 0.163462 0.914286
vt 0.115385 0.928571
vt 0.115385 0.914286
vt 0.163462 0.957143
vt 0.115385 0.971429
vt 0.115385 0.957143
vt 0.000000 0.942857
vt 0.057692 0.928571
vt 0.057692 0.942857
vt 0.163462 0.942857
vt 0.177885 0.957143
vt 0.057692 0.957143
vt 0.115385 0.942857
vt 0.115385 0.957143
vt 0.000000 0.928571
vt 0.057692 0.914286
vt 0.163462 0.971429
vt 0.115385 0.985714
vt 0.057692 0.971429
vt 0.115385 0.971429
vt 0.000000 0.914286
vt 0.057692 0.900000
vt 0.115385 0.942857
vt 0.057692 0.985714
vt 0.115385 0.985714
vt 0.000000 0.900000
vt 0.057692 0.885714
vt 0.163462 0.928571
vt 0.115385 1.000000
vt 0.000000 1.000000
vt 0.057692 0.985714
vt 0.057692 1.000000
vt 0.163462 0.900000
vt 0.115385 0.900000
vt 0.057692 0.900000
vt 0.115385 0.885714
vt 0.115385 0.900000
vt 0.000000 0.985714
vt 0.057692 0.971429
vt 0.057692 0.928571
vt 0.115385 0.914286
vt 0.115385 0.928571
vt 0.057692 0.914286
vt 0.000000 0.971429
vt 0.057692 0.957143
vt 0.163462 0.885714
vt 0.115385 0.885714
vt 0.163462 0.985714
vt 0.115385 1.000000
vt 0.057692 0.942857
vt 0.168269 0.971429
vt 0.177885 0.985714
vt 0.173077 0.985714
vt 0.177885 0.914286
vt 0.177885 0.928571
vt 0.177885 0.971429
vt 0.168269 0.914286
vt 0.177885 0.900000
vt 0.177885 0.942857
vt 0.192308 0.957143
vt 0.187500 0.971429
vt 0.187500 0.914286
vt 0.192308 0.942857
vt 0.182692 0.985714
vt 0.192308 0.928571
vt 0.177885 0.885714
vt 0.173077 0.900000
vt 0.182692 0.900000
vt 0.177885 1.000000
vt 0.192308 0.900000
vt 0.240385 0.914286
vt 0.192308 0.914286
vt 0.240385 0.942857
vt 0.192308 0.985714
vt 0.240385 1.000000
vt 0.192308 1.000000
vt 0.240385 0.957143
vt 0.192308 0.885714
vt 0.240385 0.900000
vt 0.192308 0.971429
vt 0.240385 0.985714
vt 0.240385 0.928571
vt 0.240385 0.971429
vt 0.254808 1.000000
vt 0.245192 1.000000
vt 0.254808 0.942857
vt 0.254808 0.957143
vt 0.254808 0.985714
vt 0.245192 0.885714
vt 0.254808 0.900000
vt 0.250000 0.900000
vt 0.254808 0.971429
vt 0.245192 0.942857
vt 0.254808 0.928571
vt 0.269231 0.971429
vt 0.264423 0.942857
vt 0.269231 0.985714
vt 0.264423 1.000000
vt 0.269231 0.957143
vt 0.264423 0.885714
vt 0.259615 0.900000
vt 0.254808 0.914286
vt 0.250000 0.928571
vt 0.259615 0.928571
vt 0.336538 0.914286
vt 0.269231 0.928571
vt 0.269231 0.914286
vt 0.336538 0.957143
vt 0.269231 0.971429
vt 0.269231 0.957143
vt 0.336538 0.942857
vt 0.350962 0.957143
vt 0.336538 0.971429
vt 0.269231 0.985714
vt 0.269231 0.942857
vt 0.336538 0.928571
vt 0.336538 0.900000
vt 0.269231 0.900000
vt 0.336538 0.885714
vt 0.269231 0.885714
vt 0.336538 0.985714
vt 0.269231 1.000000
vt 0.341346 0.971429
vt 0.350962 0.985714
vt 0.346154 0.985714
vt 0.341346 0.914286
vt 0.350962 0.928571
vt 0.350962 0.971429
vt 0.350962 0.900000
vt 0.350962 0.914286
vt 0.350962 0.942857
vt 0.365385 0.957143
vt 0.360577 0.971429
vt 0.360577 0.914286
vt 0.365385 0.928571
vt 0.365385 0.942857
vt 0.355769 0.985714
vt 0.350962 0.885714
vt 0.346154 0.900000
vt 0.355769 0.900000
vt 0.350962 1.000000
vt 0.365385 0.900000
vt 0.413462 0.914286
vt 0.365385 0.914286
vt 0.413462 0.942857
vt 0.365385 0.985714
vt 0.413462 1.000000
vt 0.365385 1.000000
vt 0.413462 0.957143
vt 0.365385 0.885714
vt 0.413462 0.900000
vt 0.365385 0.971429
vt 0.413462 0.985714
vt 0.413462 0.928571
vt 0.413462 0.971429
vt 0.418269 1.000000
vt 0.427885 0.985714
vt 0.427885 1.000000
vt 0.418269 0.942857
vt 0.427885 0.957143
vt 0.427885 0.971429
vt 0.418269 0.885714
vt 0.427885 0.900000
vt 0.423077 0.900000
vt 0.427885 0.928571
vt 0.427885 0.942857
vt 0.442308 0.957143
vt 0.442308 0.971429
vt 0.437500 0.942857
vt 0.442308 0.985714
vt 0.437500 1.000000
vt 0.437500 0.885714
vt 0.432692 0.900000
vt 0.427885 0.914286
vt 0.423077 0.928571
vt 0.432692 0.928571
vt 0.442308 0.885714
vt 0.461538 0.900000
vt 0.442308 0.900000
vt 0.461538 0.971429
vt 0.442308 0.928571
vt 0.461538 0.942857
vt 0.442308 0.942857
vt 0.461538 0.914286
vt 0.442308 0.914286
vt 0.461538 1.000000
vt 0.442308 1.000000
vt 0.461538 0.928571
vt 0.461538 0.957143
vt 0.461538 0.985714
vt 0.230769 0.428571
vt 0.206731 0.514286
vt 0.201923 0.428571
vt 0.432692 0.314286
vt 0.403846 0.428571
vt 0.403846 0.314286
vt 0.461538 0.314286
vt 0.432692 0.428571
vt 0.028846 0.314286
vt 0.000000 0.428571
vt -0.000000 0.314286
vt 0.028846 0.428571
vt 0.317308 0.428571
vt 0.375000 0.314286
vt 0.346154 0.428571
vt 0.346154 0.314286
vt 0.317308 0.314286
vt 0.375000 0.428571
vt 0.355769 0.628571
vt 0.341346 0.685714
vt 0.341346 0.628571
vt 0.004808 0.514286
vt 0.259615 0.428571
vt 0.235577 0.514286
vt 0.057692 0.428571
vt 0.033654 0.514286
vt 0.288462 0.428571
vt 0.264423 0.514286
vt 0.086538 0.428571
vt 0.062500 0.514286
vt 0.293269 0.514286
vt 0.115385 0.428571
vt 0.091346 0.514286
vt 0.350962 0.514286
vt 0.322115 0.514286
vt 0.134615 0.514286
vt 0.120192 0.514286
vt 0.379808 0.514286
vt 0.144231 0.428571
vt 0.163462 0.514286
vt 0.149038 0.514286
vt 0.408654 0.514286
vt 0.173077 0.428571
vt 0.192308 0.514286
vt 0.177885 0.514286
vt 0.461538 0.428571
vt 0.437500 0.514286
vt 0.197115 0.685714
vt 0.182692 0.714286
vt 0.182692 0.685714
vt 0.225962 0.628571
vt 0.240385 0.685714
vt 0.225962 0.685714
vt 0.370192 0.628571
vt 0.355769 0.685714
vt 0.254808 0.628571
vt 0.240385 0.628571
vt 0.384615 0.628571
vt 0.370192 0.685714
vt 0.269231 0.628571
vt 0.254808 0.685714
vt 0.168269 0.628571
vt 0.153846 0.685714
vt 0.153846 0.628571
vt 0.283654 0.628571
vt 0.269231 0.685714
vt 0.182692 0.628571
vt 0.168269 0.685714
vt 0.298077 0.628571
vt 0.283654 0.685714
vt 0.197115 0.628571
vt 0.312500 0.628571
vt 0.298077 0.685714
vt 0.211538 0.628571
vt 0.326923 0.685714
vt 0.326923 0.628571
vt 0.312500 0.685714
vt 0.211538 0.685714
vt 0.634615 0.957143
vt 0.750000 0.971429
vt 0.634615 0.971429
vt 0.634615 0.914286
vt 0.750000 0.928571
vt 0.634615 0.928571
vt 0.764423 0.928571
vt 0.750000 0.942857
vt 0.634615 0.900000
vt 0.750000 0.914286
vt 0.634615 0.942857
vt 0.750000 0.957143
vt 0.750000 0.985714
vt 0.634615 0.985714
vt 0.750000 1.000000
vt 0.634615 1.000000
vt 0.634615 0.885714
vt 0.750000 0.900000
vt 0.764423 0.900000
vt 0.754808 0.914286
vt 0.759615 0.900000
vt 0.764423 0.971429
vt 0.754808 0.971429
vt 0.764423 0.914286
vt 0.764423 0.985714
vt 0.759615 0.985714
vt 0.764423 0.957143
vt 0.774038 0.914286
vt 0.774038 0.971429
vt 0.778846 0.942857
vt 0.764423 0.942857
vt 0.778846 0.928571
vt 0.778846 0.957143
vt 0.764423 1.000000
vt 0.769231 0.985714
vt 0.764423 0.885714
vt 0.769231 0.900000
vt 0.817308 0.971429
vt 0.778846 0.985714
vt 0.778846 0.971429
vt 0.817308 0.942857
vt 0.817308 0.885714
vt 0.778846 0.900000
vt 0.778846 0.885714
vt 0.817308 0.928571
vt 0.817308 0.985714
vt 0.778846 1.000000
vt 0.817308 0.900000
vt 0.778846 0.914286
vt 0.817308 0.957143
vt 0.817308 0.914286
vt 0.831731 0.885714
vt 0.822115 0.885714
vt 0.831731 0.942857
vt 0.822115 0.942857
vt 0.831731 0.900000
vt 0.831731 0.985714
vt 0.822115 1.000000
vt 0.826923 0.985714
vt 0.831731 0.914286
vt 0.831731 0.957143
vt 0.826923 0.957143
vt 0.846154 0.914286
vt 0.831731 0.928571
vt 0.841346 0.942857
vt 0.841346 0.885714
vt 0.846154 0.928571
vt 0.846154 0.900000
vt 0.841346 1.000000
vt 0.831731 1.000000
vt 0.831731 0.971429
vt 0.836538 0.957143
vt 0.836538 0.985714
vt 0.461538 0.957143
vt 0.557692 0.971429
vt 0.461538 0.971429
vt 0.461538 0.914286
vt 0.557692 0.928571
vt 0.461538 0.928571
vt 0.572115 0.928571
vt 0.557692 0.942857
vt 0.461538 0.900000
vt 0.557692 0.914286
vt 0.461538 0.942857
vt 0.557692 0.957143
vt 0.557692 0.985714
vt 0.461538 0.985714
vt 0.557692 1.000000
vt 0.461538 1.000000
vt 0.461538 0.885714
vt 0.557692 0.900000
vt 0.572115 0.900000
vt 0.562500 0.914286
vt 0.567308 0.900000
vt 0.572115 0.971429
vt 0.562500 0.971429
vt 0.572115 0.914286
vt 0.572115 0.985714
vt 0.567308 0.985714
vt 0.572115 0.957143
vt 0.586538 0.928571
vt 0.581731 0.971429
vt 0.586538 0.942857
vt 0.572115 0.942857
vt 0.581731 0.914286
vt 0.586538 0.957143
vt 0.572115 1.000000
vt 0.576923 0.985714
vt 0.572115 0.885714
vt 0.576923 0.900000
vt 0.605769 0.971429
vt 0.586538 0.985714
vt 0.586538 0.971429
vt 0.605769 0.942857
vt 0.605769 0.885714
vt 0.586538 0.900000
vt 0.586538 0.885714
vt 0.605769 0.928571
vt 0.605769 0.985714
vt 0.586538 1.000000
vt 0.605769 0.900000
vt 0.586538 0.914286
vt 0.605769 0.957143
vt 0.605769 0.914286
vt 0.620192 0.885714
vt 0.610577 0.885714
vt 0.620192 0.942857
vt 0.610577 0.942857
vt 0.620192 0.900000
vt 0.620192 0.985714
vt 0.610577 1.000000
vt 0.615385 0.985714
vt 0.620192 0.928571
vt 0.620192 0.957143
vt 0.615385 0.957143
vt 0.634615 0.914286
vt 0.620192 0.914286
vt 0.629808 0.942857
vt 0.634615 0.900000
vt 0.634615 0.928571
vt 0.629808 1.000000
vt 0.620192 1.000000
vt 0.620192 0.971429
vt 0.625000 0.957143
vt 0.625000 0.985714
vt 0.884615 0.028571
vt 0.971154 0.042857
vt 0.884615 0.042857
vt 0.884615 0.071429
vt 0.971154 0.085714
vt 0.884615 0.085714
vt 0.884615 0.100000
vt 0.971154 0.114286
vt 0.884615 0.114286
vt 0.884615 0.014286
vt 0.971154 0.028571
vt 0.971154 0.057143
vt 0.884615 0.057143
vt 0.971154 0.071429
vt 0.971154 0.100000
vt 0.884615 0.000000
vt 0.971154 0.014286
vt 0.975962 0.028571
vt 0.985577 0.014286
vt 0.985577 0.028571
vt 0.985577 0.042857
vt 0.985577 0.057143
vt 0.985577 0.071429
vt 0.975962 0.085714
vt 0.985577 0.100000
vt 0.980769 0.100000
vt 0.985577 0.085714
vt 1.000000 0.071429
vt 0.995192 0.085714
vt 0.995192 0.028571
vt 1.000000 0.057143
vt 0.990385 0.100000
vt 1.000000 0.042857
vt 0.298077 0.714286
vt 0.197115 0.714286
vt 0.326923 0.714286
vt 0.312500 0.714286
vt 0.211538 0.714286
vt 0.350962 0.714286
vt 0.341346 0.714286
vt 0.235577 0.714286
vt 0.225962 0.714286
vt 0.355769 0.714286
vt 0.240385 0.714286
vt 0.379808 0.714286
vt 0.370192 0.714286
vt 0.254808 0.714286
vt 0.163462 0.714286
vt 0.153846 0.714286
vt 0.278846 0.714286
vt 0.269231 0.714286
vt 0.177885 0.714286
vt 0.168269 0.714286
vt 0.293269 0.714286
vt 0.283654 0.714286
vt 0.971154 0.071429
vt 0.884615 0.085714
vt 0.884615 0.071429
vt 0.971154 0.028571
vt 0.884615 0.042857
vt 0.884615 0.028571
vt 0.971154 -0.000000
vt 0.884615 0.014286
vt 0.884615 0.000000
vt 0.971154 0.085714
vt 0.884615 0.100000
vt 0.971154 0.057143
vt 0.884615 0.057143
vt 0.971154 0.042857
vt 0.971154 0.014286
vt 0.971154 0.100000
vt 0.884615 0.114286
vt 0.975962 0.085714
vt 0.985577 0.100000
vt 0.980769 0.100000
vt 0.985577 0.057143
vt 0.985577 0.042857
vt 0.985577 0.014286
vt 0.975962 0.028571
vt 0.980769 0.014286
vt 0.985577 0.085714
vt 0.985577 0.028571
vt 1.000000 0.042857
vt 0.995192 0.085714
vt 1.000000 0.057143
vt 0.985577 0.071429
vt 0.995192 0.028571
vt 1.000000 0.071429
vt 0.144231 0.314286
vt 0.115385 0.314286
vt 0.557692 0.542857
vt 0.528846 0.557143
vt 0.528846 0.542857
vt 0.201923 0.314286
vt 0.173077 0.314286
vt 0.259615 0.314286
vt 0.230769 0.314286
vt 0.500000 0.542857
vt 0.471154 0.557143
vt 0.471154 0.542857
vt 0.086538 0.314286
vt 0.269231 0.628571
vt 0.240385 0.542857
vt 0.269231 0.542857
vt 0.298077 0.628571
vt 0.298077 0.542857
vt 0.240385 0.628571
vt 0.211538 0.542857
vt 0.182692 0.628571
vt 0.182692 0.542857
vt 0.288462 0.314286
vt 0.153846 0.542857
vt 0.057692 0.314286
vt 0.615385 0.628571
vt 0.586538 0.542857
vt 0.615385 0.542857
vt 0.355769 0.542857
vt 0.326923 0.542857
vt 0.413462 0.542857
vt 0.384615 0.557143
vt 0.384615 0.542857
vt 0.442308 0.557143
vt 0.442308 0.542857
vt 0.500000 0.557143
vt 0.355769 0.557143
vt 0.413462 0.557143
vt 0.355769 0.628571
vt 0.384615 0.614286
vt 0.384615 0.628571
vt 0.413462 0.628571
vt 0.442308 0.614286
vt 0.442308 0.628571
vt 0.471154 0.628571
vt 0.500000 0.614286
vt 0.500000 0.628571
vt 0.528846 0.628571
vt 0.557692 0.628571
vt 0.326923 0.628571
vt 0.355769 0.614286
vt 0.413462 0.614286
vt 0.471154 0.614286
vt 0.528846 0.614286
vt 0.586538 0.628571
vt 0.759615 0.371429
vt 0.730769 0.428571
vt 0.730769 0.371429
vt 0.788462 0.371429
vt 0.759615 0.428571
vt 0.817308 0.371429
vt 0.788462 0.428571
vt 0.846154 0.371429
vt 0.817308 0.428571
vt 0.875000 0.371429
vt 0.846154 0.428571
vt 0.903846 0.371429
vt 0.875000 0.428571
vt 0.932692 0.371429
vt 0.903846 0.428571
vt 0.932692 0.428571
vt 0.961538 0.371429
vt 0.961538 0.428571
vt 0.985577 0.114286
vt 0.980769 0.014286
vt 0.985577 -0.000000
vt 0.990385 0.014286
vt 0.985577 0.114286
vt 0.990385 0.100000
vt 0.985577 -0.000000
vt 0.990385 0.014286
vt 0.230769 0.200000
vt 0.461538 0.000000
vt 0.000000 0.885714
vt 0.057692 1.000000
vt 0.057692 0.885714
vt 0.000000 0.957143
vt 0.163462 1.000000
vt 0.240385 0.885714
vt 0.254808 0.885714
vt 0.336538 1.000000
vt 0.413462 0.885714
vt 0.427885 0.885714
vt 0.461538 0.885714
vt 0.221154 0.514286
vt 0.019231 0.514286
vt 0.250000 0.514286
vt 0.048077 0.514286
vt 0.278846 0.514286
vt 0.076923 0.514286
vt 0.307692 0.514286
vt 0.105769 0.514286
vt 0.365385 0.514286
vt 0.336538 0.514286
vt 0.394231 0.514286
vt 0.423077 0.514286
vt 0.451923 0.514286
vt 0.192308 0.714286
vt 0.384615 0.685714
vt 0.750000 0.885714
vt 0.817308 1.000000
vt 0.557692 0.885714
vt 0.605769 1.000000
vt 0.629808 0.885714
vt 0.971154 -0.000000
vt 0.307692 0.714286
vt 0.206731 0.714286
vt 0.336538 0.714286
vt 0.322115 0.714286
vt 0.221154 0.714286
vt 0.365385 0.714286
vt 0.250000 0.714286
vt 0.264423 0.714286
vt 0.971154 0.114286
vt 0.211538 0.628571
vt 0.153846 0.628571
vn 0.9239 0.0000 -0.3827
vn 0.3827 0.0000 0.9239
vn -0.9239 0.0000 0.3827
vn -0.3827 0.0000 -0.9239
vn 0.3827 0.0000 -0.9239
vn 0.9239 0.0000 0.3827
vn -0.3827 0.0000 0.9239
vn -0.9239 0.0000 -0.3827
vn 0.0000 -1.0000 0.0000
vn 1.0000 0.0000 0.0000
vn 0.0000 0.0000 1.0000
vn -1.0000 0.0000 0.0000
vn 0.0000 1.0000 0.0000
vn 0.0000 0.0000 -1.0000
vn 0.7071 0.0000 -0.7071
vn 0.7071 -0.0000 0.7071
vn -0.7071 0.0000 0.7071
vn -0.7071 0.0000 -0.7071
vn 0.0000 -1.0000 0.0000
vn 0.0000 1.0000 0.0000
vn -1.0000 0.0000 0.0000
vn 0.0000 0.0000 1.0000
vn 1.0000 0.0000 0.0000
vn 0.0000 0.0000 -1.0000
vn 0.0000 1.0000 0.0000
vn 1.0000 0.0000 0.0000
vn -1.0000 0.0000 0.0000
vn 0.0000 0.0000 -1.0000
vn 0.0000 0.0000 1.0000
vn 0.0000 -1.0000 0.0000
vn 0.0000 1.0000 0.0000
vn -1.0000 0.0000 0.0000
vn 0.0000 0.0000 1.0000
vn 1.0000 0.0000 0.0000
vn 0.0000 0.0000 -1.0000
vn 0.7071 0.7071 0.0000
vn -0.7071 0.7071 0.0000
vn 0.7071 0.0000 0.7071
vn -0.8660 0.0000 -0.5000
vn 0.8660 -0.0000 -0.5000
vn 0.5000 -0.0000 0.8660
vn -0.8660 0.0000 0.5000
vn 0.5000 -0.0000 -0.8660
vn -0.5000 0.0000 -0.8660
vn 0.8660 -0.0000 0.5000
vn -0.5000 0.0000 0.8660
vn 0.9987 0.0473 -0.0196
vn -0.6794 0.7194 -0.1448
vn 0.0000 0.9824 -0.1866
vn -0.6630 0.5294 -0.5294
vn -0.9987 0.0473 -0.0196
vn -0.7071 -0.7071 0.0000
vn 0.7071 -0.7071 0.0000
vn 0.6794 0.7194 -0.1448
vn 0.7263 -0.6737 0.1363
vn -0.0000 -0.7071 0.7071
vn -0.7263 -0.6737 0.1363
vn -0.7574 -0.4617 0.4617
vn 0.9955 0.0671 -0.0671
vn 0.6630 0.5294 -0.5294
vn -0.9955 0.0671 -0.0671
vn 0.7574 -0.4617 0.4617
vn -0.0000 0.7071 -0.7071
vn -0.6794 0.1448 -0.7194
vn -0.9987 0.0196 -0.0473
vn 0.9987 0.0196 -0.0473
vn -0.0000 0.1866 -0.9824
vn -0.7263 -0.1363 0.6737
vn 0.6794 0.1448 -0.7194
vn 0.7263 -0.1363 0.6737
vn 0.9809 0.1944 0.0000
vn -0.0473 -0.0196 -0.9987
vn -0.0473 -0.0196 0.9987
vn -0.7194 -0.1448 -0.6794
vn 0.6737 0.1363 0.7263
vn -0.7194 -0.1448 0.6794
vn 0.6737 0.1363 -0.7263
vn -0.9824 -0.1866 -0.0000
vn -0.0671 -0.0671 0.9955
vn -0.0671 -0.0671 -0.9955
vn -0.5294 -0.5294 -0.6630
vn -0.5294 -0.5294 0.6630
vn 0.4617 0.4617 0.7574
vn 0.4617 0.4617 -0.7574
vn -0.3827 -0.9239 0.0000
vn -0.0393 -0.0948 -0.9947
vn -0.2962 -0.7150 0.6333
vn -0.0393 -0.0948 0.9947
vn -0.2962 -0.7150 -0.6333
vn 0.2611 0.6303 0.7311
vn 0.2611 0.6303 -0.7311
vn -0.1448 -0.7194 -0.6794
vn -0.1866 -0.9824 0.0000
vn -0.0196 -0.0473 -0.9987
vn -0.1448 -0.7194 0.6794
vn -0.0196 -0.0473 0.9987
vn 0.1363 0.6737 0.7263
vn 0.1363 0.6737 -0.7263
vn 0.0000 0.7071 0.7071
vn 0.0000 -0.7071 -0.7071
vn 0.6533 0.7071 0.2706
vn -0.9239 0.0000 -0.3827
vn -0.7071 0.0000 -0.7071
vn -0.9239 0.0000 0.3827
vn -0.7523 0.0000 0.6588
vn 0.3827 0.0000 -0.9239
vn 0.6588 0.0000 -0.7523
vn -0.3827 0.0000 -0.9239
vn -0.6533 0.7071 0.2706
vn 0.6533 0.7071 -0.2706
vn -0.5000 0.7071 0.5000
vn 0.5000 0.7071 -0.5000
vn -0.2706 0.7071 0.6533
vn 0.2706 0.7071 -0.6533
vn -0.2706 0.7071 -0.6533
vn 0.2706 0.7071 0.6533
vn -0.5000 0.7071 -0.5000
vn 0.5000 0.7071 0.5000
vn -0.6533 0.7071 -0.2706
vn -0.3423 0.4472 0.8263
vn -0.6325 0.4472 0.6325
vn 0.3827 0.0000 0.9239
vn 0.9239 0.0000 0.3827
vn 0.9239 0.0000 -0.3827
vn -0.7071 -0.0000 0.7071
vn 0.7071 0.0000 -0.7071
vn -0.3827 -0.0000 0.9239
vn -0.9809 0.1944 0.0000
vn 0.0473 -0.0196 -0.9987
vn 0.0473 -0.0196 0.9987
vn 0.7194 -0.1448 -0.6794
vn -0.6737 0.1363 0.7263
vn 0.7194 -0.1448 0.6794
vn -0.6737 0.1363 -0.7263
vn 0.9824 -0.1866 0.0000
vn 0.0671 -0.0671 0.9955
vn 0.0671 -0.0671 -0.9955
vn 0.5294 -0.5294 0.6630
vn -0.4617 0.4617 0.7574
vn -0.4617 0.4617 -0.7574
vn 0.3827 -0.9239 0.0000
vn 0.5294 -0.5294 -0.6630
vn 0.0393 -0.0948 -0.9947
vn 0.0393 -0.0948 0.9947
vn 0.2962 -0.7150 -0.6333
vn 0.2962 -0.7150 0.6333
vn -0.2611 0.6303 -0.7311
vn -0.2611 0.6303 0.7311
vn 0.1448 0.6794 -0.7194
vn 0.0196 -0.9987 -0.0473
vn -0.1944 0.0000 0.9809
vn 0.0196 0.9987 -0.0473
vn 0.1866 -0.0000 -0.9824
vn 0.1448 -0.6794 -0.7194
vn -0.1363 -0.7263 0.6737
vn -0.1363 0.7263 0.6737
vn -0.4617 0.7574 0.4617
vn 0.0671 0.9955 -0.0671
vn 0.5294 0.6630 -0.5294
vn 0.5294 -0.6630 -0.5294
vn -0.4617 -0.7574 0.4617
vn 0.0671 -0.9955 -0.0671
vn 0.7150 -0.6333 -0.2962
vn 0.0948 -0.9947 -0.0393
vn 0.0948 0.9947 -0.0393
vn -0.6303 -0.7311 0.2611
vn 0.7150 0.6333 -0.2962
vn 0.3423 0.4472 -0.8263
vn 0.6325 0.4472 -0.6325
vn -0.0000 0.4472 0.8944
vn -0.3423 0.4472 -0.8263
vn 0.0000 0.4472 -0.8944
vn 0.3423 0.4472 0.8263
vn -0.6325 0.4472 -0.6325
vn 0.6325 0.4472 0.6325
vn -0.8263 0.4472 -0.3423
vn 0.8263 0.4472 0.3423
vn -0.8944 0.4472 -0.0000
vn 0.8944 0.4472 0.0000
vn -0.8263 0.4472 0.3423
vn 0.8263 0.4472 -0.3423
vn 0.1448 0.6794 0.7194
vn 0.0196 -0.9987 0.0473
vn -0.1944 0.0000 -0.9809
vn 0.0196 0.9987 0.0473
vn 0.1866 -0.0000 0.9824
vn 0.1448 -0.6794 0.7194
vn -0.1363 -0.7263 -0.6737
vn -0.1363 0.7263 -0.6737
vn -0.4617 0.7574 -0.4617
vn 0.5294 -0.6630 0.5294
vn -0.4617 -0.7574 -0.4617
vn 0.0671 0.9955 0.0671
vn 0.0671 -0.9955 0.0671
vn 0.7150 -0.6333 0.2962
vn 0.0948 0.9947 0.0393
vn 0.5294 0.6630 0.5294
vn 0.0948 -0.9947 0.0393
vn 0.7150 0.6333 0.2962
vn -0.6588 0.0000 0.7523
vn 0.7523 -0.0000 -0.6588
vn -0.5556 0.0000 0.8315
vn 0.8315 0.0000 -0.5556
vn -0.6303 0.7311 0.2611
vn -0.6303 0.7311 -0.2611
vn -0.6303 -0.7311 -0.2611
o Base
s 1
f 260/359/30 257/360/30 258/361/30
f 261/362/31 264/363/31 262/364/31
f 258/365/32 264/366/32 260/367/32
f 257/368/33 262/369/33 258/365/33
f 259/370/34 261/362/34 257/360/34
f 260/367/35 263/371/35 259/370/35
f 268/372/30 265/373/30 266/374/30
f 269/375/31 272/376/31 270/377/31
f 266/378/32 272/379/32 268/380/32
f 265/381/33 270/382/33 266/378/33
f 267/383/34 269/375/34 265/373/34
f 268/380/35 271/384/35 267/383/35
f 276/385/30 273/386/30 274/387/30
f 277/388/31 280/389/31 278/390/31
f 274/391/32 280/392/32 276/393/32
f 273/394/33 278/395/33 274/391/33
f 275/396/34 277/388/34 273/386/34
f 276/393/35 279/397/35 275/396/35
f 284/398/30 281/399/30 282/400/30
f 285/401/31 288/402/31 286/403/31
f 282/404/32 288/405/32 284/406/32
f 281/407/33 286/408/33 282/404/33
f 283/409/34 285/401/34 281/399/34
f 284/406/35 287/410/35 283/409/35
f 256/411/30 254/412/30 255/413/30
f 255/413/34 249/414/34 256/411/34
f 253/415/32 251/416/32 254/412/32
f 249/414/31 251/417/31 252/418/31
f 296/419/30 294/420/30 295/421/30
f 295/421/34 289/422/34 296/419/34
f 293/423/32 291/424/32 294/420/32
f 289/425/31 291/424/31 292/426/31
f 304/427/30 302/428/30 303/429/30
f 303/429/35 297/430/35 304/427/35
f 301/431/33 299/432/33 302/428/33
f 297/430/31 299/433/31 300/434/31
f 312/435/30 310/436/30 311/437/30
f 311/437/35 305/438/35 312/435/35
f 309/439/33 307/440/33 310/436/33
f 305/441/31 307/440/31 308/442/31
f 315/443/34 314/444/34 313/445/34
f 313/445/35 321/446/35 315/443/35
f 315/443/31 324/447/31 316/448/31
f 314/444/30 322/449/30 313/445/30
f 316/448/33 323/450/33 314/444/33
f 319/451/32 322/452/32 317/453/32
f 317/454/32 323/455/32 318/456/32
f 318/457/32 324/458/32 320/459/32
f 320/460/32 321/461/32 319/462/32
f 331/463/30 329/464/30 327/465/30
f 341/466/31 343/467/31 345/468/31
f 355/469/30 353/470/30 351/471/30
f 365/472/31 367/473/31 369/474/31
f 375/475/30 374/476/30 373/477/30
f 377/478/35 384/479/35 380/480/35
f 375/475/35 380/480/35 376/481/35
f 374/482/33 378/483/33 373/484/33
f 376/481/34 379/485/34 374/486/34
f 373/484/32 377/478/32 375/475/32
f 383/487/31 381/488/31 382/489/31
f 379/490/33 382/491/33 378/483/33
f 380/480/36 383/492/36 379/485/36
f 378/483/37 381/493/37 377/478/37
f 388/494/35 391/495/35 387/496/35
f 385/497/33 390/498/33 386/499/33
f 386/500/34 392/501/34 388/494/34
f 387/496/32 389/502/32 385/497/32
f 392/501/30 389/503/30 391/495/30
f 396/504/35 399/505/35 395/506/35
f 393/507/33 398/508/33 394/509/33
f 394/510/34 400/511/34 396/504/34
f 395/506/32 397/512/32 393/507/32
f 400/511/30 397/513/30 399/505/30
f 404/514/35 407/515/35 403/516/35
f 401/517/33 406/518/33 402/519/33
f 402/520/34 408/521/34 404/522/34
f 403/523/32 405/524/32 401/525/32
f 408/521/30 405/524/30 407/515/30
f 431/526/31 429/527/31 430/528/31
f 415/529/31 413/530/31 414/531/31
f 412/532/34 415/529/34 410/533/34
f 409/534/32 413/530/32 411/535/32
f 411/536/35 416/537/35 412/538/35
f 410/539/33 414/531/33 409/540/33
f 423/541/31 421/542/31 422/543/31
f 419/544/35 424/545/35 420/546/35
f 418/547/33 422/543/33 417/548/33
f 420/549/34 423/541/34 418/550/34
f 417/551/32 421/542/32 419/552/32
f 427/553/35 432/554/35 428/555/35
f 426/556/33 430/528/33 425/557/33
f 428/558/34 431/526/34 426/559/34
f 425/560/32 429/527/32 427/561/32
f 439/562/31 437/563/31 438/564/31
f 435/565/35 440/566/35 436/567/35
f 434/568/33 438/564/33 433/569/33
f 436/570/34 439/562/34 434/571/34
f 433/572/32 437/563/32 435/573/32
f 447/574/31 445/575/31 446/576/31
f 443/577/35 448/578/35 444/579/35
f 442/580/33 446/576/33 441/581/33
f 444/582/34 447/574/34 442/583/34
f 441/584/32 445/575/32 443/585/32
f 455/586/31 453/587/31 454/588/31
f 451/589/35 456/590/35 452/591/35
f 450/592/33 454/588/33 449/593/33
f 452/594/34 455/586/34 450/595/34
f 449/596/32 453/587/32 451/597/32
f 471/598/31 469/599/31 470/600/31
f 463/601/31 461/602/31 462/603/31
f 457/604/32 461/602/32 459/605/32
f 459/605/35 464/606/35 460/607/35
f 458/608/33 462/609/33 457/604/33
f 460/607/34 463/610/34 458/611/34
f 465/612/32 469/599/32 467/613/32
f 467/613/35 472/614/35 468/615/35
f 466/616/33 470/617/33 465/612/33
f 468/615/34 471/618/34 466/619/34
f 619/620/30 618/621/30 617/622/30
f 623/623/31 621/624/31 622/625/31
f 619/626/35 624/627/35 620/628/35
f 618/629/33 622/625/33 617/630/33
f 620/631/34 623/623/34 618/621/34
f 617/632/32 621/624/32 619/633/32
f 643/634/30 642/635/30 641/636/30
f 647/637/31 645/638/31 646/639/31
f 642/640/33 646/639/33 641/641/33
f 644/642/34 647/637/34 642/635/34
f 641/643/32 645/638/32 643/644/32
f 643/645/35 648/646/35 644/647/35
f 639/648/30 635/649/30 631/650/30
f 835/651/31 839/652/31 843/653/31
f 891/654/31 877/655/31 885/656/31
f 903/657/30 899/658/30 895/659/30
f 943/660/30 926/661/30 925/662/30
f 942/663/30 925/662/30 924/664/30
f 923/665/30 942/663/30 924/664/30
f 922/666/30 941/667/30 923/665/30
f 939/668/30 922/666/30 921/669/30
f 938/670/30 921/669/30 920/671/30
f 919/672/30 938/670/30 920/671/30
f 918/673/30 937/674/30 919/672/30
f 909/675/31 928/676/31 927/677/31
f 927/678/38 918/679/38 909/680/38
f 910/681/31 929/682/31 928/676/31
f 912/683/31 929/682/31 911/684/31
f 913/685/31 930/686/31 912/683/31
f 913/685/31 932/687/31 931/688/31
f 914/689/31 933/690/31 932/687/31
f 916/691/31 933/690/31 915/692/31
f 917/693/31 934/694/31 916/691/31
f 926/695/38 935/696/38 917/697/38
f 946/698/35 319/451/35 317/453/35
f 947/699/30 317/454/30 318/456/30
f 948/700/33 318/457/33 320/459/33
f 945/701/31 320/460/31 319/462/31
f 969/702/30 968/703/30 967/704/30
f 973/705/31 971/706/31 972/707/31
f 969/708/35 974/709/35 970/710/35
f 968/711/33 972/707/33 967/712/33
f 970/713/34 973/705/34 968/703/34
f 967/714/32 971/706/32 969/715/32
f 977/716/30 976/717/30 975/718/30
f 981/719/31 979/720/31 980/721/31
f 977/722/35 982/723/35 978/724/35
f 976/725/33 980/721/33 975/726/33
f 978/727/34 981/719/34 976/717/34
f 975/728/32 979/720/32 977/729/32
f 985/730/34 984/731/34 983/732/34
f 983/732/35 991/733/35 985/730/35
f 985/730/31 994/734/31 986/735/31
f 984/731/30 992/736/30 983/732/30
f 986/735/33 993/737/33 984/731/33
f 989/738/32 992/739/32 987/740/32
f 987/741/32 993/742/32 988/743/32
f 988/744/32 994/745/32 990/746/32
f 990/747/32 991/748/32 989/749/32
f 996/750/35 989/738/35 987/740/35
f 997/751/30 987/741/30 988/743/30
f 998/752/33 988/744/33 990/746/33
f 995/753/31 990/747/31 989/749/31
f 1001/754/34 1000/755/34 999/756/34
f 999/756/35 1007/757/35 1001/754/35
f 1001/754/31 1010/758/31 1002/759/31
f 1000/755/30 1008/760/30 999/756/30
f 1002/759/33 1009/761/33 1000/755/33
f 1005/762/32 1008/763/32 1003/764/32
f 1003/765/32 1009/766/32 1004/767/32
f 1004/768/32 1010/769/32 1006/770/32
f 1006/771/32 1007/772/32 1005/773/32
f 1012/774/35 1005/762/35 1003/764/35
f 1013/775/30 1003/765/30 1004/767/30
f 1014/776/33 1004/768/33 1006/770/33
f 1011/777/31 1006/771/31 1005/773/31
f 1017/778/32 1016/779/32 1015/780/32
f 1015/780/33 1023/781/33 1017/778/33
f 1017/778/31 1026/782/31 1018/783/31
f 1016/779/30 1024/784/30 1015/780/30
f 1018/783/35 1025/785/35 1016/779/35
f 1021/786/34 1024/787/34 1019/788/34
f 1019/789/34 1025/790/34 1020/791/34
f 1020/792/34 1026/793/34 1022/794/34
f 1022/795/34 1023/796/34 1021/797/34
f 1028/798/33 1021/786/33 1019/788/33
f 1029/799/30 1019/789/30 1020/791/30
f 1030/800/35 1020/792/35 1022/794/35
f 1027/801/31 1022/795/31 1021/797/31
f 1033/802/32 1032/803/32 1031/804/32
f 1031/804/33 1039/805/33 1033/802/33
f 1033/802/31 1042/806/31 1034/807/31
f 1032/803/30 1040/808/30 1031/804/30
f 1034/807/35 1041/809/35 1032/803/35
f 1037/810/34 1040/811/34 1035/812/34
f 1035/813/34 1041/814/34 1036/815/34
f 1036/816/34 1042/817/34 1038/818/34
f 1038/819/34 1039/820/34 1037/821/34
f 1044/822/33 1037/810/33 1035/812/33
f 1045/823/30 1035/813/30 1036/815/30
f 1046/824/35 1036/816/35 1038/818/35
f 1043/825/31 1038/819/31 1037/821/31
f 1049/826/32 1048/827/32 1047/828/32
f 1047/828/33 1055/829/33 1049/826/33
f 1049/826/31 1058/830/31 1050/831/31
f 1048/827/30 1056/832/30 1047/828/30
f 1050/831/35 1057/833/35 1048/827/35
f 1053/834/34 1056/835/34 1051/836/34
f 1051/837/34 1057/838/34 1052/839/34
f 1052/840/34 1058/841/34 1054/842/34
f 1054/843/34 1055/844/34 1053/845/34
f 1060/846/33 1053/834/33 1051/836/33
f 1061/847/30 1051/837/30 1052/839/30
f 1062/848/35 1052/840/35 1054/842/35
f 1059/849/31 1054/843/31 1053/845/31
f 1065/850/35 1064/851/35 1063/852/35
f 1063/852/32 1071/853/32 1065/850/32
f 1065/850/31 1074/854/31 1066/855/31
f 1064/851/30 1072/856/30 1063/852/30
f 1066/855/34 1073/857/34 1064/851/34
f 1069/858/33 1072/859/33 1067/860/33
f 1067/861/33 1073/862/33 1068/863/33
f 1068/864/33 1074/865/33 1070/866/33
f 1070/867/33 1071/868/33 1069/869/33
f 1076/870/32 1069/858/32 1067/860/32
f 1077/871/30 1067/861/30 1068/863/30
f 1078/872/34 1068/864/34 1070/866/34
f 1075/873/31 1070/867/31 1069/869/31
f 1081/874/35 1080/875/35 1079/876/35
f 1079/876/32 1087/877/32 1081/874/32
f 1081/874/31 1090/878/31 1082/879/31
f 1080/875/30 1088/880/30 1079/876/30
f 1082/879/34 1089/881/34 1080/875/34
f 1085/882/33 1088/883/33 1083/884/33
f 1083/885/33 1089/886/33 1084/887/33
f 1084/888/33 1090/889/33 1086/890/33
f 1086/891/33 1087/892/33 1085/893/33
f 1092/894/32 1085/882/32 1083/884/32
f 1093/895/30 1083/885/30 1084/887/30
f 1094/896/34 1084/888/34 1086/890/34
f 1091/897/31 1086/891/31 1085/893/31
f 1097/898/35 1096/899/35 1095/900/35
f 1095/900/32 1103/901/32 1097/898/32
f 1097/898/31 1106/902/31 1098/903/31
f 1096/899/30 1104/904/30 1095/900/30
f 1098/903/34 1105/905/34 1096/899/34
f 1101/906/33 1104/907/33 1099/908/33
f 1099/909/33 1105/910/33 1100/911/33
f 1100/912/33 1106/913/33 1102/914/33
f 1102/915/33 1103/916/33 1101/917/33
f 1108/918/32 1101/906/32 1099/908/32
f 1100/911/30 1108/919/30 1099/909/30
f 1110/920/34 1100/912/34 1102/914/34
f 1107/921/31 1102/915/31 1101/917/31
f 1113/922/33 1112/923/33 1111/924/33
f 1111/924/34 1119/925/34 1113/922/34
f 1113/922/31 1122/926/31 1114/927/31
f 1112/923/30 1120/928/30 1111/924/30
f 1114/927/32 1121/929/32 1112/923/32
f 1117/930/35 1120/931/35 1115/932/35
f 1115/933/35 1121/934/35 1116/935/35
f 1116/936/35 1122/937/35 1118/938/35
f 1118/939/35 1119/940/35 1117/941/35
f 1124/942/34 1117/930/34 1115/932/34
f 1116/935/30 1124/943/30 1115/933/30
f 1126/944/32 1116/936/32 1118/938/32
f 1123/945/31 1118/939/31 1117/941/31
f 1129/946/33 1128/947/33 1127/948/33
f 1127/948/34 1135/949/34 1129/946/34
f 1129/946/31 1138/950/31 1130/951/31
f 1128/947/30 1136/952/30 1127/948/30
f 1130/951/32 1137/953/32 1128/947/32
f 1133/954/35 1136/955/35 1131/956/35
f 1131/957/35 1137/958/35 1132/959/35
f 1132/960/35 1138/961/35 1134/962/35
f 1134/963/35 1135/964/35 1133/965/35
f 1140/966/34 1133/954/34 1131/956/34
f 1141/967/30 1131/957/30 1132/959/30
f 1142/968/32 1132/960/32 1134/962/32
f 1139/969/31 1134/963/31 1133/965/31
f 1145/970/33 1144/971/33 1143/972/33
f 1143/972/34 1151/973/34 1145/970/34
f 1146/974/31 1151/975/31 1154/976/31
f 1144/971/30 1152/977/30 1143/972/30
f 1146/974/32 1153/978/32 1144/971/32
f 1149/979/35 1152/980/35 1147/981/35
f 1147/982/35 1153/983/35 1148/984/35
f 1148/985/35 1154/986/35 1150/987/35
f 1150/988/35 1151/975/35 1149/989/35
f 1156/990/34 1149/979/34 1147/981/34
f 1148/984/30 1156/991/30 1147/982/30
f 1158/992/32 1148/985/32 1150/987/32
f 1155/993/31 1150/988/31 1149/989/31
f 260/359/30 259/370/30 257/360/30
f 261/362/31 263/371/31 264/363/31
f 258/365/32 262/369/32 264/366/32
f 257/368/33 261/994/33 262/369/33
f 259/370/34 263/371/34 261/362/34
f 260/367/35 264/366/35 263/371/35
f 268/372/30 267/383/30 265/373/30
f 269/375/31 271/384/31 272/376/31
f 266/378/32 270/382/32 272/379/32
f 265/381/33 269/995/33 270/382/33
f 267/383/34 271/384/34 269/375/34
f 268/380/35 272/379/35 271/384/35
f 276/385/30 275/396/30 273/386/30
f 277/388/31 279/397/31 280/389/31
f 274/391/32 278/395/32 280/392/32
f 273/394/33 277/996/33 278/395/33
f 275/396/34 279/397/34 277/388/34
f 276/393/35 280/392/35 279/397/35
f 284/398/30 283/409/30 281/399/30
f 285/401/31 287/410/31 288/402/31
f 282/404/32 286/408/32 288/405/32
f 281/407/33 285/997/33 286/408/33
f 283/409/34 287/410/34 285/401/34
f 284/406/35 288/405/35 287/410/35
f 256/411/30 253/415/30 254/412/30
f 255/413/34 250/998/34 249/414/34
f 253/415/32 252/999/32 251/416/32
f 249/414/31 250/998/31 251/417/31
f 296/419/30 293/423/30 294/420/30
f 295/421/34 290/1000/34 289/422/34
f 293/423/32 292/426/32 291/424/32
f 289/425/31 290/1001/31 291/424/31
f 304/427/30 301/431/30 302/428/30
f 303/429/35 298/1002/35 297/430/35
f 301/431/33 300/1003/33 299/432/33
f 297/430/31 298/1002/31 299/433/31
f 312/435/30 309/439/30 310/436/30
f 311/437/35 306/1004/35 305/438/35
f 309/439/33 308/442/33 307/440/33
f 305/441/31 306/1005/31 307/440/31
f 315/443/34 316/448/34 314/444/34
f 313/445/35 322/452/35 321/446/35
f 315/443/31 321/461/31 324/447/31
f 314/444/30 323/455/30 322/449/30
f 316/448/33 324/458/33 323/450/33
f 319/451/32 321/446/32 322/452/32
f 317/454/32 322/449/32 323/455/32
f 318/457/32 323/450/32 324/458/32
f 320/460/32 324/447/32 321/461/32
f 327/465/30 326/1006/30 325/1007/30
f 325/1007/30 336/1008/30 327/465/30
f 336/1008/30 335/1009/30 327/465/30
f 335/1009/30 334/1010/30 333/1011/30
f 333/1011/30 332/1012/30 331/463/30
f 331/463/30 330/1013/30 329/464/30
f 329/464/30 328/1014/30 327/465/30
f 335/1009/30 333/1011/30 327/465/30
f 333/1011/30 331/463/30 327/465/30
f 338/1015/31 337/1016/31 339/1017/31
f 339/1017/31 340/1018/31 341/466/31
f 341/466/31 342/1019/31 343/467/31
f 343/467/31 344/1020/31 345/468/31
f 345/468/31 346/1021/31 347/1022/31
f 347/1022/31 348/1023/31 345/468/31
f 348/1023/31 338/1015/31 345/468/31
f 338/1015/31 339/1017/31 345/468/31
f 339/1017/31 341/466/31 345/468/31
f 351/471/30 350/1024/30 349/1025/30
f 349/1025/30 360/1026/30 351/471/30
f 360/1026/30 359/1027/30 351/471/30
f 359/1027/30 358/1028/30 357/1029/30
f 357/1029/30 356/1030/30 355/469/30
f 355/469/30 354/1031/30 353/470/30
f 353/470/30 352/1032/30 351/471/30
f 359/1027/30 357/1029/30 351/471/30
f 357/1029/30 355/469/30 351/471/30
f 362/1033/31 361/1034/31 363/1035/31
f 363/1035/31 364/1036/31 365/472/31
f 365/472/31 366/1037/31 367/473/31
f 367/473/31 368/1038/31 369/474/31
f 369/474/31 370/1039/31 371/1040/31
f 371/1040/31 372/1041/31 369/474/31
f 372/1041/31 362/1033/31 369/474/31
f 362/1033/31 363/1035/31 369/474/31
f 363/1035/31 365/472/31 369/474/31
f 375/475/30 376/481/30 374/476/30
f 377/478/35 381/488/35 384/479/35
f 375/475/35 377/478/35 380/480/35
f 374/482/33 379/490/33 378/483/33
f 376/481/34 380/480/34 379/485/34
f 373/484/32 378/483/32 377/478/32
f 383/487/31 384/479/31 381/488/31
f 379/490/33 383/1042/33 382/491/33
f 380/480/36 384/1043/36 383/492/36
f 378/483/37 382/1044/37 381/493/37
f 388/494/35 392/501/35 391/495/35
f 385/497/33 389/502/33 390/498/33
f 386/500/34 390/1045/34 392/501/34
f 387/496/32 391/495/32 389/502/32
f 392/501/30 390/1046/30 389/503/30
f 396/504/35 400/511/35 399/505/35
f 393/507/33 397/512/33 398/508/33
f 394/510/34 398/1047/34 400/511/34
f 395/506/32 399/505/32 397/512/32
f 400/511/30 398/1048/30 397/513/30
f 404/514/35 408/521/35 407/515/35
f 401/517/33 405/524/33 406/518/33
f 402/520/34 406/518/34 408/521/34
f 403/523/32 407/515/32 405/524/32
f 408/521/30 406/518/30 405/524/30
f 431/526/31 432/554/31 429/527/31
f 415/529/31 416/537/31 413/530/31
f 412/532/34 416/537/34 415/529/34
f 409/534/32 414/531/32 413/530/32
f 411/536/35 413/530/35 416/537/35
f 410/539/33 415/529/33 414/531/33
f 423/541/31 424/545/31 421/542/31
f 419/544/35 421/542/35 424/545/35
f 418/547/33 423/541/33 422/543/33
f 420/549/34 424/545/34 423/541/34
f 417/551/32 422/543/32 421/542/32
f 427/553/35 429/527/35 432/554/35
f 426/556/33 431/526/33 430/528/33
f 428/558/34 432/554/34 431/526/34
f 425/560/32 430/528/32 429/527/32
f 439/562/31 440/566/31 437/563/31
f 435/565/35 437/563/35 440/566/35
f 434/568/33 439/562/33 438/564/33
f 436/570/34 440/566/34 439/562/34
f 433/572/32 438/564/32 437/563/32
f 447/574/31 448/578/31 445/575/31
f 443/577/35 445/575/35 448/578/35
f 442/580/33 447/574/33 446/576/33
f 444/582/34 448/578/34 447/574/34
f 441/584/32 446/576/32 445/575/32
f 455/586/31 456/590/31 453/587/31
f 451/589/35 453/587/35 456/590/35
f 450/592/33 455/586/33 454/588/33
f 452/594/34 456/590/34 455/586/34
f 449/596/32 454/588/32 453/587/32
f 471/598/31 472/614/31 469/599/31
f 463/601/31 464/606/31 461/602/31
f 457/604/32 462/609/32 461/602/32
f 459/605/35 461/602/35 464/606/35
f 458/608/33 463/1049/33 462/609/33
f 460/607/34 464/606/34 463/610/34
f 465/612/32 470/617/32 469/599/32
f 467/613/35 469/599/35 472/614/35
f 466/616/33 471/1050/33 470/617/33
f 468/615/34 472/614/34 471/618/34
f 619/620/30 620/631/30 618/621/30
f 623/623/31 624/627/31 621/624/31
f 619/626/35 621/624/35 624/627/35
f 618/629/33 623/623/33 622/625/33
f 620/631/34 624/627/34 623/623/34
f 617/632/32 622/625/32 621/624/32
f 643/634/30 644/642/30 642/635/30
f 647/637/31 648/646/31 645/638/31
f 642/640/33 647/637/33 646/639/33
f 644/642/34 648/646/34 647/637/34
f 641/643/32 646/639/32 645/638/32
f 643/645/35 645/638/35 648/646/35
f 627/1051/30 626/1052/30 625/1053/30
f 625/1053/30 640/1054/30 627/1051/30
f 640/1054/30 639/648/30 627/1051/30
f 639/648/30 638/1055/30 635/649/30
f 638/1055/30 637/1056/30 635/649/30
f 637/1056/30 636/1057/30 635/649/30
f 635/649/30 634/1058/30 631/650/30
f 634/1058/30 633/1059/30 631/650/30
f 633/1059/30 632/1060/30 631/650/30
f 631/650/30 630/1061/30 629/1062/30
f 629/1062/30 628/1063/30 627/1051/30
f 631/650/30 629/1062/30 627/1051/30
f 627/1051/30 639/648/30 631/650/30
f 832/1064/31 831/1065/31 835/651/31
f 831/1065/31 833/1066/31 835/651/31
f 833/1066/31 834/1067/31 835/651/31
f 835/651/31 836/1068/31 837/1069/31
f 837/1069/31 838/1070/31 835/651/31
f 838/1070/31 839/652/31 835/651/31
f 839/652/31 840/1071/31 843/653/31
f 840/1071/31 841/1072/31 843/653/31
f 841/1072/31 842/1073/31 843/653/31
f 843/653/31 844/1074/31 845/1075/31
f 845/1075/31 846/1076/31 843/653/31
f 846/1076/31 832/1064/31 843/653/31
f 832/1064/31 835/651/31 843/653/31
f 877/655/31 878/1077/31 879/1078/31
f 879/1078/31 880/1079/31 881/1080/31
f 881/1080/31 882/1081/31 883/1082/31
f 883/1082/31 884/1083/31 885/656/31
f 885/656/31 886/1084/31 889/1085/31
f 886/1084/31 887/1086/31 889/1085/31
f 887/1086/31 888/1087/31 889/1085/31
f 889/1085/31 890/1088/31 891/654/31
f 891/654/31 892/1089/31 877/655/31
f 877/655/31 879/1078/31 881/1080/31
f 881/1080/31 883/1082/31 877/655/31
f 883/1082/31 885/656/31 877/655/31
f 889/1085/31 891/654/31 885/656/31
f 895/659/30 893/1090/30 907/1091/30
f 893/1090/30 894/1092/30 907/1091/30
f 894/1092/30 908/1093/30 907/1091/30
f 907/1091/30 906/1094/30 905/1095/30
f 905/1095/30 904/1096/30 903/657/30
f 903/657/30 902/1097/30 899/658/30
f 902/1097/30 901/1098/30 899/658/30
f 901/1098/30 900/1099/30 899/658/30
f 899/658/30 898/1100/30 897/1101/30
f 897/1101/30 896/1102/30 895/659/30
f 907/1091/30 905/1095/30 903/657/30
f 899/658/30 897/1101/30 895/659/30
f 895/659/30 907/1091/30 903/657/30
f 943/660/30 944/1103/30 926/661/30
f 942/663/30 943/660/30 925/662/30
f 923/665/30 941/667/30 942/663/30
f 922/666/30 940/1104/30 941/667/30
f 939/668/30 940/1104/30 922/666/30
f 938/670/30 939/668/30 921/669/30
f 919/672/30 937/674/30 938/670/30
f 918/673/30 936/1105/30 937/674/30
f 909/675/31 910/681/31 928/676/31
f 927/678/38 936/1106/38 918/679/38
f 910/681/31 911/684/31 929/682/31
f 912/683/31 930/686/31 929/682/31
f 913/685/31 931/688/31 930/686/31
f 913/685/31 914/689/31 932/687/31
f 914/689/31 915/692/31 933/690/31
f 916/691/31 934/694/31 933/690/31
f 917/693/31 935/1107/31 934/694/31
f 926/695/38 944/1108/38 935/696/38
f 946/698/35 945/1109/35 319/451/35
f 947/699/30 946/1110/30 317/454/30
f 948/700/33 947/1111/33 318/457/33
f 945/701/31 948/1112/31 320/460/31
f 969/702/30 970/713/30 968/703/30
f 973/705/31 974/709/31 971/706/31
f 969/708/35 971/706/35 974/709/35
f 968/711/33 973/705/33 972/707/33
f 970/713/34 974/709/34 973/705/34
f 967/714/32 972/707/32 971/706/32
f 977/716/30 978/727/30 976/717/30
f 981/719/31 982/723/31 979/720/31
f 977/722/35 979/720/35 982/723/35
f 976/725/33 981/719/33 980/721/33
f 978/727/34 982/723/34 981/719/34
f 975/728/32 980/721/32 979/720/32
f 985/730/34 986/735/34 984/731/34
f 983/732/35 992/739/35 991/733/35
f 985/730/31 991/748/31 994/734/31
f 984/731/30 993/742/30 992/736/30
f 986/735/33 994/745/33 993/737/33
f 989/738/32 991/733/32 992/739/32
f 987/741/32 992/736/32 993/742/32
f 988/744/32 993/737/32 994/745/32
f 990/747/32 994/734/32 991/748/32
f 996/750/35 995/1113/35 989/738/35
f 997/751/30 996/1114/30 987/741/30
f 998/752/33 997/1115/33 988/744/33
f 995/753/31 998/1116/31 990/747/31
f 1001/754/34 1002/759/34 1000/755/34
f 999/756/35 1008/763/35 1007/757/35
f 1001/754/31 1007/772/31 1010/758/31
f 1000/755/30 1009/766/30 1008/760/30
f 1002/759/33 1010/769/33 1009/761/33
f 1005/762/32 1007/757/32 1008/763/32
f 1003/765/32 1008/760/32 1009/766/32
f 1004/768/32 1009/761/32 1010/769/32
f 1006/771/32 1010/758/32 1007/772/32
f 1012/774/35 1011/1117/35 1005/762/35
f 1013/775/30 1012/1118/30 1003/765/30
f 1014/776/33 1013/1119/33 1004/768/33
f 1011/777/31 1014/1120/31 1006/771/31
f 1017/778/32 1018/783/32 1016/779/32
f 1015/780/33 1024/787/33 1023/781/33
f 1017/778/31 1023/796/31 1026/782/31
f 1016/779/30 1025/790/30 1024/784/30
f 1018/783/35 1026/793/35 1025/785/35
f 1021/786/34 1023/781/34 1024/787/34
f 1019/789/34 1024/784/34 1025/790/34
f 1020/792/34 1025/785/34 1026/793/34
f 1022/795/34 1026/782/34 1023/796/34
f 1028/798/33 1027/1121/33 1021/786/33
f 1029/799/30 1028/1122/30 1019/789/30
f 1030/800/35 1029/1123/35 1020/792/35
f 1027/801/31 1030/1124/31 1022/795/31
f 1033/802/32 1034/807/32 1032/803/32
f 1031/804/33 1040/811/33 1039/805/33
f 1033/802/31 1039/820/31 1042/806/31
f 1032/803/30 1041/814/30 1040/808/30
f 1034/807/35 1042/817/35 1041/809/35
f 1037/810/34 1039/805/34 1040/811/34
f 1035/813/34 1040/808/34 1041/814/34
f 1036/816/34 1041/809/34 1042/817/34
f 1038/819/34 1042/806/34 1039/820/34
f 1044/822/33 1043/1125/33 1037/810/33
f 1045/823/30 1044/1126/30 1035/813/30
f 1046/824/35 1045/1127/35 1036/816/35
f 1043/825/31 1046/1128/31 1038/819/31
f 1049/826/32 1050/831/32 1048/827/32
f 1047/828/33 1056/835/33 1055/829/33
f 1049/826/31 1055/844/31 1058/830/31
f 1048/827/30 1057/838/30 1056/832/30
f 1050/831/35 1058/841/35 1057/833/35
f 1053/834/34 1055/829/34 1056/835/34
f 1051/837/34 1056/832/34 1057/838/34
f 1052/840/34 1057/833/34 1058/841/34
f 1054/843/34 1058/830/34 1055/844/34
f 1060/846/33 1059/1129/33 1053/834/33
f 1061/847/30 1060/1130/30 1051/837/30
f 1062/848/35 1061/1131/35 1052/840/35
f 1059/849/31 1062/1132/31 1054/843/31
f 1065/850/35 1066/855/35 1064/851/35
f 1063/852/32 1072/859/32 1071/853/32
f 1065/850/31 1071/868/31 1074/854/31
f 1064/851/30 1073/862/30 1072/856/30
f 1066/855/34 1074/865/34 1073/857/34
f 1069/858/33 1071/853/33 1072/859/33
f 1067/861/33 1072/856/33 1073/862/33
f 1068/864/33 1073/857/33 1074/865/33
f 1070/867/33 1074/854/33 1071/868/33
f 1076/870/32 1075/1133/32 1069/858/32
f 1077/871/30 1076/1134/30 1067/861/30
f 1078/872/34 1077/1135/34 1068/864/34
f 1075/873/31 1078/1136/31 1070/867/31
f 1081/874/35 1082/879/35 1080/875/35
f 1079/876/32 1088/883/32 1087/877/32
f 1081/874/31 1087/892/31 1090/878/31
f 1080/875/30 1089/886/30 1088/880/30
f 1082/879/34 1090/889/34 1089/881/34
f 1085/882/33 1087/877/33 1088/883/33
f 1083/885/33 1088/880/33 1089/886/33
f 1084/888/33 1089/881/33 1090/889/33
f 1086/891/33 1090/878/33 1087/892/33
f 1092/894/32 1091/1137/32 1085/882/32
f 1093/895/30 1092/1138/30 1083/885/30
f 1094/896/34 1093/1139/34 1084/888/34
f 1091/897/31 1094/1140/31 1086/891/31
f 1097/898/35 1098/903/35 1096/899/35
f 1095/900/32 1104/907/32 1103/901/32
f 1097/898/31 1103/916/31 1106/902/31
f 1096/899/30 1105/910/30 1104/904/30
f 1098/903/34 1106/913/34 1105/905/34
f 1101/906/33 1103/901/33 1104/907/33
f 1099/909/33 1104/904/33 1105/910/33
f 1100/912/33 1105/905/33 1106/913/33
f 1102/915/33 1106/902/33 1103/916/33
f 1108/918/32 1107/1141/32 1101/906/32
f 1100/911/30 1109/1142/30 1108/919/30
f 1110/920/34 1109/1143/34 1100/912/34
f 1107/921/31 1110/1144/31 1102/915/31
f 1113/922/33 1114/927/33 1112/923/33
f 1111/924/34 1120/931/34 1119/925/34
f 1113/922/31 1119/940/31 1122/926/31
f 1112/923/30 1121/934/30 1120/928/30
f 1114/927/32 1122/937/32 1121/929/32
f 1117/930/35 1119/925/35 1120/931/35
f 1115/933/35 1120/928/35 1121/934/35
f 1116/936/35 1121/929/35 1122/937/35
f 1118/939/35 1122/926/35 1119/940/35
f 1124/942/34 1123/1145/34 1117/930/34
f 1116/935/30 1125/1146/30 1124/943/30
f 1126/944/32 1125/1147/32 1116/936/32
f 1123/945/31 1126/1148/31 1118/939/31
f 1129/946/33 1130/951/33 1128/947/33
f 1127/948/34 1136/955/34 1135/949/34
f 1129/946/31 1135/964/31 1138/950/31
f 1128/947/30 1137/958/30 1136/952/30
f 1130/951/32 1138/961/32 1137/953/32
f 1133/954/35 1135/949/35 1136/955/35
f 1131/957/35 1136/952/35 1137/958/35
f 1132/960/35 1137/953/35 1138/961/35
f 1134/963/35 1138/950/35 1135/964/35
f 1140/966/34 1139/1149/34 1133/954/34
f 1141/967/30 1140/1150/30 1131/957/30
f 1142/968/32 1141/1151/32 1132/960/32
f 1139/969/31 1142/1152/31 1134/963/31
f 1145/970/33 1146/974/33 1144/971/33
f 1143/972/34 1152/980/34 1151/973/34
f 1146/974/31 1145/970/31 1151/975/31
f 1144/971/30 1153/983/30 1152/977/30
f 1146/974/32 1154/986/32 1153/978/32
f 1149/979/35 1151/973/35 1152/980/35
f 1147/982/35 1152/977/35 1153/983/35
f 1148/985/35 1153/978/35 1154/986/35
f 1150/988/35 1154/976/35 1151/975/35
f 1156/990/34 1155/1153/34 1149/979/34
f 1148/984/30 1157/1154/30 1156/991/30
f 1158/992/32 1157/1155/32 1148/985/32
f 1155/993/31 1158/1156/31 1150/988/31
f 328/1157/32 339/1158/39 327/1159/39
f 334/1160/34 347/1161/40 346/1162/34
f 332/1163/41 343/1164/33 331/1165/33
f 329/1166/42 340/1167/32 328/1157/32
f 335/1168/40 348/1169/43 347/1161/40
f 326/1170/44 338/1171/35 325/1172/35
f 333/1173/45 344/1174/41 332/1163/41
f 330/1175/46 341/1176/42 329/1166/42
f 325/1172/35 348/1169/43 336/1177/43
f 327/1159/39 337/1178/44 326/1170/44
f 334/1179/34 345/1180/45 333/1173/45
f 331/1165/33 342/1181/46 330/1175/46
f 352/1182/32 363/1183/39 351/1184/39
f 359/1185/40 370/1186/34 358/1187/34
f 356/1188/41 367/1189/33 355/1190/33
f 353/1191/42 364/1192/32 352/1182/32
f 360/1193/43 371/1194/40 359/1185/40
f 349/1195/35 361/1196/44 362/1197/35
f 357/1198/45 368/1199/41 356/1188/41
f 354/1200/46 365/1201/42 353/1191/42
f 349/1195/35 372/1202/43 360/1193/43
f 351/1184/39 361/1196/44 350/1203/44
f 357/1198/45 370/1204/34 369/1205/45
f 355/1190/33 366/1206/46 354/1200/46
f 515/1207/47 506/1208/36 507/1209/34
f 520/1210/48 511/1211/32 512/1212/37
f 476/1213/31 477/1214/36 475/1215/31
f 513/1216/49 527/1217/50 520/1210/48
f 504/1218/37 474/1219/31 503/1220/37
f 478/1221/36 479/1222/34 477/1214/36
f 519/1223/51 510/1224/52 511/1211/32
f 502/1225/32 503/1220/37 501/1226/32
f 480/1227/34 481/1228/53 479/1222/34
f 513/1216/49 512/1212/37 505/1229/31
f 500/1230/52 501/1226/32 499/1231/52
f 482/1232/53 483/1233/30 481/1228/53
f 514/1234/54 505/1229/31 506/1208/36
f 497/1235/30 500/1230/52 499/1231/52
f 484/1236/30 485/1237/52 483/1238/30
f 516/1239/55 507/1209/34 508/1240/53
f 496/1241/53 497/1242/30 495/1243/53
f 486/1244/52 487/1245/32 485/1237/52
f 492/1246/36 493/1247/34 491/1248/36
f 494/1249/34 495/1243/53 493/1247/34
f 488/1250/32 489/1251/37 487/1245/32
f 517/1252/56 508/1240/53 509/1253/30
f 518/1254/57 509/1255/30 510/1224/52
f 489/1251/37 476/1213/31 475/1215/31
f 473/1256/31 491/1248/36 474/1219/31
f 519/1257/51 525/1258/58 518/1259/57
f 514/1234/54 523/1260/59 522/1261/60
f 520/1210/48 526/1262/61 519/1257/51
f 515/1263/47 524/1264/62 523/1260/59
f 514/1234/54 521/1265/63 513/1216/49
f 526/1262/61 534/1266/64 533/1267/65
f 524/1264/62 530/1268/66 523/1260/59
f 522/1261/60 528/1269/67 521/1265/63
f 527/1217/50 528/1269/67 534/1266/64
f 525/1258/58 533/1267/65 532/1270/68
f 523/1260/59 529/1271/69 522/1261/60
f 517/1272/56 524/1264/62 516/1273/55
f 524/1264/62 517/1272/56 531/1274/70
f 518/1259/57 525/1258/58 517/1275/56
f 525/1258/58 532/1270/68 517/1275/56
f 531/1276/70 538/1277/71 530/1278/66
f 529/1271/69 536/1279/72 528/1269/67
f 532/1280/68 535/1281/73 517/1282/56
f 528/1269/67 542/1283/74 534/1266/64
f 517/1284/56 539/1285/75 531/1276/70
f 533/1286/65 540/1287/76 532/1280/68
f 530/1278/66 537/1288/77 529/1271/69
f 534/1266/64 541/1289/78 533/1286/65
f 540/1287/76 543/1290/79 535/1291/73
f 542/1283/74 544/1292/80 549/1293/81
f 541/1289/78 547/1294/82 540/1287/76
f 535/1295/73 546/1296/83 539/1297/75
f 541/1289/78 549/1293/81 548/1298/52
f 536/1299/72 545/1300/84 544/1292/80
f 549/1293/81 555/1301/85 548/1298/52
f 545/1300/84 551/1302/86 544/1292/80
f 543/1290/79 554/1303/87 550/1304/88
f 544/1292/80 556/1305/89 549/1293/81
f 547/1294/82 555/1301/85 554/1303/87
f 546/1296/83 550/1306/88 553/1307/90
f 538/1308/71 545/1300/84 537/1309/77
f 545/1300/84 538/1308/71 552/1310/91
f 539/1297/75 546/1296/83 538/1308/71
f 546/1296/83 553/1307/90 538/1308/71
f 567/1311/47 558/1312/36 559/1313/34
f 572/1314/48 563/1315/32 564/1316/37
f 565/1317/49 579/1318/50 572/1314/48
f 571/1319/51 562/1320/52 563/1315/32
f 565/1317/49 564/1316/37 557/1321/31
f 566/1322/54 557/1321/31 558/1312/36
f 568/1323/55 559/1313/34 560/1324/53
f 569/1325/56 560/1324/53 561/1326/30
f 570/1327/57 561/1328/30 562/1320/52
f 571/1329/51 577/1330/58 570/1331/57
f 567/1332/47 574/1333/60 566/1322/54
f 572/1314/48 578/1334/61 571/1329/51
f 567/1332/47 576/1335/62 575/1336/59
f 566/1322/54 573/1337/63 565/1317/49
f 578/1334/61 586/1338/64 585/1339/65
f 576/1335/62 582/1340/66 575/1336/59
f 573/1337/63 581/1341/69 580/1342/67
f 573/1337/63 586/1338/64 579/1318/50
f 577/1330/58 585/1339/65 584/1343/68
f 574/1333/60 582/1340/66 581/1341/69
f 569/1344/56 576/1335/62 568/1345/55
f 576/1335/62 569/1344/56 583/1346/70
f 570/1331/57 577/1330/58 569/1347/56
f 577/1330/58 584/1343/68 569/1347/56
f 583/1348/70 590/1349/36 582/1350/66
f 581/1341/69 588/1351/72 580/1342/67
f 584/1352/68 587/1353/73 569/1354/56
f 580/1342/67 594/1355/74 586/1338/64
f 569/1356/56 591/1357/75 583/1348/70
f 585/1358/65 592/1359/76 584/1352/68
f 582/1350/66 589/1360/77 581/1341/69
f 586/1338/64 593/1361/78 585/1358/65
f 587/1362/73 599/1363/82 595/1364/79
f 588/1365/72 601/1366/81 594/1355/74
f 592/1359/76 600/1367/52 599/1363/82
f 587/1368/73 598/1369/83 591/1370/75
f 594/1355/74 600/1367/52 593/1361/78
f 588/1365/72 597/1371/84 596/1372/80
f 600/1367/52 608/1373/92 607/1374/93
f 597/1371/84 603/1375/94 596/1372/80
f 595/1364/79 606/1376/95 602/1377/96
f 596/1372/80 608/1373/92 601/1366/81
f 600/1367/52 606/1376/95 599/1363/82
f 598/1369/83 602/1378/96 605/1379/97
f 590/1380/36 597/1371/84 589/1381/77
f 597/1371/84 590/1380/36 604/1382/98
f 591/1370/75 598/1369/83 590/1380/36
f 598/1369/83 605/1379/97 590/1380/36
f 602/1383/96 613/1384/99 605/1385/97
f 608/1373/92 615/1386/30 607/1374/93
f 604/1387/98 611/1388/35 603/1389/94
f 605/1385/97 609/1390/31 590/1391/36
f 606/1376/95 610/1392/33 602/1393/96
f 590/1391/36 612/1394/63 604/1387/98
f 603/1389/94 616/1395/100 608/1373/92
f 607/1374/93 614/1396/56 606/1376/95
f 661/1397/36 676/1398/101 660/1399/101
f 628/1400/102 651/1401/103 627/1402/103
f 629/1403/32 652/1404/102 628/1400/102
f 630/1405/104 653/1406/32 629/1407/32
f 918/673/105 654/1408/104 630/1405/104
f 664/1409/106 926/661/107 917/693/107
f 626/1410/108 650/1411/35 625/1412/35
f 625/1412/35 664/1409/106 640/1413/106
f 627/1402/103 649/1414/108 626/1410/108
f 667/1415/103 681/1416/108 665/1417/108
f 654/1408/109 669/1418/37 653/1406/37
f 662/1419/110 677/1420/36 661/1397/36
f 655/1421/111 670/1422/109 654/1408/109
f 663/1423/112 678/1424/110 662/1419/110
f 656/1425/113 671/1426/111 655/1421/111
f 664/1409/114 679/1427/112 663/1423/112
f 657/1428/99 672/1429/113 656/1425/113
f 649/1414/115 666/1430/63 650/1411/63
f 650/1411/63 680/1431/114 664/1409/114
f 657/1428/99 674/1432/116 673/1433/99
f 651/1401/117 665/1434/115 649/1414/115
f 658/1435/116 675/1436/118 674/1437/116
f 652/1404/119 667/1438/117 651/1401/117
f 659/1439/118 676/1440/101 675/1441/118
f 653/1442/37 668/1443/119 652/1404/119
f 688/1444/120 837/1445/121 687/1446/121
f 674/1447/122 691/1448/38 690/1449/122
f 668/1450/102 683/1451/103 667/1415/103
f 676/1452/123 691/1448/38 675/1453/38
f 669/1454/32 684/1455/102 668/1450/102
f 677/1456/34 692/1457/123 676/1452/123
f 670/1458/104 685/1459/32 669/1460/32
f 678/1461/124 693/1462/34 677/1456/34
f 671/1463/125 686/1464/104 670/1458/104
f 679/1465/126 694/1466/124 678/1461/124
f 672/1467/127 687/1446/125 671/1463/125
f 680/1468/106 695/1469/126 679/1465/126
f 673/1470/33 688/1444/127 672/1467/127
f 665/1417/108 682/1471/35 666/1472/35
f 666/1472/35 696/1473/106 680/1468/106
f 674/1447/122 689/1474/33 673/1470/33
f 698/1475/37 707/1476/51 699/1477/32
f 703/1478/34 712/1479/54 704/1480/36
f 719/1481/60 705/1482/49 712/1479/54
f 702/1483/53 711/1484/47 703/1478/34
f 704/1480/36 705/1482/49 697/1485/31
f 697/1485/31 706/1486/48 698/1475/37
f 699/1477/32 708/1487/57 700/1488/52
f 700/1488/52 709/1489/56 701/1490/30
f 701/1491/30 710/1492/55 702/1483/53
f 717/1493/62 711/1494/47 710/1495/55
f 706/1486/48 715/1496/61 707/1497/51
f 718/1498/59 712/1479/54 711/1494/47
f 707/1497/51 716/1499/58 708/1500/57
f 705/1482/49 714/1501/50 706/1486/48
f 725/1502/66 719/1481/60 718/1498/59
f 722/1503/65 716/1499/58 715/1496/61
f 720/1504/67 714/1501/50 713/1505/63
f 726/1506/69 713/1505/63 719/1481/60
f 717/1493/62 725/1502/66 718/1498/59
f 721/1507/64 715/1496/61 714/1501/50
f 709/1508/56 708/1500/57 716/1499/58
f 716/1499/58 723/1509/68 709/1508/56
f 710/1495/55 709/1510/56 717/1493/62
f 717/1493/62 709/1510/56 724/1511/70
f 730/1512/128 723/1513/68 722/1514/65
f 728/1515/129 721/1507/64 720/1504/67
f 727/1516/130 724/1517/70 709/1518/56
f 734/1519/131 720/1504/67 726/1506/69
f 731/1520/132 709/1521/56 723/1513/68
f 732/1522/133 725/1523/66 724/1517/70
f 729/1524/134 722/1514/65 721/1507/64
f 733/1525/135 726/1506/69 725/1523/66
f 735/1526/136 732/1522/133 727/1527/130
f 734/1519/131 736/1528/137 728/1529/129
f 739/1530/138 733/1525/135 732/1522/133
f 738/1531/139 727/1532/130 731/1533/132
f 740/1534/53 734/1519/131 733/1525/135
f 728/1529/129 737/1535/140 729/1536/134
f 747/1537/141 741/1538/142 740/1534/53
f 743/1539/143 737/1535/140 736/1528/137
f 742/1540/144 739/1530/138 735/1526/136
f 748/1541/145 736/1528/137 741/1538/142
f 746/1542/146 740/1534/53 739/1530/138
f 738/1531/139 742/1543/144 735/1544/136
f 730/1545/128 729/1536/134 737/1535/140
f 737/1535/140 744/1546/147 730/1545/128
f 731/1533/132 730/1545/128 738/1531/139
f 738/1531/139 730/1545/128 745/1547/148
f 750/1548/37 759/1549/51 751/1550/32
f 755/1551/34 764/1552/54 756/1553/36
f 771/1554/60 757/1555/49 764/1552/54
f 754/1556/53 763/1557/47 755/1551/34
f 756/1553/36 757/1555/49 749/1558/31
f 749/1558/31 758/1559/48 750/1548/37
f 751/1550/32 760/1560/57 752/1561/52
f 752/1561/52 761/1562/56 753/1563/30
f 753/1564/30 762/1565/55 754/1556/53
f 769/1566/62 763/1567/47 762/1568/55
f 758/1559/48 767/1569/61 759/1570/51
f 770/1571/59 764/1552/54 763/1567/47
f 759/1570/51 768/1572/58 760/1573/57
f 757/1555/49 766/1574/50 758/1559/48
f 770/1571/59 778/1575/69 771/1554/60
f 774/1576/65 768/1572/58 767/1569/61
f 772/1577/67 766/1574/50 765/1578/63
f 771/1554/60 772/1577/67 765/1578/63
f 769/1566/62 777/1579/66 770/1571/59
f 773/1580/64 767/1569/61 766/1574/50
f 761/1581/56 760/1573/57 768/1572/58
f 768/1572/58 775/1582/68 761/1581/56
f 762/1568/55 761/1583/56 769/1566/62
f 769/1566/62 761/1583/56 776/1584/70
f 782/1585/128 775/1586/68 774/1587/65
f 780/1588/129 773/1580/64 772/1577/67
f 779/1589/130 776/1590/70 761/1591/56
f 786/1592/131 772/1577/67 778/1575/69
f 783/1593/132 761/1594/56 775/1586/68
f 784/1595/133 777/1596/66 776/1590/70
f 781/1597/134 774/1587/65 773/1580/64
f 785/1598/135 778/1575/69 777/1596/66
f 787/1599/136 784/1595/133 779/1600/130
f 786/1592/131 788/1601/137 780/1602/129
f 791/1603/138 785/1598/135 784/1595/133
f 790/1604/139 779/1605/130 783/1606/132
f 785/1598/135 793/1607/142 786/1592/131
f 780/1602/129 789/1608/140 781/1609/134
f 799/1610/141 793/1607/142 792/1611/53
f 795/1612/143 789/1608/140 788/1601/137
f 787/1599/136 798/1613/146 791/1603/138
f 800/1614/145 788/1601/137 793/1607/142
f 791/1603/138 799/1610/141 792/1611/53
f 790/1604/139 794/1615/144 787/1616/136
f 782/1617/128 781/1609/134 789/1608/140
f 789/1608/140 796/1618/147 782/1617/128
f 783/1606/132 782/1617/128 790/1604/139
f 790/1604/139 782/1617/128 797/1619/148
f 803/1620/31 810/1621/149 802/1622/63
f 808/1623/100 815/1624/150 807/1625/30
f 806/1626/56 813/1627/151 805/1628/33
f 804/1629/99 811/1630/152 803/1620/31
f 802/1622/63 809/1631/153 801/1632/35
f 801/1632/35 816/1633/154 808/1623/100
f 807/1625/30 814/1634/155 806/1626/56
f 805/1635/33 812/1636/156 804/1629/99
f 811/1637/152 820/1638/157 819/1639/158
f 809/1631/153 818/1640/159 817/1641/126
f 809/1631/153 823/1642/160 816/1633/154
f 815/1643/150 821/1644/161 814/1645/155
f 810/1621/149 819/1639/158 818/1640/159
f 815/1643/150 823/1642/160 822/1646/162
f 822/1646/162 830/1647/163 829/1648/164
f 820/1638/157 826/1649/165 819/1639/158
f 818/1640/159 824/1650/124 817/1641/126
f 823/1642/160 824/1650/124 830/1647/163
f 821/1644/161 829/1648/164 828/1651/166
f 819/1639/158 825/1652/167 818/1640/159
f 696/1473/168 845/1653/169 695/1469/169
f 689/1474/170 838/1654/120 688/1444/120
f 681/1416/171 832/1655/172 682/1471/172
f 682/1471/172 846/1656/168 696/1473/168
f 690/1449/173 839/1657/170 689/1474/170
f 681/1416/171 833/1658/174 831/1659/171
f 690/1449/173 841/1660/175 840/1661/173
f 684/1455/176 833/1662/174 683/1451/174
f 692/1457/177 841/1663/175 691/1448/175
f 684/1455/176 835/1664/178 834/1665/176
f 693/1462/179 842/1666/177 692/1457/177
f 685/1459/178 836/1667/180 835/1668/178
f 693/1462/179 844/1669/181 843/1670/179
f 686/1464/180 837/1671/121 836/1672/180
f 694/1466/181 845/1673/169 844/1674/181
f 856/1675/182 849/1676/31 848/1677/99
f 861/1678/183 854/1679/56 853/1680/30
f 859/1681/184 852/1682/100 851/1683/35
f 857/1684/185 850/1685/63 849/1676/31
f 855/1686/186 848/1677/99 847/1687/33
f 862/1688/187 847/1687/33 854/1679/56
f 860/1689/188 853/1680/30 852/1682/100
f 858/1690/189 851/1691/35 850/1685/63
f 857/1692/185 866/1693/190 858/1694/189
f 863/1695/38 856/1675/182 855/1686/186
f 869/1696/191 855/1686/186 862/1688/187
f 867/1697/192 861/1698/183 860/1699/188
f 856/1675/182 865/1700/193 857/1692/185
f 868/1701/194 862/1688/187 861/1698/183
f 868/1701/194 876/1702/195 869/1696/191
f 872/1703/196 866/1693/190 865/1700/193
f 870/1704/123 864/1705/197 863/1695/38
f 869/1696/191 870/1704/123 863/1695/38
f 867/1697/192 875/1706/198 868/1701/194
f 871/1707/199 865/1700/193 864/1705/197
f 634/1708/122 911/684/33 633/1709/33
f 883/1710/126 928/1711/106 884/1712/106
f 636/1713/123 913/685/38 635/1714/38
f 638/1715/124 915/692/34 637/1716/34
f 885/1717/35 930/1718/108 886/1719/108
f 633/1709/33 910/681/127 632/1720/127
f 894/1721/33 878/1722/122 877/1723/33
f 908/1724/127 877/1723/33 892/1725/127
f 635/1714/38 912/683/122 634/1708/122
f 893/1726/122 879/1727/38 878/1722/122
f 637/1716/34 914/689/123 636/1713/123
f 879/1727/38 896/1728/123 880/1729/123
f 639/1730/126 916/691/124 638/1715/124
f 896/1728/123 881/1731/34 880/1729/123
f 632/1720/127 909/675/105 631/1732/125
f 897/1733/34 882/1734/124 881/1735/34
f 660/1399/123 924/664/34 661/1397/34
f 658/1435/122 922/666/38 659/1439/38
f 656/1425/127 920/671/33 657/1428/33
f 661/1397/34 925/662/124 662/1419/124
f 659/1439/38 923/665/123 660/1399/123
f 657/1428/33 921/669/122 658/1435/122
f 655/1421/125 919/672/127 656/1425/127
f 662/1419/124 926/661/107 663/1423/126
f 890/1736/104 935/696/200 891/1737/125
f 888/1738/102 933/1739/32 889/1740/32
f 886/1719/108 931/1741/103 887/1742/103
f 884/1712/106 929/1743/35 885/1717/35
f 889/1740/32 934/1744/104 890/1736/104
f 887/1742/103 932/1745/102 888/1738/102
f 906/1746/104 942/1747/32 905/1748/32
f 904/1749/102 940/1750/103 903/1751/103
f 902/1752/108 938/1753/35 901/1754/35
f 900/1755/106 936/1106/201 899/1756/126
f 907/1757/125 943/1758/104 906/1746/104
f 905/1748/32 941/1759/102 904/1749/102
f 903/1751/103 939/1760/108 902/1752/108
f 901/1754/35 937/1761/106 900/1755/106
f 936/1106/201 927/678/201 898/1762/124
f 892/1725/127 944/1108/200 908/1724/127
f 950/1763/127 958/1764/202 949/1765/202
f 951/1766/33 959/1767/127 950/1763/127
f 952/1768/122 960/1769/33 951/1766/33
f 953/1770/38 961/1771/122 952/1768/122
f 954/1772/123 962/1773/38 953/1770/38
f 955/1774/34 963/1775/123 954/1772/123
f 956/1776/124 964/1777/34 955/1774/34
f 965/1778/124 957/1779/203 966/1780/203
f 814/1645/155 821/1644/161 813/1781/151
f 821/1644/161 828/1651/166 813/1781/151
f 812/1782/156 813/1783/151 820/1638/157
f 820/1638/157 813/1783/151 827/1784/204
f 858/1694/189 866/1693/190 859/1785/184
f 866/1693/190 873/1786/205 859/1785/184
f 860/1699/188 859/1787/184 867/1697/192
f 867/1697/192 859/1787/184 874/1788/206
f 328/1157/32 340/1167/32 339/1158/39
f 334/1160/34 335/1168/40 347/1161/40
f 332/1163/41 344/1174/41 343/1164/33
f 329/1166/42 341/1176/42 340/1167/32
f 335/1168/40 336/1177/43 348/1169/43
f 326/1170/44 337/1178/44 338/1171/35
f 333/1173/45 345/1180/45 344/1174/41
f 330/1175/46 342/1181/46 341/1176/42
f 325/1172/35 338/1171/35 348/1169/43
f 327/1159/39 339/1158/39 337/1178/44
f 334/1179/34 346/1789/34 345/1180/45
f 331/1165/33 343/1164/33 342/1181/46
f 352/1182/32 364/1192/32 363/1183/39
f 359/1185/40 371/1194/40 370/1186/34
f 356/1188/41 368/1199/41 367/1189/33
f 353/1191/42 365/1201/42 364/1192/32
f 360/1193/43 372/1202/43 371/1194/40
f 349/1195/35 350/1203/44 361/1196/44
f 357/1198/45 369/1205/45 368/1199/41
f 354/1200/46 366/1206/46 365/1201/42
f 349/1195/35 362/1197/35 372/1202/43
f 351/1184/39 363/1183/39 361/1196/44
f 357/1198/45 358/1790/34 370/1204/34
f 355/1190/33 367/1189/33 366/1206/46
f 515/1207/47 514/1234/54 506/1208/36
f 520/1210/48 519/1223/51 511/1211/32
f 476/1213/31 478/1221/36 477/1214/36
f 513/1216/49 521/1265/63 527/1217/50
f 504/1218/37 473/1256/31 474/1219/31
f 478/1221/36 480/1227/34 479/1222/34
f 519/1223/51 518/1254/57 510/1224/52
f 502/1225/32 504/1218/37 503/1220/37
f 480/1227/34 482/1232/53 481/1228/53
f 513/1216/49 520/1210/48 512/1212/37
f 500/1230/52 502/1225/32 501/1226/32
f 482/1232/53 484/1791/30 483/1233/30
f 514/1234/54 513/1216/49 505/1229/31
f 497/1235/30 498/1792/30 500/1230/52
f 484/1236/30 486/1244/52 485/1237/52
f 516/1239/55 515/1207/47 507/1209/34
f 496/1241/53 498/1793/30 497/1242/30
f 486/1244/52 488/1250/32 487/1245/32
f 492/1246/36 494/1249/34 493/1247/34
f 494/1249/34 496/1241/53 495/1243/53
f 488/1250/32 490/1794/37 489/1251/37
f 517/1252/56 516/1239/55 508/1240/53
f 518/1254/57 517/1795/56 509/1255/30
f 489/1251/37 490/1794/37 476/1213/31
f 473/1256/31 492/1246/36 491/1248/36
f 519/1257/51 526/1262/61 525/1258/58
f 514/1234/54 515/1263/47 523/1260/59
f 520/1210/48 527/1217/50 526/1262/61
f 515/1263/47 516/1273/55 524/1264/62
f 514/1234/54 522/1261/60 521/1265/63
f 526/1262/61 527/1217/50 534/1266/64
f 524/1264/62 531/1274/70 530/1268/66
f 522/1261/60 529/1271/69 528/1269/67
f 527/1217/50 521/1265/63 528/1269/67
f 525/1258/58 526/1262/61 533/1267/65
f 523/1260/59 530/1268/66 529/1271/69
f 531/1276/70 539/1285/75 538/1277/71
f 529/1271/69 537/1288/77 536/1279/72
f 532/1280/68 540/1287/76 535/1281/73
f 528/1269/67 536/1279/72 542/1283/74
f 517/1284/56 535/1796/73 539/1285/75
f 533/1286/65 541/1289/78 540/1287/76
f 530/1278/66 538/1277/71 537/1288/77
f 534/1266/64 542/1283/74 541/1289/78
f 540/1287/76 547/1294/82 543/1290/79
f 542/1283/74 536/1299/72 544/1292/80
f 541/1289/78 548/1298/52 547/1294/82
f 535/1295/73 543/1797/79 546/1296/83
f 541/1289/78 542/1283/74 549/1293/81
f 536/1299/72 537/1309/77 545/1300/84
f 549/1293/81 556/1305/89 555/1301/85
f 545/1300/84 552/1310/91 551/1302/86
f 543/1290/79 547/1294/82 554/1303/87
f 544/1292/80 551/1302/86 556/1305/89
f 547/1294/82 548/1298/52 555/1301/85
f 546/1296/83 543/1797/79 550/1306/88
f 567/1311/47 566/1322/54 558/1312/36
f 572/1314/48 571/1319/51 563/1315/32
f 565/1317/49 573/1337/63 579/1318/50
f 571/1319/51 570/1327/57 562/1320/52
f 565/1317/49 572/1314/48 564/1316/37
f 566/1322/54 565/1317/49 557/1321/31
f 568/1323/55 567/1311/47 559/1313/34
f 569/1325/56 568/1323/55 560/1324/53
f 570/1327/57 569/1798/56 561/1328/30
f 571/1329/51 578/1334/61 577/1330/58
f 567/1332/47 575/1336/59 574/1333/60
f 572/1314/48 579/1318/50 578/1334/61
f 567/1332/47 568/1345/55 576/1335/62
f 566/1322/54 574/1333/60 573/1337/63
f 578/1334/61 579/1318/50 586/1338/64
f 576/1335/62 583/1346/70 582/1340/66
f 573/1337/63 574/1333/60 581/1341/69
f 573/1337/63 580/1342/67 586/1338/64
f 577/1330/58 578/1334/61 585/1339/65
f 574/1333/60 575/1336/59 582/1340/66
f 583/1348/70 591/1357/75 590/1349/36
f 581/1341/69 589/1360/77 588/1351/72
f 584/1352/68 592/1359/76 587/1353/73
f 580/1342/67 588/1351/72 594/1355/74
f 569/1356/56 587/1799/73 591/1357/75
f 585/1358/65 593/1361/78 592/1359/76
f 582/1350/66 590/1349/36 589/1360/77
f 586/1338/64 594/1355/74 593/1361/78
f 587/1362/73 592/1359/76 599/1363/82
f 588/1365/72 596/1372/80 601/1366/81
f 592/1359/76 593/1361/78 600/1367/52
f 587/1368/73 595/1800/79 598/1369/83
f 594/1355/74 601/1366/81 600/1367/52
f 588/1365/72 589/1381/77 597/1371/84
f 600/1367/52 601/1366/81 608/1373/92
f 597/1371/84 604/1382/98 603/1375/94
f 595/1364/79 599/1363/82 606/1376/95
f 596/1372/80 603/1375/94 608/1373/92
f 600/1367/52 607/1374/93 606/1376/95
f 598/1369/83 595/1800/79 602/1378/96
f 602/1383/96 610/1801/33 613/1384/99
f 608/1373/92 616/1395/100 615/1386/30
f 604/1387/98 612/1394/63 611/1388/35
f 605/1385/97 613/1384/99 609/1390/31
f 606/1376/95 614/1396/56 610/1392/33
f 590/1391/36 609/1390/31 612/1394/63
f 603/1389/94 611/1388/35 616/1395/100
f 607/1374/93 615/1386/30 614/1396/56
f 661/1397/36 677/1802/36 676/1398/101
f 628/1400/102 652/1404/102 651/1401/103
f 629/1403/32 653/1442/32 652/1404/102
f 630/1405/104 654/1408/104 653/1406/32
f 630/1405/104 631/1732/125 909/675/105
f 918/673/105 655/1421/125 654/1408/104
f 630/1405/104 909/675/105 918/673/105
f 639/1730/126 640/1413/106 917/693/107
f 640/1413/106 664/1409/106 917/693/107
f 664/1409/106 663/1423/126 926/661/107
f 626/1410/108 649/1414/108 650/1411/35
f 625/1412/35 650/1411/35 664/1409/106
f 627/1402/103 651/1401/103 649/1414/108
f 667/1415/103 683/1451/103 681/1416/108
f 654/1408/109 670/1803/109 669/1418/37
f 662/1419/110 678/1804/110 677/1420/36
f 655/1421/111 671/1805/111 670/1422/109
f 663/1423/112 679/1806/112 678/1424/110
f 656/1425/113 672/1807/113 671/1426/111
f 664/1409/114 680/1808/114 679/1427/112
f 657/1428/99 673/1809/99 672/1429/113
f 649/1414/115 665/1810/115 666/1430/63
f 650/1411/63 666/1811/63 680/1431/114
f 657/1428/99 658/1435/116 674/1432/116
f 651/1401/117 667/1812/117 665/1434/115
f 658/1435/116 659/1439/118 675/1436/118
f 652/1404/119 668/1813/119 667/1438/117
f 659/1439/118 660/1399/101 676/1440/101
f 653/1442/37 669/1814/37 668/1443/119
f 688/1444/120 838/1815/120 837/1445/121
f 674/1447/122 675/1453/38 691/1448/38
f 668/1450/102 684/1455/102 683/1451/103
f 676/1452/123 692/1457/123 691/1448/38
f 669/1454/32 685/1816/32 684/1455/102
f 677/1456/34 693/1462/34 692/1457/123
f 670/1458/104 686/1464/104 685/1459/32
f 678/1461/124 694/1466/124 693/1462/34
f 671/1463/125 687/1446/125 686/1464/104
f 679/1465/126 695/1469/126 694/1466/124
f 672/1467/127 688/1444/127 687/1446/125
f 680/1468/106 696/1473/106 695/1469/126
f 673/1470/33 689/1474/33 688/1444/127
f 665/1417/108 681/1416/108 682/1471/35
f 666/1472/35 682/1471/35 696/1473/106
f 674/1447/122 690/1449/122 689/1474/33
f 698/1475/37 706/1486/48 707/1476/51
f 703/1478/34 711/1484/47 712/1479/54
f 719/1481/60 713/1505/63 705/1482/49
f 702/1483/53 710/1492/55 711/1484/47
f 704/1480/36 712/1479/54 705/1482/49
f 697/1485/31 705/1482/49 706/1486/48
f 699/1477/32 707/1476/51 708/1487/57
f 700/1488/52 708/1487/57 709/1489/56
f 701/1491/30 709/1817/56 710/1492/55
f 717/1493/62 718/1498/59 711/1494/47
f 706/1486/48 714/1501/50 715/1496/61
f 718/1498/59 719/1481/60 712/1479/54
f 707/1497/51 715/1496/61 716/1499/58
f 705/1482/49 713/1505/63 714/1501/50
f 725/1502/66 726/1506/69 719/1481/60
f 722/1503/65 723/1509/68 716/1499/58
f 720/1504/67 721/1507/64 714/1501/50
f 726/1506/69 720/1504/67 713/1505/63
f 717/1493/62 724/1511/70 725/1502/66
f 721/1507/64 722/1503/65 715/1496/61
f 730/1512/128 731/1520/132 723/1513/68
f 728/1515/129 729/1524/134 721/1507/64
f 727/1516/130 732/1522/133 724/1517/70
f 734/1519/131 728/1515/129 720/1504/67
f 731/1520/132 727/1818/130 709/1521/56
f 732/1522/133 733/1525/135 725/1523/66
f 729/1524/134 730/1512/128 722/1514/65
f 733/1525/135 734/1519/131 726/1506/69
f 735/1526/136 739/1530/138 732/1522/133
f 734/1519/131 741/1538/142 736/1528/137
f 739/1530/138 740/1534/53 733/1525/135
f 738/1531/139 735/1544/136 727/1532/130
f 740/1534/53 741/1538/142 734/1519/131
f 728/1529/129 736/1528/137 737/1535/140
f 747/1537/141 748/1541/145 741/1538/142
f 743/1539/143 744/1546/147 737/1535/140
f 742/1540/144 746/1542/146 739/1530/138
f 748/1541/145 743/1539/143 736/1528/137
f 746/1542/146 747/1537/141 740/1534/53
f 738/1531/139 745/1547/148 742/1543/144
f 750/1548/37 758/1559/48 759/1549/51
f 755/1551/34 763/1557/47 764/1552/54
f 771/1554/60 765/1578/63 757/1555/49
f 754/1556/53 762/1565/55 763/1557/47
f 756/1553/36 764/1552/54 757/1555/49
f 749/1558/31 757/1555/49 758/1559/48
f 751/1550/32 759/1549/51 760/1560/57
f 752/1561/52 760/1560/57 761/1562/56
f 753/1564/30 761/1819/56 762/1565/55
f 769/1566/62 770/1571/59 763/1567/47
f 758/1559/48 766/1574/50 767/1569/61
f 770/1571/59 771/1554/60 764/1552/54
f 759/1570/51 767/1569/61 768/1572/58
f 757/1555/49 765/1578/63 766/1574/50
f 770/1571/59 777/1579/66 778/1575/69
f 774/1576/65 775/1582/68 768/1572/58
f 772/1577/67 773/1580/64 766/1574/50
f 771/1554/60 778/1575/69 772/1577/67
f 769/1566/62 776/1584/70 777/1579/66
f 773/1580/64 774/1576/65 767/1569/61
f 782/1585/128 783/1593/132 775/1586/68
f 780/1588/129 781/1597/134 773/1580/64
f 779/1589/130 784/1595/133 776/1590/70
f 786/1592/131 780/1588/129 772/1577/67
f 783/1593/132 779/1820/130 761/1594/56
f 784/1595/133 785/1598/135 777/1596/66
f 781/1597/134 782/1585/128 774/1587/65
f 785/1598/135 786/1592/131 778/1575/69
f 787/1599/136 791/1603/138 784/1595/133
f 786/1592/131 793/1607/142 788/1601/137
f 791/1603/138 792/1611/53 785/1598/135
f 790/1604/139 787/1616/136 779/1605/130
f 785/1598/135 792/1611/53 793/1607/142
f 780/1602/129 788/1601/137 789/1608/140
f 799/1610/141 800/1614/145 793/1607/142
f 795/1612/143 796/1618/147 789/1608/140
f 787/1599/136 794/1821/144 798/1613/146
f 800/1614/145 795/1612/143 788/1601/137
f 791/1603/138 798/1613/146 799/1610/141
f 790/1604/139 797/1619/148 794/1615/144
f 803/1620/31 811/1630/152 810/1621/149
f 808/1623/100 816/1633/154 815/1624/150
f 806/1626/56 814/1634/155 813/1627/151
f 804/1629/99 812/1636/156 811/1630/152
f 802/1622/63 810/1621/149 809/1631/153
f 801/1632/35 809/1631/153 816/1633/154
f 807/1625/30 815/1624/150 814/1634/155
f 805/1635/33 813/1822/151 812/1636/156
f 811/1637/152 812/1782/156 820/1638/157
f 809/1631/153 810/1621/149 818/1640/159
f 809/1631/153 817/1641/126 823/1642/160
f 815/1643/150 822/1646/162 821/1644/161
f 810/1621/149 811/1637/152 819/1639/158
f 815/1643/150 816/1633/154 823/1642/160
f 822/1646/162 823/1642/160 830/1647/163
f 820/1638/157 827/1784/204 826/1649/165
f 818/1640/159 825/1652/167 824/1650/124
f 823/1642/160 817/1641/126 824/1650/124
f 821/1644/161 822/1646/162 829/1648/164
f 819/1639/158 826/1649/165 825/1652/167
f 696/1473/168 846/1823/168 845/1653/169
f 689/1474/170 839/1824/170 838/1654/120
f 681/1416/171 831/1825/171 832/1655/172
f 682/1471/172 832/1826/172 846/1656/168
f 690/1449/173 840/1827/173 839/1657/170
f 681/1416/171 683/1451/174 833/1658/174
f 690/1449/173 691/1448/175 841/1660/175
f 684/1455/176 834/1828/176 833/1662/174
f 692/1457/177 842/1829/177 841/1663/175
f 684/1455/176 685/1816/178 835/1664/178
f 693/1462/179 843/1830/179 842/1666/177
f 685/1459/178 686/1464/180 836/1667/180
f 693/1462/179 694/1466/181 844/1669/181
f 686/1464/180 687/1446/121 837/1671/121
f 694/1466/181 695/1469/169 845/1673/169
f 856/1675/182 857/1684/185 849/1676/31
f 861/1678/183 862/1688/187 854/1679/56
f 859/1681/184 860/1689/188 852/1682/100
f 857/1684/185 858/1690/189 850/1685/63
f 855/1686/186 856/1675/182 848/1677/99
f 862/1688/187 855/1686/186 847/1687/33
f 860/1689/188 861/1678/183 853/1680/30
f 858/1690/189 859/1831/184 851/1691/35
f 857/1692/185 865/1700/193 866/1693/190
f 863/1695/38 864/1705/197 856/1675/182
f 869/1696/191 863/1695/38 855/1686/186
f 867/1697/192 868/1701/194 861/1698/183
f 856/1675/182 864/1705/197 865/1700/193
f 868/1701/194 869/1696/191 862/1688/187
f 868/1701/194 875/1706/198 876/1702/195
f 872/1703/196 873/1786/205 866/1693/190
f 870/1704/123 871/1707/199 864/1705/197
f 869/1696/191 876/1702/195 870/1704/123
f 867/1697/192 874/1788/206 875/1706/198
f 871/1707/199 872/1703/196 865/1700/193
f 634/1708/122 912/683/122 911/684/33
f 883/1710/126 927/678/201 928/1711/106
f 636/1713/123 914/689/123 913/685/38
f 638/1715/124 916/691/124 915/692/34
f 885/1717/35 929/1743/35 930/1718/108
f 633/1709/33 911/684/33 910/681/127
f 894/1721/33 893/1726/122 878/1722/122
f 908/1724/127 894/1721/33 877/1723/33
f 635/1714/38 913/685/38 912/683/122
f 893/1726/122 895/1832/38 879/1727/38
f 637/1716/34 915/692/34 914/689/123
f 879/1727/38 895/1832/38 896/1728/123
f 639/1730/126 917/693/107 916/691/124
f 896/1728/123 897/1833/34 881/1731/34
f 632/1720/127 910/681/127 909/675/105
f 897/1733/34 898/1762/124 882/1734/124
f 660/1399/123 923/665/123 924/664/34
f 658/1435/122 921/669/122 922/666/38
f 656/1425/127 919/672/127 920/671/33
f 661/1397/34 924/664/34 925/662/124
f 659/1439/38 922/666/38 923/665/123
f 657/1428/33 920/671/33 921/669/122
f 655/1421/125 918/673/105 919/672/127
f 662/1419/124 925/662/124 926/661/107
f 890/1736/104 934/1744/104 935/696/200
f 888/1738/102 932/1745/102 933/1739/32
f 886/1719/108 930/1718/108 931/1741/103
f 884/1712/106 928/1711/106 929/1743/35
f 889/1740/32 933/1739/32 934/1744/104
f 887/1742/103 931/1741/103 932/1745/102
f 906/1746/104 943/1758/104 942/1747/32
f 904/1749/102 941/1759/102 940/1750/103
f 902/1752/108 939/1760/108 938/1753/35
f 900/1755/106 937/1761/106 936/1106/201
f 907/1757/125 944/1108/200 943/1758/104
f 905/1748/32 942/1747/32 941/1759/102
f 903/1751/103 940/1750/103 939/1760/108
f 901/1754/35 938/1753/35 937/1761/106
f 883/1710/126 882/1734/124 927/678/201
f 882/1734/124 898/1762/124 927/678/201
f 898/1762/124 899/1756/126 936/1106/201
f 892/1725/127 891/1737/125 935/696/200
f 935/696/200 944/1108/200 892/1725/127
f 944/1108/200 907/1757/125 908/1724/127
f 950/1763/127 959/1767/127 958/1764/202
f 951/1766/33 960/1769/33 959/1767/127
f 952/1768/122 961/1771/122 960/1769/33
f 953/1770/38 962/1773/38 961/1771/122
f 954/1772/123 963/1775/123 962/1773/38
f 955/1774/34 964/1777/34 963/1775/123
f 956/1776/124 965/1778/124 964/1777/34
f 965/1778/124 956/1776/124 957/1779/203
o Slider
s off
f 247/347/25 245/348/25 246/349/25
f 244/350/26 247/347/26 242/351/26
f 241/352/27 245/348/27 243/353/27
f 243/354/28 248/355/28 244/356/28
f 242/357/29 246/349/29 241/358/29
f 247/347/25 248/355/25 245/348/25
f 244/350/26 248/355/26 247/347/26
f 241/352/27 246/349/27 245/348/27
f 243/354/28 245/348/28 248/355/28
f 242/357/29 247/347/29 246/349/29
o Spinner
s off
f 8/1/1 15/2/1 7/3/1
f 6/4/2 13/5/2 5/6/2
f 4/7/3 11/8/3 3/9/3
f 2/10/4 9/11/4 1/12/4
f 1/12/5 16/13/5 8/1/5
f 7/3/6 14/14/6 6/4/6
f 5/6/7 12/15/7 4/7/7
f 3/16/8 10/17/8 2/10/8
f 26/18/9 36/19/9 28/20/9
f 39/21/9 48/22/9 40/23/9
f 20/24/10 23/25/10 18/26/10
f 35/27/11 31/28/11 30/29/11
f 35/27/11 17/30/11 33/31/11
f 21/32/12 37/33/12 25/34/12
f 18/26/11 33/31/11 17/30/11
f 33/35/13 24/36/13 34/37/13
f 28/38/10 31/28/10 26/39/10
f 32/40/14 36/41/14 29/42/14
f 34/43/14 20/24/14 19/44/14
f 19/44/14 36/41/14 34/43/14
f 36/19/10 33/35/10 34/37/10
f 47/45/14 43/46/14 42/47/14
f 47/45/14 27/48/14 45/49/14
f 25/34/14 45/49/14 27/48/14
f 45/50/13 38/51/13 46/52/13
f 40/53/12 43/46/12 39/54/12
f 44/55/11 48/56/11 41/57/11
f 46/58/11 21/32/11 22/59/11
f 22/59/11 48/56/11 46/58/11
f 48/22/12 45/50/12 46/52/12
f 58/60/9 68/61/9 60/62/9
f 71/63/9 80/64/9 72/65/9
f 52/66/14 55/67/14 50/68/14
f 67/69/10 63/70/10 62/71/10
f 67/69/10 49/72/10 65/73/10
f 53/74/11 69/75/11 57/76/11
f 50/68/10 65/73/10 49/72/10
f 65/77/13 56/78/13 66/79/13
f 60/80/14 63/70/14 58/81/14
f 64/82/12 68/83/12 61/84/12
f 66/85/12 52/66/12 51/86/12
f 51/86/12 68/83/12 66/85/12
f 68/61/14 65/77/14 66/79/14
f 79/87/12 75/88/12 74/89/12
f 79/87/12 59/90/12 77/91/12
f 57/76/12 77/91/12 59/90/12
f 78/92/13 69/93/13 70/94/13
f 72/95/11 75/88/11 71/96/11
f 76/97/10 80/98/10 73/99/10
f 78/100/10 53/74/10 54/101/10
f 54/101/10 80/98/10 78/100/10
f 80/64/11 77/102/11 78/92/11
f 90/103/9 100/104/9 92/105/9
f 104/106/9 111/107/9 112/108/9
f 84/109/15 87/110/15 82/111/15
f 99/112/16 95/113/16 94/114/16
f 99/112/16 81/115/16 97/116/16
f 85/117/17 101/118/17 89/119/17
f 82/111/16 97/116/16 81/115/16
f 98/120/13 87/121/13 88/122/13
f 92/123/15 95/113/15 90/124/15
f 96/125/18 100/126/18 93/127/18
f 98/128/18 84/109/18 83/129/18
f 83/129/18 100/126/18 98/128/18
f 100/104/15 97/130/15 98/120/15
f 111/131/18 107/132/18 106/133/18
f 111/131/18 91/134/18 109/135/18
f 89/119/18 109/135/18 91/134/18
f 109/136/13 102/137/13 110/138/13
f 104/139/17 107/132/17 103/140/17
f 108/141/16 112/142/16 105/143/16
f 110/144/16 85/117/16 86/145/16
f 86/145/16 112/142/16 110/144/16
f 112/108/17 109/136/17 110/138/17
f 122/146/9 132/147/9 124/148/9
f 135/149/9 144/150/9 136/151/9
f 116/152/18 119/153/18 114/154/18
f 131/155/15 127/156/15 126/157/15
f 131/155/15 113/158/15 129/159/15
f 117/160/16 133/161/16 121/162/16
f 114/154/15 129/159/15 113/158/15
f 130/163/13 119/164/13 120/165/13
f 124/166/18 127/156/18 122/167/18
f 128/168/17 132/169/17 125/170/17
f 130/171/17 116/152/17 115/172/17
f 115/172/17 132/169/17 130/171/17
f 132/147/18 129/173/18 130/163/18
f 143/174/17 139/175/17 138/176/17
f 143/174/17 123/177/17 141/178/17
f 121/162/17 141/178/17 123/177/17
f 141/179/13 134/180/13 142/181/13
f 136/182/16 139/175/16 135/183/16
f 140/184/15 144/185/15 137/186/15
f 142/187/15 117/160/15 118/188/15
f 118/188/15 144/185/15 142/187/15
f 144/150/16 141/179/16 142/181/16
f 8/1/1 16/13/1 15/2/1
f 6/4/2 14/14/2 13/5/2
f 4/7/3 12/15/3 11/8/3
f 2/10/4 10/17/4 9/11/4
f 1/12/5 9/11/5 16/13/5
f 7/3/6 15/2/6 14/14/6
f 5/6/7 13/5/7 12/15/7
f 3/16/8 11/189/8 10/17/8
f 26/18/9 35/190/9 36/19/9
f 39/21/9 47/191/9 48/22/9
f 20/24/10 24/192/10 23/25/10
f 35/27/11 26/39/11 31/28/11
f 35/27/11 30/29/11 17/30/11
f 21/32/12 38/193/12 37/33/12
f 18/26/11 23/25/11 33/31/11
f 33/35/13 23/194/13 24/36/13
f 28/38/10 32/40/10 31/28/10
f 32/40/14 28/38/14 36/41/14
f 34/43/14 24/192/14 20/24/14
f 19/44/14 29/42/14 36/41/14
f 36/19/10 35/190/10 33/35/10
f 47/45/14 39/54/14 43/46/14
f 47/45/14 42/47/14 27/48/14
f 25/34/14 37/33/14 45/49/14
f 45/50/13 37/195/13 38/51/13
f 40/53/12 44/55/12 43/46/12
f 44/55/11 40/53/11 48/56/11
f 46/58/11 38/193/11 21/32/11
f 22/59/11 41/57/11 48/56/11
f 48/22/12 47/191/12 45/50/12
f 58/60/9 67/196/9 68/61/9
f 71/63/9 79/197/9 80/64/9
f 52/66/14 56/198/14 55/67/14
f 67/69/10 58/81/10 63/70/10
f 67/69/10 62/71/10 49/72/10
f 53/74/11 70/199/11 69/75/11
f 50/68/10 55/67/10 65/73/10
f 65/77/13 55/200/13 56/78/13
f 60/80/14 64/82/14 63/70/14
f 64/82/12 60/80/12 68/83/12
f 66/85/12 56/198/12 52/66/12
f 51/86/12 61/84/12 68/83/12
f 68/61/14 67/196/14 65/77/14
f 79/87/12 71/96/12 75/88/12
f 79/87/12 74/89/12 59/90/12
f 57/76/12 69/75/12 77/91/12
f 78/92/13 77/102/13 69/93/13
f 72/95/11 76/97/11 75/88/11
f 76/97/10 72/95/10 80/98/10
f 78/100/10 70/199/10 53/74/10
f 54/101/10 73/99/10 80/98/10
f 80/64/11 79/197/11 77/102/11
f 90/103/9 99/201/9 100/104/9
f 104/106/9 103/202/9 111/107/9
f 84/109/15 88/203/15 87/110/15
f 99/112/16 90/124/16 95/113/16
f 99/112/16 94/114/16 81/115/16
f 85/117/17 102/204/17 101/118/17
f 82/111/16 87/110/16 97/116/16
f 98/120/13 97/130/13 87/121/13
f 92/123/15 96/125/15 95/113/15
f 96/125/18 92/123/18 100/126/18
f 98/128/18 88/203/18 84/109/18
f 83/129/18 93/127/18 100/126/18
f 100/104/15 99/201/15 97/130/15
f 111/131/18 103/140/18 107/132/18
f 111/131/18 106/133/18 91/134/18
f 89/119/18 101/118/18 109/135/18
f 109/136/13 101/205/13 102/137/13
f 104/139/17 108/141/17 107/132/17
f 108/141/16 104/139/16 112/142/16
f 110/144/16 102/204/16 85/117/16
f 86/145/16 105/143/16 112/142/16
f 112/108/17 111/107/17 109/136/17
f 122/146/9 131/206/9 132/147/9
f 135/149/9 143/207/9 144/150/9
f 116/152/18 120/208/18 119/153/18
f 131/155/15 122/167/15 127/156/15
f 131/155/15 126/157/15 113/158/15
f 117/160/16 134/209/16 133/161/16
f 114/154/15 119/153/15 129/159/15
f 130/163/13 129/173/13 119/164/13
f 124/166/18 128/168/18 127/156/18
f 128/168/17 124/166/17 132/169/17
f 130/171/17 120/208/17 116/152/17
f 115/172/17 125/170/17 132/169/17
f 132/147/18 131/206/18 129/173/18
f 143/174/17 135/183/17 139/175/17
f 143/174/17 138/176/17 123/177/17
f 121/162/17 133/161/17 141/178/17
f 141/179/13 133/210/13 134/180/13
f 136/182/16 140/184/16 139/175/16
f 140/184/15 136/182/15 144/185/15
f 142/187/15 134/209/15 117/160/15
f 118/188/15 137/186/15 144/185/15
f 144/150/16 143/207/16 141/179/16
o Frame
s off
f 148/211/19 145/212/19 146/213/19
f 149/214/20 152/215/20 150/216/20
f 146/217/21 152/218/21 148/219/21
f 145/220/22 150/221/22 146/217/22
f 147/222/23 149/214/23 145/212/23
f 148/219/24 151/223/24 147/222/24
f 156/224/19 153/225/19 154/226/19
f 157/227/20 160/228/20 158/229/20
f 154/230/21 160/231/21 156/232/21
f 153/233/22 158/234/22 154/230/22
f 155/235/23 157/227/23 153/225/23
f 156/232/24 159/236/24 155/235/24
f 164/237/19 161/238/19 162/239/19
f 165/240/20 168/241/20 166/242/20
f 162/243/21 168/244/21 164/245/21
f 161/246/22 166/247/22 162/243/22
f 163/248/23 165/240/23 161/238/23
f 164/245/24 167/249/24 163/248/24
f 172/250/19 169/251/19 170/252/19
f 173/253/20 176/254/20 174/255/20
f 170/256/21 176/257/21 172/258/21
f 169/259/22 174/260/22 170/256/22
f 171/261/23 173/253/23 169/251/23
f 172/258/24 175/262/24 171/261/24
f 184/263/21 182/264/21 183/265/21
f 183/265/24 177/266/24 184/263/24
f 181/267/22 179/268/22 182/264/22
f 177/266/23 179/269/23 180/270/23
f 192/271/21 190/272/21 191/273/21
f 191/273/24 185/274/24 192/271/24
f 189/275/22 187/276/22 190/272/22
f 185/277/23 187/276/23 188/278/23
f 200/279/23 198/280/23 199/281/23
f 199/281/24 193/282/24 200/279/24
f 197/283/22 195/284/22 198/280/22
f 193/282/21 195/285/21 196/286/21
f 208/287/23 206/288/23 207/289/23
f 207/289/24 201/290/24 208/287/24
f 205/291/22 203/292/22 206/288/22
f 201/293/21 203/292/21 204/294/21
f 216/295/20 214/296/20 215/297/20
f 215/297/21 209/298/21 216/295/21
f 213/299/23 211/300/23 214/296/23
f 209/298/19 211/301/19 212/302/19
f 224/303/20 222/304/20 223/305/20
f 223/305/21 217/306/21 224/303/21
f 221/307/23 219/308/23 222/304/23
f 217/309/19 219/308/19 220/310/19
f 232/311/20 230/312/20 231/313/20
f 231/313/24 225/314/24 232/311/24
f 229/315/22 227/316/22 230/312/22
f 225/314/19 227/317/19 228/318/19
f 240/319/20 238/320/20 239/321/20
f 239/321/24 233/322/24 240/319/24
f 237/323/22 235/324/22 238/320/22
f 233/325/19 235/324/19 236/326/19
f 148/211/19 147/222/19 145/212/19
f 149/214/20 151/223/20 152/215/20
f 146/217/21 150/221/21 152/218/21
f 145/220/22 149/327/22 150/221/22
f 147/222/23 151/223/23 149/214/23
f 148/219/24 152/218/24 151/223/24
f 156/224/19 155/235/19 153/225/19
f 157/227/20 159/236/20 160/228/20
f 154/230/21 158/234/21 160/231/21
f 153/233/22 157/328/22 158/234/22
f 155/235/23 159/236/23 157/227/23
f 156/232/24 160/231/24 159/236/24
f 164/237/19 163/248/19 161/238/19
f 165/240/20 167/249/20 168/241/20
f 162/243/21 166/247/21 168/244/21
f 161/246/22 165/329/22 166/247/22
f 163/248/23 167/249/23 165/240/23
f 164/245/24 168/244/24 167/249/24
f 172/250/19 171/261/19 169/251/19
f 173/253/20 175/262/20 176/254/20
f 170/256/21 174/260/21 176/257/21
f 169/259/22 173/330/22 174/260/22
f 171/261/23 175/262/23 173/253/23
f 172/258/24 176/257/24 175/262/24
f 184/263/21 181/267/21 182/264/21
f 183/265/24 178/331/24 177/266/24
f 181/267/22 180/332/22 179/268/22
f 177/266/23 178/331/23 179/269/23
f 192/271/21 189/275/21 190/272/21
f 191/273/24 186/333/24 185/274/24
f 189/275/22 188/278/22 187/276/22
f 185/277/23 186/334/23 187/276/23
f 200/279/23 197/283/23 198/280/23
f 199/281/24 194/335/24 193/282/24
f 197/283/22 196/336/22 195/284/22
f 193/282/21 194/335/21 195/285/21
f 208/287/23 205/291/23 206/288/23
f 207/289/24 202/337/24 201/290/24
f 205/291/22 204/294/22 203/292/22
f 201/293/21 202/338/21 203/292/21
f 216/295/20 213/299/20 214/296/20
f 215/297/21 210/339/21 209/298/21
f 213/299/23 212/340/23 211/300/23
f 209/298/19 210/339/19 211/301/19
f 224/303/20 221/307/20 222/304/20
f 223/305/21 218/341/21 217/306/21
f 221/307/23 220/310/23 219/308/23
f 217/309/19 218/342/19 219/308/19
f 232/311/20 229/315/20 230/312/20
f 231/313/24 226/343/24 225/314/24
f 229/315/22 228/344/22 227/316/22
f 225/314/19 226/343/19 227/317/19
f 240/319/20 237/323/20 238/320/20
f 239/321/24 234/345/24 233/322/24
f 237/323/22 236/326/22 235/324/22
f 233/325/19 234/346/19 235/324/19
