mtllib chemical_plant_base.mtl
usemtl material
o Base
v 1.500000 0.125000 1.250000
v 1.500000 0.125000 -1.250000
v 1.375000 0.125000 -1.250000
v 1.375000 0.125000 1.250000
v 1.375000 0.000000 1.250000
v 1.375000 0.000000 -1.250000
v 1.500000 0.000000 -1.250000
v 1.500000 0.000000 1.250000
v 1.500000 0.000000 1.500000
v 1.250000 0.000000 1.500000
v 1.500000 0.000000 1.250000
v 1.250000 0.000000 1.250000
v 1.500000 0.250000 1.500000
v 1.250000 0.250000 1.500000
v 1.500000 0.250000 1.250000
v 1.250000 0.250000 1.250000
v 1.500000 0.000000 -1.250000
v 1.250000 0.000000 -1.250000
v 1.500000 0.000000 -1.500000
v 1.250000 0.000000 -1.500000
v 1.500000 0.250000 -1.250000
v 1.250000 0.250000 -1.250000
v 1.500000 0.250000 -1.500000
v 1.250000 0.250000 -1.500000
v -1.250000 0.000000 1.500000
v -1.500000 0.000000 1.500000
v -1.250000 0.000000 1.250000
v -1.500000 0.000000 1.250000
v -1.250000 0.250000 1.500000
v -1.500000 0.250000 1.500000
v -1.250000 0.250000 1.250000
v -1.500000 0.250000 1.250000
v -1.250000 0.000000 -1.250000
v -1.500000 0.000000 -1.250000
v -1.250000 0.000000 -1.500000
v -1.500000 0.000000 -1.500000
v -1.250000 0.250000 -1.250000
v -1.500000 0.250000 -1.250000
v -1.250000 0.250000 -1.500000
v -1.500000 0.250000 -1.500000
v -1.375000 0.125000 1.250000
v -1.375000 0.125000 -1.250000
v -1.500000 0.125000 -1.250000
v -1.500000 0.125000 1.250000
v -1.500000 0.000000 1.250000
v -1.500000 0.000000 -1.250000
v -1.375000 0.000000 -1.250000
v -1.375000 0.000000 1.250000
v 1.250000 0.125000 -1.500000
v -1.250000 0.125000 -1.500000
v -1.250000 0.125000 -1.375000
v 1.250000 0.125000 -1.375000
v 1.250000 0.000000 -1.375000
v -1.250000 0.000000 -1.375000
v -1.250000 0.000000 -1.500000
v 1.250000 0.000000 -1.500000
v 1.250000 0.125000 1.375000
v -1.250000 0.125000 1.375000
v -1.250000 0.125000 1.500000
v 1.250000 0.125000 1.500000
v 1.250000 0.000000 1.500000
v -1.250000 0.000000 1.500000
v -1.250000 0.000000 1.375000
v 1.250000 0.000000 1.375000
v 1.500000 0.312500 -0.187500
v 1.500000 0.312500 0.187500
v 1.500000 0.687500 -0.187500
v 1.500000 0.687500 0.187500
v 1.375000 0.375000 -0.125000
v 1.375000 0.375000 0.125000
v 1.375000 0.625000 -0.125000
v 1.375000 0.625000 0.125000
v 1.375000 0.687500 -0.187500
v 1.375000 0.312500 -0.187500
v 1.375000 0.312500 0.187500
v 1.375000 0.687500 0.187500
v -1.000000 0.750000 0.500000
v -1.250000 0.750000 0.566987
v -1.433013 0.750000 0.750000
v -1.500000 0.750000 1.000000
v -1.433013 0.750000 1.250000
v -1.250000 0.750000 1.433013
v -1.000000 0.750000 1.500000
v -0.750000 0.750000 1.433013
v -0.566987 0.750000 1.250000
v -0.500000 0.750000 1.000000
v -0.566987 0.750000 0.750000
v -0.750000 0.750000 0.566988
v -1.250000 2.500000 0.566987
v -1.000000 2.500000 0.500000
v -1.433013 2.500000 0.750000
v -1.500000 2.500000 1.000000
v -1.433013 2.500000 1.250000
v -1.250000 2.500000 1.433013
v -1.000000 2.500000 1.500000
v -0.750000 2.500000 1.433013
v -0.566987 2.500000 1.250000
v -0.500000 2.500000 1.000000
v -0.566987 2.500000 0.750000
v -0.750000 2.500000 0.566988
v -1.000000 0.750000 -0.500000
v -1.250000 0.750000 -0.433013
v -1.433013 0.750000 -0.250000
v -1.500000 0.750000 0.000000
v -1.433013 0.750000 0.250000
v -1.250000 0.750000 0.433013
v -1.000000 0.750000 0.500000
v -0.750000 0.750000 0.433013
v -0.566987 0.750000 0.250000
v -0.500000 0.750000 0.000000
v -0.566987 0.750000 -0.250000
v -0.750000 0.750000 -0.433012
v -1.250000 2.500000 -0.433013
v -1.000000 2.500000 -0.500000
v -1.433013 2.500000 -0.250000
v -1.500000 2.500000 0.000000
v -1.433013 2.500000 0.250000
v -1.250000 2.500000 0.433013
v -1.000000 2.500000 0.500000
v -0.750000 2.500000 0.433013
v -0.566987 2.500000 0.250000
v -0.500000 2.500000 0.000000
v -0.566987 2.500000 -0.250000
v -0.750000 2.500000 -0.433012
v -1.250000 0.750000 -0.500000
v 1.250000 0.750000 -0.500000
v -1.250000 0.750000 -1.500000
v 1.250000 0.750000 -1.500000
v -1.250000 1.500000 -1.500000
v -1.250000 1.500000 -0.500000
v 1.250000 1.500000 -0.500000
v 1.250000 1.500000 -1.500000
v -1.000000 1.750000 -1.500000
v -1.000000 1.750000 -0.500000
v 1.000000 1.750000 -0.500000
v 1.000000 1.750000 -1.500000
v -1.250000 0.750000 1.250000
v -0.750000 0.750000 1.250000
v -1.250000 0.750000 0.750000
v -0.750000 0.750000 0.750000
v -1.250000 0.250000 1.250000
v -0.750000 0.250000 1.250000
v -1.250000 0.250000 0.750000
v -0.750000 0.250000 0.750000
v -1.250000 0.750000 0.250000
v -0.750000 0.750000 0.250000
v -1.250000 0.750000 -0.250000
v -0.750000 0.750000 -0.250000
v -1.250000 0.250000 0.250000
v -0.750000 0.250000 0.250000
v -1.250000 0.250000 -0.250000
v -0.750000 0.250000 -0.250000
v -1.250000 0.750000 -0.750000
v 1.250000 0.750000 -0.750000
v -1.250000 0.750000 -1.250000
v 1.250000 0.750000 -1.250000
v -1.250000 0.250000 -0.750000
v 1.250000 0.250000 -0.750000
v -1.250000 0.250000 -1.250000
v 1.250000 0.250000 -1.250000
v -0.750000 1.750000 -0.625000
v 0.750000 1.750000 -0.625000
v -0.750000 1.750000 -1.375000
v 0.750000 1.750000 -1.375000
v -0.750000 2.000000 -1.375000
v -0.750000 2.000000 -0.625000
v 0.750000 2.000000 -0.625000
v 0.750000 2.000000 -1.375000
v -0.625000 2.000000 -0.968750
v 0.625000 2.000000 -0.968750
v -0.625000 2.000000 -1.031250
v 0.625000 2.000000 -1.031250
v -0.625000 2.250000 -1.031250
v -0.625000 2.250000 -0.968750
v 0.625000 2.250000 -0.968750
v 0.625000 2.250000 -1.031250
v -0.625000 2.000000 -1.093750
v 0.625000 2.000000 -1.093750
v -0.625000 2.000000 -1.156250
v 0.625000 2.000000 -1.156250
v -0.625000 2.250000 -1.156250
v -0.625000 2.250000 -1.093750
v 0.625000 2.250000 -1.093750
v 0.625000 2.250000 -1.156250
v -0.625000 2.000000 -1.218750
v 0.625000 2.000000 -1.218750
v -0.625000 2.000000 -1.281250
v 0.625000 2.000000 -1.281250
v -0.625000 2.250000 -1.281250
v -0.625000 2.250000 -1.218750
v 0.625000 2.250000 -1.218750
v 0.625000 2.250000 -1.281250
v -0.625000 2.000000 -0.718750
v 0.625000 2.000000 -0.718750
v -0.625000 2.000000 -0.781250
v 0.625000 2.000000 -0.781250
v -0.625000 2.250000 -0.781250
v -0.625000 2.250000 -0.718750
v 0.625000 2.250000 -0.718750
v 0.625000 2.250000 -0.781250
v -0.625000 2.000000 -0.843750
v 0.625000 2.000000 -0.843750
v -0.625000 2.000000 -0.906250
v 0.625000 2.000000 -0.906250
v -0.625000 2.250000 -0.906250
v -0.625000 2.250000 -0.843750
v 0.625000 2.250000 -0.843750
v 0.625000 2.250000 -0.906250
v -1.250000 2.500000 1.125000
v -0.750000 2.500000 1.125000
v -1.250000 2.500000 0.875000
v -0.750000 2.500000 0.875000
v -1.250000 3.000000 0.875000
v -1.250000 3.000000 1.125000
v -0.750000 3.000000 1.125000
v -0.750000 3.000000 0.875000
v -1.250000 2.500000 0.125000
v -0.750000 2.500000 0.125000
v -1.250000 2.500000 -0.125000
v -0.750000 2.500000 -0.125000
v -1.250000 3.000000 -0.125000
v -1.250000 3.000000 0.125000
v -0.750000 3.000000 0.125000
v -0.750000 3.000000 -0.125000
v -1.125000 2.875000 0.875000
v -1.125000 2.875000 0.125000
v -0.875000 2.875000 0.125000
v -0.875000 2.875000 0.875000
v -0.786612 2.838388 0.125000
v -0.786612 2.838388 0.875000
v -0.750000 2.750000 0.125000
v -0.750000 2.750000 0.875000
v -0.786612 2.661612 0.125000
v -0.786612 2.661612 0.875000
v -0.875000 2.625000 0.125000
v -0.875000 2.625000 0.875000
v -0.963388 2.661612 0.125000
v -0.963388 2.661612 0.875000
v -1.000000 2.750000 0.125000
v -1.000000 2.750000 0.875000
v -0.963388 2.838388 0.125000
v -0.963388 2.838388 0.875000
v -1.036612 2.838388 0.125000
v -1.036612 2.838388 0.875000
v -1.000000 2.750000 0.125000
v -1.000000 2.750000 0.875000
v -1.036612 2.661612 0.125000
v -1.036612 2.661612 0.875000
v -1.125000 2.625000 0.125000
v -1.125000 2.625000 0.875000
v -1.213388 2.661612 0.125000
v -1.213388 2.661612 0.875000
v -1.250000 2.750000 0.125000
v -1.250000 2.750000 0.875000
v -1.213388 2.838388 0.125000
v -1.213388 2.838388 0.875000
v -0.875000 2.875000 -0.125000
v -0.786612 2.838388 -0.125000
v -0.750000 2.750000 -0.125000
v -0.786612 2.661612 -0.125000
v -0.875000 2.625000 -0.125000
v -0.963388 2.661612 -0.125000
v -1.000000 2.750000 -0.125000
v -0.963388 2.838388 -0.125000
v -0.875000 2.875000 -0.750000
v -0.786612 2.838388 -0.750000
v -0.750000 2.750000 -0.750000
v -0.786612 2.661612 -0.750000
v -0.875000 2.625000 -0.750000
v -0.963388 2.661612 -0.750000
v -1.000000 2.750000 -0.750000
v -0.963388 2.838388 -0.750000
v -0.875000 2.801777 -0.926777
v -0.786612 2.775888 -0.900888
v -0.750000 2.713388 -0.838388
v -0.786612 2.650888 -0.775888
v -0.963388 2.650888 -0.775888
v -1.000000 2.713388 -0.838388
v -0.963388 2.775888 -0.900888
v -0.875000 2.625000 -1.000000
v -0.786612 2.625000 -0.963388
v -0.750000 2.625000 -0.875000
v -0.786612 2.625000 -0.786612
v -0.963388 2.625000 -0.786612
v -1.000000 2.625000 -0.875000
v -0.963388 2.625000 -0.963388
v -0.875000 2.000000 -0.750000
v -0.875000 2.000000 -1.000000
v -0.786612 2.000000 -0.963388
v -0.750000 2.000000 -0.875000
v -0.786612 2.000000 -0.786612
v -0.963388 2.000000 -0.786612
v -1.000000 2.000000 -0.875000
v -0.963388 2.000000 -0.963388
v -0.838388 1.911612 -0.750000
v -0.838388 1.911612 -1.000000
v -0.775888 1.974112 -0.963388
v -0.775888 1.974112 -0.786612
v -0.900888 1.849112 -0.786612
v -0.926777 1.823223 -0.875000
v -0.900888 1.849112 -0.963388
v -0.750000 1.875000 -0.750000
v -0.750000 1.875000 -1.000000
v -0.750000 1.963388 -0.963388
v -0.750000 1.963388 -0.786612
v -0.750000 1.786612 -0.786612
v -0.750000 1.750000 -0.875000
v -0.750000 1.786612 -0.963388
v -1.125000 2.875000 -0.125000
v -1.036612 2.838388 -0.125000
v -1.000000 2.750000 -0.125000
v -1.036612 2.661612 -0.125000
v -1.125000 2.625000 -0.125000
v -1.213388 2.661612 -0.125000
v -1.250000 2.750000 -0.125000
v -1.213388 2.838388 -0.125000
v -1.125000 2.875000 -1.000000
v -1.036612 2.838388 -1.000000
v -1.000000 2.750000 -1.000000
v -1.036612 2.661612 -1.000000
v -1.125000 2.625000 -1.000000
v -1.213388 2.661612 -1.000000
v -1.250000 2.750000 -1.000000
v -1.213388 2.838388 -1.000000
v -1.125000 2.801777 -1.176777
v -1.036612 2.775888 -1.150888
v -1.000000 2.713388 -1.088388
v -1.036612 2.650888 -1.025888
v -1.213388 2.650888 -1.025888
v -1.250000 2.713388 -1.088388
v -1.213388 2.775888 -1.150888
v -1.125000 2.625000 -1.250000
v -1.036612 2.625000 -1.213388
v -1.000000 2.625000 -1.125000
v -1.036612 2.625000 -1.036612
v -1.213388 2.625000 -1.036612
v -1.250000 2.625000 -1.125000
v -1.213388 2.625000 -1.213388
v -1.125000 2.000000 -1.000000
v -1.125000 2.000000 -1.250000
v -1.036612 2.000000 -1.213388
v -1.000000 2.000000 -1.125000
v -1.036612 2.000000 -1.036612
v -1.213388 2.000000 -1.036612
v -1.250000 2.000000 -1.125000
v -1.213388 2.000000 -1.213388
v -1.088388 1.911612 -1.000000
v -1.088388 1.911612 -1.250000
v -1.025888 1.974112 -1.213388
v -1.025888 1.974112 -1.036612
v -1.150888 1.849112 -1.036612
v -1.176777 1.823223 -1.125000
v -1.150888 1.849112 -1.213388
v -1.000000 1.875000 -1.000000
v -1.000000 1.875000 -1.250000
v -1.000000 1.963388 -1.213388
v -1.000000 1.963388 -1.036612
v -1.000000 1.786612 -1.036612
v -1.000000 1.750000 -1.125000
v -1.000000 1.786612 -1.213388
v -0.750000 2.000000 -1.125000
v -0.750000 1.875000 -1.000000
v -0.750000 1.875000 -1.250000
v -0.750000 1.963388 -1.213388
v -0.750000 1.963388 -1.036612
v -0.750000 1.786612 -1.036612
v -0.750000 1.750000 -1.125000
v -0.750000 1.786612 -1.213388
v 0.875000 0.125000 1.500000
v 1.125000 0.125000 1.500000
v 0.875000 0.125000 -1.500000
v 1.125000 0.125000 -1.500000
v 0.875000 0.250000 -1.500000
v 0.875000 0.250000 1.500000
v 1.125000 0.250000 1.500000
v 1.125000 0.250000 -1.500000
v 0.500000 0.750000 -0.500000
v 0.117317 0.750000 -0.423880
v -0.207107 0.750000 -0.207107
v -0.423880 0.750000 0.117316
v -0.500000 0.750000 0.500000
v -0.423880 0.750000 0.882684
v -0.207107 0.750000 1.207107
v 0.117317 0.750000 1.423880
v 0.500000 0.750000 1.500000
v 0.882683 0.750000 1.423880
v 1.207107 0.750000 1.207107
v 1.423880 0.750000 0.882684
v 1.500000 0.750000 0.500000
v 1.423879 0.750000 0.117316
v 1.207107 0.750000 -0.207107
v 0.882683 0.750000 -0.423880
v -0.250000 0.250000 1.250000
v 1.250000 0.250000 1.250000
v -0.250000 0.250000 -0.250000
v 1.250000 0.250000 -0.250000
v -0.250000 0.750000 -0.250000
v -0.250000 0.750000 1.250000
v 1.250000 0.750000 1.250000
v 1.250000 0.750000 -0.250000
v 0.117317 1.750000 -0.423880
v 0.500000 1.750000 -0.500000
v -0.207107 1.750000 -0.207107
v -0.423880 1.750000 0.117316
v -0.500000 1.750000 0.500000
v -0.423880 1.750000 0.882684
v -0.207107 1.750000 1.207107
v 0.117317 1.750000 1.423880
v 0.500000 1.750000 1.500000
v 0.882683 1.750000 1.423880
v 1.207107 1.750000 1.207107
v 1.423880 1.750000 0.882684
v 1.500000 1.750000 0.500000
v 1.423879 1.750000 0.117316
v 1.207107 1.750000 -0.207107
v 0.882683 1.750000 -0.423880
v 0.308658 2.250000 0.038060
v 0.500000 2.250000 0.000000
v 0.146447 2.250000 0.146447
v 0.038060 2.250000 0.308659
v -0.000000 2.250000 0.500000
v 0.038060 2.250000 0.691342
v 0.146447 2.250000 0.853553
v 0.308658 2.250000 0.961940
v 0.500000 2.250000 1.000000
v 0.691342 2.250000 0.961940
v 0.853553 2.250000 0.853554
v 0.961940 2.250000 0.691342
v 1.000000 2.250000 0.500000
v 0.961940 2.250000 0.308658
v 0.853553 2.250000 0.146446
v 0.691341 2.250000 0.038060
v 0.308658 2.750000 0.038060
v 0.500000 2.750000 0.000000
v 0.146446 2.750000 0.146447
v 0.038060 2.750000 0.308659
v -0.000000 2.750000 0.500000
v 0.038060 2.750000 0.691342
v 0.146446 2.750000 0.853553
v 0.308658 2.750000 0.961940
v 0.500000 2.750000 1.000000
v 0.691341 2.750000 0.961940
v 0.853553 2.750000 0.853554
v 0.961940 2.750000 0.691342
v 1.000000 2.750000 0.500000
v 0.961940 2.750000 0.308658
v 0.853553 2.750000 0.146446
v 0.691341 2.750000 0.038060
v 0.875000 2.750000 0.500000
v 0.786612 2.713388 0.500000
v 0.750000 2.625000 0.500000
v 0.786612 2.536612 0.500000
v 0.875000 2.500000 0.500000
v 0.963388 2.536612 0.500000
v 1.000000 2.625000 0.500000
v 0.963388 2.713388 0.500000
v 0.875000 2.750000 -1.000000
v 0.786612 2.713388 -1.000000
v 0.750000 2.625000 -1.000000
v 0.786612 2.536612 -1.000000
v 0.875000 2.500000 -1.000000
v 0.963388 2.536612 -1.000000
v 1.000000 2.625000 -1.000000
v 0.963388 2.713388 -1.000000
v 0.875000 2.676777 -1.176777
v 0.786612 2.650888 -1.150888
v 0.750000 2.588388 -1.088388
v 0.786612 2.525888 -1.025888
v 0.963388 2.525888 -1.025888
v 1.000000 2.588388 -1.088388
v 0.963388 2.650888 -1.150888
v 0.875000 2.500000 -1.250000
v 0.786612 2.500000 -1.213388
v 0.750000 2.500000 -1.125000
v 0.786612 2.500000 -1.036612
v 0.963388 2.500000 -1.036612
v 1.000000 2.500000 -1.125000
v 0.963388 2.500000 -1.213388
v 0.875000 2.000000 -1.000000
v 0.875000 2.000000 -1.250000
v 0.786612 2.000000 -1.213388
v 0.750000 2.000000 -1.125000
v 0.786612 2.000000 -1.036612
v 0.963388 2.000000 -1.036612
v 1.000000 2.000000 -1.125000
v 0.963388 2.000000 -1.213388
v 0.838388 1.911612 -1.000000
v 0.838388 1.911612 -1.250000
v 0.775888 1.974112 -1.213388
v 0.775888 1.974112 -1.036612
v 0.900888 1.849112 -1.036612
v 0.926777 1.823223 -1.125000
v 0.900888 1.849112 -1.213388
v 0.750000 1.875000 -1.000000
v 0.750000 1.875000 -1.250000
v 0.750000 1.963388 -1.213388
v 0.750000 1.963388 -1.036612
v 0.750000 1.786612 -1.036612
v 0.750000 1.750000 -1.125000
v 0.750000 1.786612 -1.213388
v 0.875000 2.500000 0.500000
v 0.786612 2.463388 0.500000
v 0.750000 2.375000 0.500000
v 0.786612 2.286612 0.500000
v 0.875000 2.250000 0.500000
v 0.963388 2.286612 0.500000
v 1.000000 2.375000 0.500000
v 0.963388 2.463388 0.500000
v 0.875000 2.500000 -0.750000
v 0.786612 2.463388 -0.750000
v 0.750000 2.375000 -0.750000
v 0.786612 2.286612 -0.750000
v 0.875000 2.250000 -0.750000
v 0.963388 2.286612 -0.750000
v 1.000000 2.375000 -0.750000
v 0.963388 2.463388 -0.750000
v 0.875000 2.426777 -0.926777
v 0.786612 2.400888 -0.900888
v 0.750000 2.338388 -0.838388
v 0.786612 2.275888 -0.775888
v 0.963388 2.275888 -0.775888
v 1.000000 2.338388 -0.838388
v 0.963388 2.400888 -0.900888
v 0.875000 2.250000 -1.000000
v 0.786612 2.250000 -0.963388
v 0.750000 2.250000 -0.875000
v 0.786612 2.250000 -0.786612
v 0.963388 2.250000 -0.786612
v 1.000000 2.250000 -0.875000
v 0.963388 2.250000 -0.963388
v 0.875000 2.000000 -0.750000
v 0.875000 2.000000 -1.000000
v 0.786612 2.000000 -0.963388
v 0.750000 2.000000 -0.875000
v 0.786612 2.000000 -0.786612
v 0.963388 2.000000 -0.786612
v 1.000000 2.000000 -0.875000
v 0.963388 2.000000 -0.963388
v 0.838388 1.911612 -0.750000
v 0.838388 1.911612 -1.000000
v 0.775888 1.974112 -0.963388
v 0.775888 1.974112 -0.786612
v 0.900888 1.849112 -0.786612
v 0.926777 1.823223 -0.875000
v 0.900888 1.849112 -0.963388
v 0.750000 1.875000 -0.750000
v 0.750000 1.875000 -1.000000
v 0.750000 1.963388 -0.963388
v 0.750000 1.963388 -0.786612
v 0.750000 1.786612 -0.786612
v 0.750000 1.750000 -0.875000
v 0.750000 1.786612 -0.963388
v -0.750000 2.750000 -0.125000
v -0.750000 2.838388 -0.088388
v -0.750000 2.875000 0.000000
v -0.750000 2.838388 0.088388
v -0.750000 2.750000 0.125000
v -0.750000 2.661612 0.088388
v -0.750000 2.625000 0.000000
v -0.750000 2.661612 -0.088388
v 0.375000 2.750000 -0.125000
v 0.375000 2.838388 -0.088388
v 0.375000 2.875000 0.000000
v 0.375000 2.838388 0.088388
v 0.375000 2.750000 0.125000
v 0.375000 2.661612 0.088388
v 0.375000 2.625000 0.000000
v 0.375000 2.661612 -0.088388
v 0.551777 2.750000 -0.051777
v 0.525888 2.838388 -0.025888
v 0.463388 2.875000 0.036612
v 0.400888 2.838388 0.099112
v 0.400888 2.661612 0.099112
v 0.463388 2.625000 0.036612
v 0.525888 2.661612 -0.025888
v 0.625000 2.750000 0.125000
v 0.588388 2.838388 0.125000
v 0.500000 2.875000 0.125000
v 0.411612 2.838388 0.125000
v 0.411612 2.661612 0.125000
v 0.500000 2.625000 0.125000
v 0.588388 2.661612 0.125000
v 0.356494 3.000000 0.153545
v 0.500000 3.000000 0.125000
v 0.234835 3.000000 0.234835
v 0.153545 3.000000 0.356494
v 0.125000 3.000000 0.500000
v 0.153545 3.000000 0.643506
v 0.234835 3.000000 0.765165
v 0.356494 3.000000 0.846455
v 0.500000 3.000000 0.875000
v 0.643506 3.000000 0.846455
v 0.765165 3.000000 0.765165
v 0.846455 3.000000 0.643506
v 0.875000 3.000000 0.500000
v 0.846455 3.000000 0.356494
v 0.765165 3.000000 0.234835
v 0.643506 3.000000 0.153545
v -0.750000 2.750000 1.125000
v -0.750000 2.838388 1.088388
v -0.750000 2.875000 1.000000
v -0.750000 2.838388 0.911612
v -0.750000 2.750000 0.875000
v -0.750000 2.661612 0.911612
v -0.750000 2.625000 1.000000
v -0.750000 2.661612 1.088388
v 0.375000 2.750000 1.125000
v 0.375000 2.838388 1.088388
v 0.375000 2.875000 1.000000
v 0.375000 2.838388 0.911612
v 0.375000 2.750000 0.875000
v 0.375000 2.661612 0.911612
v 0.375000 2.625000 1.000000
v 0.375000 2.661612 1.088388
v 0.551777 2.750000 1.051777
v 0.525888 2.838388 1.025888
v 0.463388 2.875000 0.963388
v 0.400888 2.838388 0.900888
v 0.400888 2.661612 0.900888
v 0.463388 2.625000 0.963388
v 0.525888 2.661612 1.025888
v 0.625000 2.750000 0.875000
v 0.588388 2.838388 0.875000
v 0.500000 2.875000 0.875000
v 0.411612 2.838388 0.875000
v 0.411612 2.661612 0.875000
v 0.500000 2.625000 0.875000
v 0.588388 2.661612 0.875000
v 0.500000 0.875000 -0.375000
v 0.165152 0.875000 -0.308394
v -0.118718 0.875000 -0.118718
v -0.308395 0.875000 0.165152
v -0.375000 0.875000 0.500000
v -0.308395 0.875000 0.834848
v -0.118718 0.875000 1.118718
v 0.165152 0.875000 1.308394
v 0.500000 0.875000 1.375000
v 0.834848 0.875000 1.308394
v 1.118718 0.875000 1.118719
v 1.308395 0.875000 0.834848
v 1.375000 0.875000 0.500000
v 1.308394 0.875000 0.165152
v 1.118718 0.875000 -0.118719
v 0.834848 0.875000 -0.308395
v 0.165152 1.625000 -0.308394
v 0.500000 1.625000 -0.375000
v -0.118718 1.625000 -0.118718
v -0.308395 1.625000 0.165152
v -0.375000 1.625000 0.500000
v -0.308395 1.625000 0.834848
v -0.118718 1.625000 1.118718
v 0.165152 1.625000 1.308394
v 0.500000 1.625000 1.375000
v 0.834848 1.625000 1.308394
v 1.118718 1.625000 1.118719
v 1.308395 1.625000 0.834848
v 1.375000 1.625000 0.500000
v 1.308394 1.625000 0.165152
v 1.118718 1.625000 -0.118719
v 0.834848 1.625000 -0.308395
v -0.207107 1.000000 1.207107
v 0.117317 1.000000 1.423880
v 0.500000 1.000000 1.500000
v 0.882683 1.000000 1.423880
v 1.207107 1.000000 1.207107
v 1.423880 1.000000 0.882684
v 1.500000 1.000000 0.500000
v 1.423879 1.000000 0.117316
v 1.207107 1.000000 -0.207107
v -0.207107 1.500000 1.207107
v 0.117317 1.500000 1.423880
v 0.500000 1.500000 1.500000
v 0.882683 1.500000 1.423880
v 1.207107 1.500000 1.207107
v 1.423880 1.500000 0.882684
v 1.500000 1.500000 0.500000
v 1.423879 1.500000 0.117316
v 1.207107 1.500000 -0.207107
v -0.118718 1.000000 1.118718
v 0.165152 1.000000 1.308394
v 0.500000 1.000000 1.375000
v 0.834848 1.000000 1.308394
v 1.118718 1.000000 1.118719
v 1.308395 1.000000 0.834848
v 1.375000 1.000000 0.500000
v 1.308394 1.000000 0.165152
v 1.118718 1.000000 -0.118719
v -0.118718 1.500000 1.118718
v 0.165152 1.500000 1.308394
v 0.500000 1.500000 1.375000
v 0.834848 1.500000 1.308394
v 1.118718 1.500000 1.118719
v 1.308395 1.500000 0.834848
v 1.375000 1.500000 0.500000
v 1.308394 1.500000 0.165152
v 1.118718 1.500000 -0.118719
v 1.250000 0.625000 -0.125000
v 1.250000 0.375000 -0.125000
v 1.250000 0.375000 0.125000
v 1.250000 0.625000 0.125000
v -0.207107 1.000000 1.207107
v 0.117316 1.000000 1.423880
v 0.500000 1.000000 1.500000
v 0.882683 1.000000 1.423880
v 1.207107 1.000000 1.207107
v 1.423880 1.000000 0.882684
v 1.500000 1.000000 0.500000
v 1.423880 1.000000 0.117316
v 1.207107 1.000000 -0.207107
v -0.207107 1.500000 1.207107
v 0.117316 1.500000 1.423880
v 0.500000 1.500000 1.500000
v 0.882683 1.500000 1.423880
v 1.207107 1.500000 1.207107
v 1.423880 1.500000 0.882684
v 1.500000 1.500000 0.500000
v 1.423880 1.500000 0.117316
v 1.207107 1.500000 -0.207107
v -0.125000 0.125000 1.500000
v 0.125000 0.125000 1.500000
v -0.125000 0.125000 -1.500000
v 0.125000 0.125000 -1.500000
v -0.125000 0.250000 -1.500000
v -0.125000 0.250000 1.500000
v 0.125000 0.250000 1.500000
v 0.125000 0.250000 -1.500000
v -1.125000 0.125000 1.500000
v -0.875000 0.125000 1.500000
v -1.125000 0.125000 -1.500000
v -0.875000 0.125000 -1.500000
v -1.125000 0.250000 -1.500000
v -1.125000 0.250000 1.500000
v -0.875000 0.250000 1.500000
v -0.875000 0.250000 -1.500000
v 1.500000 0.312500 -1.187500
v 1.500000 0.312500 -0.812500
v 1.500000 0.687500 -1.187500
v 1.500000 0.687500 -0.812500
v 1.375000 0.375000 -1.125000
v 1.375000 0.375000 -0.875000
v 1.375000 0.625000 -1.125000
v 1.375000 0.625000 -0.875000
v 1.375000 0.687500 -1.187500
v 1.375000 0.312500 -1.187500
v 1.375000 0.312500 -0.812500
v 1.375000 0.687500 -0.812500
v 1.250000 0.625000 -1.125000
v 1.250000 0.375000 -1.125000
v 1.250000 0.375000 -0.875000
v 1.250000 0.625000 -0.875000
v 1.500000 0.312500 0.812500
v 1.500000 0.312500 1.187500
v 1.500000 0.687500 0.812500
v 1.500000 0.687500 1.187500
v 1.375000 0.375000 0.875000
v 1.375000 0.375000 1.125000
v 1.375000 0.625000 0.875000
v 1.375000 0.625000 1.125000
v 1.375000 0.687500 0.812500
v 1.375000 0.312500 0.812500
v 1.375000 0.312500 1.187500
v 1.375000 0.687500 1.187500
v 1.250000 0.625000 0.875000
v 1.250000 0.375000 0.875000
v 1.250000 0.375000 1.125000
v 1.250000 0.625000 1.125000
v -1.500000 0.312500 0.187500
v -1.500000 0.312500 -0.187500
v -1.500000 0.687500 0.187500
v -1.500000 0.687500 -0.187500
v -1.375000 0.375000 0.125000
v -1.375000 0.375000 -0.125000
v -1.375000 0.625000 0.125000
v -1.375000 0.625000 -0.125000
v -1.375000 0.687500 0.187500
v -1.375000 0.312500 0.187500
v -1.375000 0.312500 -0.187500
v -1.375000 0.687500 -0.187500
v -1.250000 0.625000 0.125000
v -1.250000 0.375000 0.125000
v -1.250000 0.375000 -0.125000
v -1.250000 0.625000 -0.125000
v -1.500000 0.312500 1.187500
v -1.500000 0.312500 0.812500
v -1.500000 0.687500 1.187500
v -1.500000 0.687500 0.812500
v -1.375000 0.375000 1.125000
v -1.375000 0.375000 0.875000
v -1.375000 0.625000 1.125000
v -1.375000 0.625000 0.875000
v -1.375000 0.687500 1.187500
v -1.375000 0.312500 1.187500
v -1.375000 0.312500 0.812500
v -1.375000 0.687500 0.812500
v -1.250000 0.625000 1.125000
v -1.250000 0.375000 1.125000
v -1.250000 0.375000 0.875000
v -1.250000 0.625000 0.875000
v -1.500000 0.312500 -0.812500
v -1.500000 0.312500 -1.187500
v -1.500000 0.687500 -0.812500
v -1.500000 0.687500 -1.187500
v -1.375000 0.375000 -0.875000
v -1.375000 0.375000 -1.125000
v -1.375000 0.625000 -0.875000
v -1.375000 0.625000 -1.125000
v -1.375000 0.687500 -0.812500
v -1.375000 0.312500 -0.812500
v -1.375000 0.312500 -1.187500
v -1.375000 0.687500 -1.187500
v -1.250000 0.625000 -0.875000
v -1.250000 0.375000 -0.875000
v -1.250000 0.375000 -1.125000
v -1.250000 0.625000 -1.125000
v -0.187500 0.312500 -1.500000
v 0.187500 0.312500 -1.500000
v -0.187500 0.687500 -1.500000
v 0.187500 0.687500 -1.500000
v -0.125000 0.375000 -1.375000
v 0.125000 0.375000 -1.375000
v -0.125000 0.625000 -1.375000
v 0.125000 0.625000 -1.375000
v -0.187500 0.687500 -1.375000
v -0.187500 0.312500 -1.375000
v 0.187500 0.312500 -1.375000
v 0.187500 0.687500 -1.375000
v -0.125000 0.625000 -1.250000
v -0.125000 0.375000 -1.250000
v 0.125000 0.375000 -1.250000
v 0.125000 0.625000 -1.250000
v -1.187500 0.312500 -1.500000
v -0.812500 0.312500 -1.500000
v -1.187500 0.687500 -1.500000
v -0.812500 0.687500 -1.500000
v -1.125000 0.375000 -1.375000
v -0.875000 0.375000 -1.375000
v -1.125000 0.625000 -1.375000
v -0.875000 0.625000 -1.375000
v -1.187500 0.687500 -1.375000
v -1.187500 0.312500 -1.375000
v -0.812500 0.312500 -1.375000
v -0.812500 0.687500 -1.375000
v -1.125000 0.625000 -1.250000
v -1.125000 0.375000 -1.250000
v -0.875000 0.375000 -1.250000
v -0.875000 0.625000 -1.250000
v 0.812500 0.312500 -1.500000
v 1.187500 0.312500 -1.500000
v 0.812500 0.687500 -1.500000
v 1.187500 0.687500 -1.500000
v 0.875000 0.375000 -1.375000
v 1.125000 0.375000 -1.375000
v 0.875000 0.625000 -1.375000
v 1.125000 0.625000 -1.375000
v 0.812500 0.687500 -1.375000
v 0.812500 0.312500 -1.375000
v 1.187500 0.312500 -1.375000
v 1.187500 0.687500 -1.375000
v 0.875000 0.625000 -1.250000
v 0.875000 0.375000 -1.250000
v 1.125000 0.375000 -1.250000
v 1.125000 0.625000 -1.250000
v 0.187500 0.312500 1.500000
v -0.187500 0.312500 1.500000
v 0.187500 0.687500 1.500000
v -0.187500 0.687500 1.500000
v 0.125000 0.375000 1.375000
v -0.125000 0.375000 1.375000
v 0.125000 0.625000 1.375000
v -0.125000 0.625000 1.375000
v 0.187500 0.687500 1.375000
v 0.187500 0.312500 1.375000
v -0.187500 0.312500 1.375000
v -0.187500 0.687500 1.375000
v 0.125000 0.625000 1.250000
v 0.125000 0.375000 1.250000
v -0.125000 0.375000 1.250000
v -0.125000 0.625000 1.250000
v 1.187500 0.312500 1.500000
v 0.812500 0.312500 1.500000
v 1.187500 0.687500 1.500000
v 0.812500 0.687500 1.500000
v 1.125000 0.375000 1.375000
v 0.875000 0.375000 1.375000
v 1.125000 0.625000 1.375000
v 0.875000 0.625000 1.375000
v 1.187500 0.687500 1.375000
v 1.187500 0.312500 1.375000
v 0.812500 0.312500 1.375000
v 0.812500 0.687500 1.375000
v 1.125000 0.625000 1.250000
v 1.125000 0.375000 1.250000
v 0.875000 0.375000 1.250000
v 0.875000 0.625000 1.250000
v -0.812500 0.312500 1.500000
v -1.187500 0.312500 1.500000
v -0.812500 0.687500 1.500000
v -1.187500 0.687500 1.500000
v -0.875000 0.375000 1.375000
v -1.125000 0.375000 1.375000
v -0.875000 0.625000 1.375000
v -1.125000 0.625000 1.375000
v -0.812500 0.687500 1.375000
v -0.812500 0.312500 1.375000
v -1.187500 0.312500 1.375000
v -1.187500 0.687500 1.375000
v -0.875000 0.625000 1.250000
v -0.875000 0.375000 1.250000
v -1.125000 0.375000 1.250000
v -1.125000 0.625000 1.250000
vt 0.394231 0.714286
vt 0.375000 0.742857
vt 0.375000 0.714286
vt 0.375000 0.771429
vt 0.394231 0.800000
vt 0.375000 0.800000
vt 0.432692 0.742857
vt 0.413462 0.771429
vt 0.413462 0.742857
vt 0.451923 0.742857
vt 0.432692 0.771429
vt 0.394231 0.742857
vt 0.394231 0.771429
vt 0.394231 0.714286
vt 0.375000 0.742857
vt 0.375000 0.714286
vt 0.375000 0.771429
vt 0.394231 0.800000
vt 0.375000 0.800000
vt 0.432692 0.742857
vt 0.413462 0.771429
vt 0.413462 0.742857
vt 0.451923 0.742857
vt 0.432692 0.771429
vt 0.394231 0.742857
vt 0.394231 0.771429
vt 0.394231 0.714286
vt 0.375000 0.742857
vt 0.375000 0.714286
vt 0.375000 0.771429
vt 0.394231 0.800000
vt 0.375000 0.800000
vt 0.432692 0.742857
vt 0.413462 0.771429
vt 0.413462 0.742857
vt 0.451923 0.742857
vt 0.432692 0.771429
vt 0.394231 0.742857
vt 0.394231 0.771429
vt 0.394231 0.714286
vt 0.375000 0.742857
vt 0.375000 0.714286
vt 0.375000 0.771429
vt 0.394231 0.800000
vt 0.375000 0.800000
vt 0.432692 0.742857
vt 0.413462 0.771429
vt 0.413462 0.742857
vt 0.451923 0.742857
vt 0.432692 0.771429
vt 0.394231 0.742857
vt 0.394231 0.771429
vt 0.250000 0.828571
vt 0.442308 0.814286
vt 0.442308 0.828571
vt 0.250000 0.842857
vt 0.250000 0.814286
vt 0.442308 0.800000
vt 0.442308 0.857143
vt 0.250000 0.857143
vt 0.442308 0.814286
vt 0.250000 0.828571
vt 0.250000 0.814286
vt 0.442308 0.800000
vt 0.442308 0.828571
vt 0.250000 0.842857
vt 0.442308 0.857143
vt 0.442308 0.842857
vt 0.250000 0.828571
vt 0.442308 0.814286
vt 0.442308 0.828571
vt 0.250000 0.842857
vt 0.250000 0.814286
vt 0.442308 0.800000
vt 0.442308 0.857143
vt 0.250000 0.857143
vt 0.442308 0.814286
vt 0.250000 0.828571
vt 0.250000 0.814286
vt 0.442308 0.800000
vt 0.442308 0.828571
vt 0.250000 0.842857
vt 0.442308 0.857143
vt 0.442308 0.842857
vt 0.706731 0.621429
vt 0.677885 0.578571
vt 0.706731 0.578571
vt 0.716346 0.621429
vt 0.677885 0.635714
vt 0.677885 0.621429
vt 0.706731 0.564286
vt 0.668269 0.578571
vt 0.721154 0.614286
vt 0.716346 0.578571
vt 0.721154 0.585714
vt 0.701923 0.557143
vt 0.677885 0.564286
vt 0.682692 0.557143
vt 0.663462 0.585714
vt 0.668269 0.621429
vt 0.663462 0.614286
vt 0.682692 0.642857
vt 0.706731 0.635714
vt 0.701923 0.642857
vt 0.076917 0.257143
vt 0.096151 0.207648
vt 0.134618 0.207648
vt 0.019228 0.306638
vt -0.000006 0.257143
vt 0.019228 0.207648
vt 0.307686 0.257143
vt 0.326920 0.207648
vt 0.365388 0.207648
vt 0.249997 0.306638
vt 0.230763 0.257143
vt 0.249997 0.207648
vt 0.730769 0.114286
vt 0.538462 -0.000000
vt 0.730769 -0.000000
vt 0.730769 0.200000
vt 0.557692 0.228571
vt 0.538462 0.200000
vt 0.538462 0.114286
vt 1.000000 0.114286
vt 0.807692 0.200000
vt 0.807692 0.114286
vt 0.461538 0.200000
vt 0.461538 0.114286
vt 0.557692 0.342857
vt 0.711538 0.228571
vt 0.711538 0.342857
vt 1.000000 0.200000
vt 0.826923 0.228571
vt 0.461538 0.228571
vt 0.730769 0.228571
vt 0.653846 0.657143
vt 0.615385 0.714286
vt 0.615385 0.657143
vt 0.576923 0.657143
vt 0.538462 0.714286
vt 0.538462 0.657143
vt 0.692308 0.657143
vt 0.653846 0.714286
vt 0.576923 0.714286
vt 0.615385 0.771429
vt 0.653846 0.771429
vt 0.615385 0.828571
vt 0.615385 0.771429
vt 0.576923 0.771429
vt 0.538462 0.828571
vt 0.538462 0.771429
vt 0.692308 0.771429
vt 0.653846 0.828571
vt 0.576923 0.828571
vt 0.615385 0.885714
vt 1.000000 0.771429
vt 0.961538 0.485714
vt 1.000000 0.485714
vt 0.884615 0.485714
vt 0.923077 0.771429
vt 0.884615 0.771429
vt 0.923077 0.828571
vt 0.961538 0.771429
vt 0.961538 0.828571
vt 0.961538 0.428571
vt 0.923077 0.485714
vt 0.923077 0.428571
vt 0.750000 0.035714
vt 0.846154 0.028571
vt 0.846154 0.035714
vt 0.730769 0.342857
vt 0.846154 0.257143
vt 0.846154 0.342857
vt 0.711538 0.257143
vt 0.711538 0.342857
vt 0.865385 0.342857
vt 0.865385 0.257143
vt 0.846154 0.228571
vt 0.730769 0.257143
vt 0.730769 0.228571
vt 0.730769 0.371429
vt 0.846154 0.371429
vt 0.750000 0.035714
vt 0.846154 0.028571
vt 0.846154 0.035714
vt 0.846154 -0.000000
vt 0.750000 0.028571
vt 0.750000 -0.000000
vt 0.750000 0.064286
vt 0.846154 0.064286
vt 0.730769 0.028571
vt 0.730769 0.035714
vt 0.865385 0.035714
vt 0.865385 0.028571
vt 0.846154 -0.000000
vt 0.750000 0.028571
vt 0.750000 -0.000000
vt 0.750000 0.064286
vt 0.846154 0.064286
vt 0.730769 0.028571
vt 0.730769 0.035714
vt 0.865385 0.035714
vt 0.865385 0.028571
vt 0.750000 0.035714
vt 0.846154 0.028571
vt 0.846154 0.035714
vt 0.846154 -0.000000
vt 0.750000 0.028571
vt 0.750000 -0.000000
vt 0.750000 0.064286
vt 0.846154 0.064286
vt 0.730769 0.028571
vt 0.730769 0.035714
vt 0.865385 0.035714
vt 0.865385 0.028571
vt 0.750000 0.035714
vt 0.846154 0.028571
vt 0.846154 0.035714
vt 0.846154 -0.000000
vt 0.750000 0.028571
vt 0.750000 -0.000000
vt 0.750000 0.064286
vt 0.846154 0.064286
vt 0.730769 0.028571
vt 0.730769 0.035714
vt 0.865385 0.035714
vt 0.865385 0.028571
vt 0.750000 0.035714
vt 0.846154 0.028571
vt 0.846154 0.035714
vt 0.846154 -0.000000
vt 0.750000 0.028571
vt 0.750000 -0.000000
vt 0.750000 0.064286
vt 0.846154 0.064286
vt 0.730769 0.028571
vt 0.730769 0.035714
vt 0.865385 0.035714
vt 0.865385 0.028571
vt 0.403846 0.314286
vt 0.442308 0.285714
vt 0.442308 0.314286
vt 0.403846 0.314286
vt 0.442308 0.285714
vt 0.442308 0.314286
vt 0.461538 0.228571
vt 0.442308 0.228571
vt 0.403846 0.285714
vt 0.403846 0.228571
vt 0.500000 0.228571
vt 0.461538 0.285714
vt 0.384615 0.285714
vt 0.384615 0.228571
vt 0.461538 0.228571
vt 0.442308 0.228571
vt 0.403846 0.285714
vt 0.403846 0.228571
vt 0.500000 0.228571
vt 0.461538 0.285714
vt 0.384615 0.285714
vt 0.384615 0.228571
vt 0.240385 0.800000
vt 0.009615 0.828571
vt 0.009615 0.800000
vt 0.009615 0.842857
vt 0.240385 0.871429
vt 0.009615 0.871429
vt 0.250000 0.871429
vt 0.240385 0.842857
vt 0.250000 0.842857
vt 0.000000 0.842857
vt 0.000000 0.871429
vt 0.240385 0.828571
vt 0.009615 0.885714
vt 0.240385 0.885714
vt 0.846154 0.428571
vt 0.730769 0.600000
vt 0.730769 0.428571
vt 0.730769 0.657143
vt 0.846154 0.828571
vt 0.730769 0.828571
vt 0.692308 0.657143
vt 0.692308 0.828571
vt 0.846154 0.600000
vt 0.730769 0.885714
vt 0.846154 0.885714
vt 0.884615 0.828571
vt 0.846154 0.657143
vt 0.884615 0.657143
vt 0.131284 0.709336
vt 0.022562 0.709336
vt 0.022563 0.547807
vt 0.413462 0.714212
vt 0.384665 0.671429
vt 0.413461 0.628646
vt 0.711050 0.372155
vt 0.730761 0.442857
vt 0.596162 0.442857
vt 0.481258 0.513559
vt 0.481258 0.372155
vt 0.576434 0.372155
vt 0.259615 0.385714
vt 0.288462 0.400000
vt 0.259615 0.400000
vt 0.230769 0.385714
vt 0.230769 0.400000
vt 0.201923 0.400000
vt 0.173077 0.400000
vt 0.201923 0.385714
vt 0.144231 0.385714
vt 0.144231 0.400000
vt 0.115385 0.385714
vt 0.115385 0.400000
vt 0.086538 0.400000
vt 0.057692 0.400000
vt 0.086538 0.385714
vt 0.057692 0.342857
vt 0.086538 0.357143
vt 0.057692 0.357143
vt 0.557692 0.557143
vt 0.548077 0.614286
vt 0.548077 0.557143
vt 0.086538 0.342857
vt 0.115385 0.357143
vt 0.144231 0.342857
vt 0.115385 0.342857
vt 0.173077 0.342857
vt 0.144231 0.357143
vt 0.201923 0.357143
vt 0.173077 0.357143
vt 0.201923 0.342857
vt 0.230769 0.357143
vt 0.259615 0.342857
vt 0.230769 0.342857
vt 0.288462 0.342857
vt 0.259615 0.357143
vt 0.336538 0.614286
vt 0.326923 0.557143
vt 0.336538 0.557143
vt 0.730769 0.585714
vt 0.682692 0.542857
vt 0.653846 0.614286
vt 0.701923 0.657143
vt 0.240385 0.800000
vt 0.009615 0.828571
vt 0.009615 0.800000
vt 0.009615 0.842857
vt 0.240385 0.871429
vt 0.009615 0.871429
vt 0.250000 0.871429
vt 0.240385 0.842857
vt 0.250000 0.842857
vt 0.000000 0.842857
vt 0.000000 0.871429
vt 0.240385 0.828571
vt 0.009615 0.885714
vt 0.240385 0.885714
vt 0.240385 0.800000
vt 0.009615 0.828571
vt 0.009615 0.800000
vt 0.009615 0.842857
vt 0.240385 0.871429
vt 0.009615 0.871429
vt 0.250000 0.871429
vt 0.240385 0.842857
vt 0.250000 0.842857
vt 0.000000 0.842857
vt 0.000000 0.871429
vt 0.240385 0.828571
vt 0.009615 0.885714
vt 0.240385 0.885714
vt 0.706731 0.621429
vt 0.677885 0.578571
vt 0.706731 0.578571
vt 0.716346 0.621429
vt 0.677885 0.635714
vt 0.677885 0.621429
vt 0.706731 0.564286
vt 0.668269 0.578571
vt 0.721154 0.614286
vt 0.716346 0.578571
vt 0.721154 0.585714
vt 0.701923 0.557143
vt 0.677885 0.564286
vt 0.682692 0.557143
vt 0.663462 0.585714
vt 0.668269 0.621429
vt 0.663462 0.614286
vt 0.682692 0.642857
vt 0.706731 0.635714
vt 0.701923 0.642857
vt 0.730769 0.585714
vt 0.682692 0.542857
vt 0.653846 0.614286
vt 0.701923 0.657143
vt 0.706731 0.621429
vt 0.677885 0.578571
vt 0.706731 0.578571
vt 0.716346 0.621429
vt 0.677885 0.635714
vt 0.677885 0.621429
vt 0.706731 0.564286
vt 0.668269 0.578571
vt 0.721154 0.614286
vt 0.716346 0.578571
vt 0.721154 0.585714
vt 0.701923 0.557143
vt 0.677885 0.564286
vt 0.682692 0.557143
vt 0.663462 0.585714
vt 0.668269 0.621429
vt 0.663462 0.614286
vt 0.682692 0.642857
vt 0.706731 0.635714
vt 0.701923 0.642857
vt 0.730769 0.585714
vt 0.682692 0.542857
vt 0.653846 0.614286
vt 0.701923 0.657143
vt 0.706731 0.621429
vt 0.677885 0.578571
vt 0.706731 0.578571
vt 0.716346 0.621429
vt 0.677885 0.635714
vt 0.677885 0.621429
vt 0.706731 0.564286
vt 0.668269 0.578571
vt 0.721154 0.614286
vt 0.716346 0.578571
vt 0.721154 0.585714
vt 0.701923 0.557143
vt 0.677885 0.564286
vt 0.682692 0.557143
vt 0.663462 0.585714
vt 0.668269 0.621429
vt 0.663462 0.614286
vt 0.682692 0.642857
vt 0.706731 0.635714
vt 0.701923 0.642857
vt 0.730769 0.585714
vt 0.682692 0.542857
vt 0.653846 0.614286
vt 0.701923 0.657143
vt 0.706731 0.621429
vt 0.677885 0.578571
vt 0.706731 0.578571
vt 0.716346 0.621429
vt 0.677885 0.635714
vt 0.677885 0.621429
vt 0.706731 0.564286
vt 0.668269 0.578571
vt 0.721154 0.614286
vt 0.716346 0.578571
vt 0.721154 0.585714
vt 0.701923 0.557143
vt 0.677885 0.564286
vt 0.682692 0.557143
vt 0.663462 0.585714
vt 0.668269 0.621429
vt 0.663462 0.614286
vt 0.682692 0.642857
vt 0.706731 0.635714
vt 0.701923 0.642857
vt 0.730769 0.585714
vt 0.682692 0.542857
vt 0.653846 0.614286
vt 0.701923 0.657143
vt 0.706731 0.621429
vt 0.677885 0.578571
vt 0.706731 0.578571
vt 0.716346 0.621429
vt 0.677885 0.635714
vt 0.677885 0.621429
vt 0.706731 0.564286
vt 0.668269 0.578571
vt 0.721154 0.614286
vt 0.716346 0.578571
vt 0.721154 0.585714
vt 0.701923 0.557143
vt 0.677885 0.564286
vt 0.682692 0.557143
vt 0.663462 0.585714
vt 0.668269 0.621429
vt 0.663462 0.614286
vt 0.682692 0.642857
vt 0.706731 0.635714
vt 0.701923 0.642857
vt 0.730769 0.585714
vt 0.682692 0.542857
vt 0.653846 0.614286
vt 0.701923 0.657143
vt 0.706731 0.621429
vt 0.677885 0.578571
vt 0.706731 0.578571
vt 0.716346 0.621429
vt 0.677885 0.635714
vt 0.677885 0.621429
vt 0.706731 0.564286
vt 0.668269 0.578571
vt 0.721154 0.614286
vt 0.716346 0.578571
vt 0.721154 0.585714
vt 0.701923 0.557143
vt 0.677885 0.564286
vt 0.682692 0.557143
vt 0.663462 0.585714
vt 0.668269 0.621429
vt 0.663462 0.614286
vt 0.682692 0.642857
vt 0.706731 0.635714
vt 0.701923 0.642857
vt 0.730769 0.585714
vt 0.682692 0.542857
vt 0.653846 0.614286
vt 0.701923 0.657143
vt 0.706731 0.621429
vt 0.677885 0.578571
vt 0.706731 0.578571
vt 0.716346 0.621429
vt 0.677885 0.635714
vt 0.677885 0.621429
vt 0.706731 0.564286
vt 0.668269 0.578571
vt 0.721154 0.614286
vt 0.716346 0.578571
vt 0.721154 0.585714
vt 0.701923 0.557143
vt 0.677885 0.564286
vt 0.682692 0.557143
vt 0.663462 0.585714
vt 0.668269 0.621429
vt 0.663462 0.614286
vt 0.682692 0.642857
vt 0.706731 0.635714
vt 0.701923 0.642857
vt 0.730769 0.585714
vt 0.682692 0.542857
vt 0.653846 0.614286
vt 0.701923 0.657143
vt 0.706731 0.621429
vt 0.677885 0.578571
vt 0.706731 0.578571
vt 0.716346 0.621429
vt 0.677885 0.635714
vt 0.677885 0.621429
vt 0.706731 0.564286
vt 0.668269 0.578571
vt 0.721154 0.614286
vt 0.716346 0.578571
vt 0.721154 0.585714
vt 0.701923 0.557143
vt 0.677885 0.564286
vt 0.682692 0.557143
vt 0.663462 0.585714
vt 0.668269 0.621429
vt 0.663462 0.614286
vt 0.682692 0.642857
vt 0.706731 0.635714
vt 0.701923 0.642857
vt 0.730769 0.585714
vt 0.701923 0.542857
vt 0.653846 0.614286
vt 0.701923 0.657143
vt 0.706731 0.621429
vt 0.677885 0.578571
vt 0.706731 0.578571
vt 0.716346 0.621429
vt 0.677885 0.635714
vt 0.677885 0.621429
vt 0.706731 0.564286
vt 0.668269 0.578571
vt 0.721154 0.614286
vt 0.716346 0.578571
vt 0.721154 0.585714
vt 0.701923 0.557143
vt 0.677885 0.564286
vt 0.682692 0.557143
vt 0.663462 0.585714
vt 0.668269 0.621429
vt 0.663462 0.614286
vt 0.682692 0.642857
vt 0.706731 0.635714
vt 0.701923 0.642857
vt 0.730769 0.585714
vt 0.701923 0.542857
vt 0.653846 0.614286
vt 0.701923 0.657143
vt 0.706731 0.621429
vt 0.677885 0.578571
vt 0.706731 0.578571
vt 0.716346 0.621429
vt 0.677885 0.635714
vt 0.677885 0.621429
vt 0.706731 0.564286
vt 0.668269 0.578571
vt 0.721154 0.614286
vt 0.716346 0.578571
vt 0.721154 0.585714
vt 0.701923 0.557143
vt 0.677885 0.564286
vt 0.682692 0.557143
vt 0.663462 0.585714
vt 0.668269 0.621429
vt 0.663462 0.614286
vt 0.682692 0.642857
vt 0.706731 0.635714
vt 0.701923 0.642857
vt 0.730769 0.585714
vt 0.682692 0.542857
vt 0.653846 0.614286
vt 0.701923 0.657143
vt 0.706731 0.621429
vt 0.677885 0.578571
vt 0.706731 0.578571
vt 0.716346 0.621429
vt 0.677885 0.621429
vt 0.706731 0.635714
vt 0.677885 0.635714
vt 0.706731 0.564286
vt 0.668269 0.578571
vt 0.721154 0.614286
vt 0.716346 0.578571
vt 0.721154 0.585714
vt 0.701923 0.557143
vt 0.677885 0.564286
vt 0.682692 0.557143
vt 0.663462 0.585714
vt 0.668269 0.621429
vt 0.663462 0.614286
vt 0.682692 0.642857
vt 0.701923 0.642857
vt 0.730769 0.585714
vt 0.701923 0.542857
vt 0.653846 0.614286
vt 0.701923 0.657143
vt 0.451923 0.771429
vt 0.451923 0.771429
vt 0.451923 0.771429
vt 0.451923 0.771429
vt 0.442308 0.842857
vt 0.250000 0.800000
vt 0.250000 0.800000
vt 0.250000 0.857143
vt 0.442308 0.842857
vt 0.250000 0.800000
vt 0.250000 0.800000
vt 0.250000 0.857143
vt 0.148699 0.228567
vt 0.153852 0.257143
vt 0.148699 0.285719
vt 0.134618 0.306638
vt 0.115385 0.314295
vt 0.096151 0.306638
vt 0.082071 0.285719
vt 0.082071 0.228567
vt 0.115385 0.199991
vt 0.076929 0.257143
vt 0.071776 0.285719
vt 0.057695 0.306638
vt 0.038461 0.314295
vt 0.005148 0.285719
vt 0.005148 0.228567
vt 0.038461 0.199991
vt 0.057695 0.207648
vt 0.071775 0.228567
vt 0.379468 0.228567
vt 0.384622 0.257143
vt 0.379468 0.285719
vt 0.365388 0.306638
vt 0.346154 0.314295
vt 0.326920 0.306638
vt 0.312840 0.285719
vt 0.312840 0.228567
vt 0.346154 0.199991
vt 0.307698 0.257143
vt 0.302545 0.285719
vt 0.288465 0.306638
vt 0.269231 0.314295
vt 0.235917 0.285719
vt 0.235917 0.228567
vt 0.269231 0.199991
vt 0.288465 0.207648
vt 0.302545 0.228567
vt 0.980769 0.228571
vt 0.538462 0.228571
vt 0.807692 0.228571
vt 0.692308 0.714286
vt 0.653846 0.771429
vt 0.692308 0.828571
vt 0.653846 0.885714
vt 0.500000 0.285714
vt 0.500000 0.285714
vt 0.131284 0.547807
vt 0.147949 0.584862
vt 0.153801 0.628571
vt 0.147949 0.672281
vt 0.106343 0.734095
vt 0.076923 0.742790
vt 0.047503 0.734095
vt 0.005898 0.672281
vt 0.000046 0.628572
vt 0.005898 0.584862
vt 0.047503 0.523048
vt 0.076923 0.514353
vt 0.106343 0.523048
vt 0.442258 0.671428
vt 0.440066 0.687801
vt 0.433824 0.701681
vt 0.424481 0.710955
vt 0.402442 0.710955
vt 0.393099 0.701681
vt 0.386857 0.687801
vt 0.386857 0.655056
vt 0.393099 0.641176
vt 0.402442 0.631902
vt 0.424481 0.631902
vt 0.433823 0.641176
vt 0.440066 0.655056
vt 0.725639 0.481121
vt 0.711050 0.513560
vt 0.689216 0.535234
vt 0.663462 0.542845
vt 0.637707 0.535234
vt 0.615874 0.513559
vt 0.601285 0.481121
vt 0.601285 0.404593
vt 0.663462 0.342869
vt 0.615874 0.372155
vt 0.637707 0.350480
vt 0.689216 0.350480
vt 0.725639 0.404593
vt 0.591023 0.404593
vt 0.576434 0.513559
vt 0.596146 0.442857
vt 0.591023 0.481121
vt 0.554601 0.535234
vt 0.528846 0.542845
vt 0.503092 0.535234
vt 0.466669 0.481121
vt 0.461547 0.442857
vt 0.466669 0.404593
vt 0.503092 0.350480
vt 0.528846 0.342869
vt 0.554601 0.350480
vt 0.288462 0.385714
vt 0.173077 0.385714
vt 0.057692 0.385714
vt 0.557692 0.614286
vt 0.288462 0.357143
vt 0.326923 0.614286
vt 0.730769 0.614286
vt 0.701923 0.542857
vt 0.653846 0.585714
vt 0.682692 0.657143
vt 0.730769 0.614286
vt 0.701923 0.542857
vt 0.653846 0.585714
vt 0.682692 0.657143
vt 0.730769 0.614286
vt 0.701923 0.542857
vt 0.653846 0.585714
vt 0.682692 0.657143
vt 0.730769 0.614286
vt 0.701923 0.542857
vt 0.653846 0.585714
vt 0.682692 0.657143
vt 0.730769 0.614286
vt 0.701923 0.542857
vt 0.653846 0.585714
vt 0.682692 0.657143
vt 0.730769 0.614286
vt 0.701923 0.542857
vt 0.653846 0.585714
vt 0.682692 0.657143
vt 0.730769 0.614286
vt 0.701923 0.542857
vt 0.653846 0.585714
vt 0.682692 0.657143
vt 0.730769 0.614286
vt 0.701923 0.542857
vt 0.653846 0.585714
vt 0.682692 0.657143
vt 0.730769 0.614286
vt 0.682692 0.542857
vt 0.653846 0.585714
vt 0.682692 0.657143
vt 0.730769 0.614286
vt 0.682692 0.542857
vt 0.653846 0.585714
vt 0.682692 0.657143
vt 0.730769 0.614286
vt 0.701923 0.542857
vt 0.653846 0.585714
vt 0.682692 0.657143
vt 0.730769 0.614286
vt 0.682692 0.542857
vt 0.653846 0.585714
vt 0.682692 0.657143
vt 0.115385 0.000000
vt 0.096154 0.200000
vt 0.096154 0.000000
vt 0.000000 0.000000
vt 0.019231 0.200000
vt 0.000000 0.200000
vt 0.192308 0.000000
vt 0.173077 0.200000
vt 0.173077 0.000000
vt 0.134615 0.000000
vt 0.115385 0.200000
vt 0.019231 0.000000
vt 0.038462 0.200000
vt 0.076923 0.000000
vt 0.057692 0.200000
vt 0.057692 0.000000
vt 0.211538 0.000000
vt 0.192308 0.200000
vt 0.153846 0.000000
vt 0.134615 0.200000
vt 0.038462 0.000000
vt 0.076923 0.200000
vt 0.230769 0.000000
vt 0.211538 0.200000
vt 0.153846 0.200000
vt 0.346154 0.000000
vt 0.326923 0.200000
vt 0.326923 0.000000
vt 0.250000 0.000000
vt 0.230769 0.200000
vt 0.230769 0.000000
vt 0.423077 0.000000
vt 0.403846 0.200000
vt 0.403846 0.000000
vt 0.365385 0.000000
vt 0.346154 0.200000
vt 0.269231 0.000000
vt 0.250000 0.200000
vt 0.288462 0.000000
vt 0.307692 0.200000
vt 0.288462 0.200000
vt 0.442308 0.000000
vt 0.423077 0.200000
vt 0.384615 0.000000
vt 0.365385 0.200000
vt 0.269231 0.200000
vt 0.307692 0.000000
vt 0.461538 0.200000
vt 0.442308 0.200000
vt 0.384615 0.200000
vt 0.163462 0.914286
vt 0.115385 0.928571
vt 0.115385 0.914286
vt 0.163462 0.957143
vt 0.115385 0.971429
vt 0.115385 0.957143
vt 0.000000 0.942857
vt 0.057692 0.928571
vt 0.057692 0.942857
vt 0.163462 0.942857
vt 0.177885 0.957143
vt 0.057692 0.957143
vt 0.115385 0.942857
vt 0.115385 0.957143
vt 0.000000 0.928571
vt 0.057692 0.914286
vt 0.163462 0.971429
vt 0.115385 0.985714
vt 0.057692 0.971429
vt 0.115385 0.971429
vt 0.000000 0.914286
vt 0.057692 0.900000
vt 0.115385 0.942857
vt 0.057692 0.985714
vt 0.115385 0.985714
vt 0.000000 0.900000
vt 0.057692 0.885714
vt 0.163462 0.928571
vt 0.115385 1.000000
vt 0.000000 1.000000
vt 0.057692 0.985714
vt 0.057692 1.000000
vt 0.163462 0.900000
vt 0.115385 0.900000
vt 0.057692 0.900000
vt 0.115385 0.885714
vt 0.115385 0.900000
vt 0.000000 0.985714
vt 0.057692 0.971429
vt 0.057692 0.928571
vt 0.115385 0.914286
vt 0.115385 0.928571
vt 0.057692 0.914286
vt 0.000000 0.971429
vt 0.057692 0.957143
vt 0.163462 0.885714
vt 0.115385 0.885714
vt 0.163462 0.985714
vt 0.115385 1.000000
vt 0.057692 0.942857
vt 0.168269 0.971429
vt 0.177885 0.985714
vt 0.173077 0.985714
vt 0.177885 0.914286
vt 0.177885 0.928571
vt 0.177885 0.971429
vt 0.168269 0.914286
vt 0.177885 0.900000
vt 0.177885 0.942857
vt 0.192308 0.957143
vt 0.187500 0.971429
vt 0.187500 0.914286
vt 0.192308 0.942857
vt 0.182692 0.985714
vt 0.192308 0.928571
vt 0.177885 0.885714
vt 0.173077 0.900000
vt 0.182692 0.900000
vt 0.177885 1.000000
vt 0.192308 0.900000
vt 0.240385 0.914286
vt 0.192308 0.914286
vt 0.240385 0.942857
vt 0.192308 0.985714
vt 0.240385 1.000000
vt 0.192308 1.000000
vt 0.240385 0.957143
vt 0.192308 0.885714
vt 0.240385 0.900000
vt 0.192308 0.971429
vt 0.240385 0.985714
vt 0.240385 0.928571
vt 0.240385 0.971429
vt 0.254808 1.000000
vt 0.245192 1.000000
vt 0.254808 0.942857
vt 0.254808 0.957143
vt 0.254808 0.985714
vt 0.245192 0.885714
vt 0.254808 0.900000
vt 0.250000 0.900000
vt 0.254808 0.971429
vt 0.245192 0.942857
vt 0.254808 0.928571
vt 0.269231 0.971429
vt 0.264423 0.942857
vt 0.269231 0.985714
vt 0.264423 1.000000
vt 0.269231 0.957143
vt 0.264423 0.885714
vt 0.259615 0.900000
vt 0.254808 0.914286
vt 0.250000 0.928571
vt 0.259615 0.928571
vt 0.336538 0.914286
vt 0.269231 0.928571
vt 0.269231 0.914286
vt 0.336538 0.957143
vt 0.269231 0.971429
vt 0.269231 0.957143
vt 0.336538 0.942857
vt 0.350962 0.957143
vt 0.336538 0.971429
vt 0.269231 0.985714
vt 0.269231 0.942857
vt 0.336538 0.928571
vt 0.336538 0.900000
vt 0.269231 0.900000
vt 0.336538 0.885714
vt 0.269231 0.885714
vt 0.336538 0.985714
vt 0.269231 1.000000
vt 0.341346 0.971429
vt 0.350962 0.985714
vt 0.346154 0.985714
vt 0.341346 0.914286
vt 0.350962 0.928571
vt 0.350962 0.971429
vt 0.350962 0.900000
vt 0.350962 0.914286
vt 0.350962 0.942857
vt 0.365385 0.957143
vt 0.360577 0.971429
vt 0.360577 0.914286
vt 0.365385 0.928571
vt 0.365385 0.942857
vt 0.355769 0.985714
vt 0.350962 0.885714
vt 0.346154 0.900000
vt 0.355769 0.900000
vt 0.350962 1.000000
vt 0.365385 0.900000
vt 0.413462 0.914286
vt 0.365385 0.914286
vt 0.413462 0.942857
vt 0.365385 0.985714
vt 0.413462 1.000000
vt 0.365385 1.000000
vt 0.413462 0.957143
vt 0.365385 0.885714
vt 0.413462 0.900000
vt 0.365385 0.971429
vt 0.413462 0.985714
vt 0.413462 0.928571
vt 0.413462 0.971429
vt 0.418269 1.000000
vt 0.427885 0.985714
vt 0.427885 1.000000
vt 0.418269 0.942857
vt 0.427885 0.957143
vt 0.427885 0.971429
vt 0.418269 0.885714
vt 0.427885 0.900000
vt 0.423077 0.900000
vt 0.427885 0.928571
vt 0.427885 0.942857
vt 0.442308 0.957143
vt 0.442308 0.971429
vt 0.437500 0.942857
vt 0.442308 0.985714
vt 0.437500 1.000000
vt 0.437500 0.885714
vt 0.432692 0.900000
vt 0.427885 0.914286
vt 0.423077 0.928571
vt 0.432692 0.928571
vt 0.442308 0.885714
vt 0.461538 0.900000
vt 0.442308 0.900000
vt 0.461538 0.971429
vt 0.442308 0.928571
vt 0.461538 0.942857
vt 0.442308 0.942857
vt 0.461538 0.914286
vt 0.442308 0.914286
vt 0.461538 1.000000
vt 0.442308 1.000000
vt 0.461538 0.928571
vt 0.461538 0.957143
vt 0.461538 0.985714
vt 0.230769 0.428571
vt 0.206731 0.514286
vt 0.201923 0.428571
vt 0.432692 0.314286
vt 0.403846 0.428571
vt 0.403846 0.314286
vt 0.461538 0.314286
vt 0.432692 0.428571
vt 0.028846 0.314286
vt 0.000000 0.428571
vt -0.000000 0.314286
vt 0.028846 0.428571
vt 0.317308 0.428571
vt 0.375000 0.314286
vt 0.346154 0.428571
vt 0.346154 0.314286
vt 0.317308 0.314286
vt 0.375000 0.428571
vt 0.355769 0.628571
vt 0.341346 0.685714
vt 0.341346 0.628571
vt 0.004808 0.514286
vt 0.259615 0.428571
vt 0.235577 0.514286
vt 0.057692 0.428571
vt 0.033654 0.514286
vt 0.288462 0.428571
vt 0.264423 0.514286
vt 0.086538 0.428571
vt 0.062500 0.514286
vt 0.293269 0.514286
vt 0.115385 0.428571
vt 0.091346 0.514286
vt 0.350962 0.514286
vt 0.322115 0.514286
vt 0.134615 0.514286
vt 0.120192 0.514286
vt 0.379808 0.514286
vt 0.144231 0.428571
vt 0.163462 0.514286
vt 0.149038 0.514286
vt 0.408654 0.514286
vt 0.173077 0.428571
vt 0.192308 0.514286
vt 0.177885 0.514286
vt 0.461538 0.428571
vt 0.437500 0.514286
vt 0.197115 0.685714
vt 0.182692 0.714286
vt 0.182692 0.685714
vt 0.225962 0.628571
vt 0.240385 0.685714
vt 0.225962 0.685714
vt 0.370192 0.628571
vt 0.355769 0.685714
vt 0.254808 0.628571
vt 0.240385 0.628571
vt 0.384615 0.628571
vt 0.370192 0.685714
vt 0.269231 0.628571
vt 0.254808 0.685714
vt 0.168269 0.628571
vt 0.153846 0.685714
vt 0.153846 0.628571
vt 0.283654 0.628571
vt 0.269231 0.685714
vt 0.182692 0.628571
vt 0.168269 0.685714
vt 0.298077 0.628571
vt 0.283654 0.685714
vt 0.197115 0.628571
vt 0.312500 0.628571
vt 0.298077 0.685714
vt 0.211538 0.628571
vt 0.326923 0.685714
vt 0.326923 0.628571
vt 0.312500 0.685714
vt 0.211538 0.685714
vt 0.634615 0.957143
vt 0.750000 0.971429
vt 0.634615 0.971429
vt 0.634615 0.914286
vt 0.750000 0.928571
vt 0.634615 0.928571
vt 0.764423 0.928571
vt 0.750000 0.942857
vt 0.634615 0.900000
vt 0.750000 0.914286
vt 0.634615 0.942857
vt 0.750000 0.957143
vt 0.750000 0.985714
vt 0.634615 0.985714
vt 0.750000 1.000000
vt 0.634615 1.000000
vt 0.634615 0.885714
vt 0.750000 0.900000
vt 0.764423 0.900000
vt 0.754808 0.914286
vt 0.759615 0.900000
vt 0.764423 0.971429
vt 0.754808 0.971429
vt 0.764423 0.914286
vt 0.764423 0.985714
vt 0.759615 0.985714
vt 0.764423 0.957143
vt 0.774038 0.914286
vt 0.774038 0.971429
vt 0.778846 0.942857
vt 0.764423 0.942857
vt 0.778846 0.928571
vt 0.778846 0.957143
vt 0.764423 1.000000
vt 0.769231 0.985714
vt 0.764423 0.885714
vt 0.769231 0.900000
vt 0.817308 0.971429
vt 0.778846 0.985714
vt 0.778846 0.971429
vt 0.817308 0.942857
vt 0.817308 0.885714
vt 0.778846 0.900000
vt 0.778846 0.885714
vt 0.817308 0.928571
vt 0.817308 0.985714
vt 0.778846 1.000000
vt 0.817308 0.900000
vt 0.778846 0.914286
vt 0.817308 0.957143
vt 0.817308 0.914286
vt 0.831731 0.885714
vt 0.822115 0.885714
vt 0.831731 0.942857
vt 0.822115 0.942857
vt 0.831731 0.900000
vt 0.831731 0.985714
vt 0.822115 1.000000
vt 0.826923 0.985714
vt 0.831731 0.914286
vt 0.831731 0.957143
vt 0.826923 0.957143
vt 0.846154 0.914286
vt 0.831731 0.928571
vt 0.841346 0.942857
vt 0.841346 0.885714
vt 0.846154 0.928571
vt 0.846154 0.900000
vt 0.841346 1.000000
vt 0.831731 1.000000
vt 0.831731 0.971429
vt 0.836538 0.957143
vt 0.836538 0.985714
vt 0.461538 0.957143
vt 0.557692 0.971429
vt 0.461538 0.971429
vt 0.461538 0.914286
vt 0.557692 0.928571
vt 0.461538 0.928571
vt 0.572115 0.928571
vt 0.557692 0.942857
vt 0.461538 0.900000
vt 0.557692 0.914286
vt 0.461538 0.942857
vt 0.557692 0.957143
vt 0.557692 0.985714
vt 0.461538 0.985714
vt 0.557692 1.000000
vt 0.461538 1.000000
vt 0.461538 0.885714
vt 0.557692 0.900000
vt 0.572115 0.900000
vt 0.562500 0.914286
vt 0.567308 0.900000
vt 0.572115 0.971429
vt 0.562500 0.971429
vt 0.572115 0.914286
vt 0.572115 0.985714
vt 0.567308 0.985714
vt 0.572115 0.957143
vt 0.586538 0.928571
vt 0.581731 0.971429
vt 0.586538 0.942857
vt 0.572115 0.942857
vt 0.581731 0.914286
vt 0.586538 0.957143
vt 0.572115 1.000000
vt 0.576923 0.985714
vt 0.572115 0.885714
vt 0.576923 0.900000
vt 0.605769 0.971429
vt 0.586538 0.985714
vt 0.586538 0.971429
vt 0.605769 0.942857
vt 0.605769 0.885714
vt 0.586538 0.900000
vt 0.586538 0.885714
vt 0.605769 0.928571
vt 0.605769 0.985714
vt 0.586538 1.000000
vt 0.605769 0.900000
vt 0.586538 0.914286
vt 0.605769 0.957143
vt 0.605769 0.914286
vt 0.620192 0.885714
vt 0.610577 0.885714
vt 0.620192 0.942857
vt 0.610577 0.942857
vt 0.620192 0.900000
vt 0.620192 0.985714
vt 0.610577 1.000000
vt 0.615385 0.985714
vt 0.620192 0.928571
vt 0.620192 0.957143
vt 0.615385 0.957143
vt 0.634615 0.914286
vt 0.620192 0.914286
vt 0.629808 0.942857
vt 0.634615 0.900000
vt 0.634615 0.928571
vt 0.629808 1.000000
vt 0.620192 1.000000
vt 0.620192 0.971429
vt 0.625000 0.957143
vt 0.625000 0.985714
vt 0.884615 0.028571
vt 0.971154 0.042857
vt 0.884615 0.042857
vt 0.884615 0.071429
vt 0.971154 0.085714
vt 0.884615 0.085714
vt 0.884615 0.100000
vt 0.971154 0.114286
vt 0.884615 0.114286
vt 0.884615 0.014286
vt 0.971154 0.028571
vt 0.971154 0.057143
vt 0.884615 0.057143
vt 0.971154 0.071429
vt 0.971154 0.100000
vt 0.884615 0.000000
vt 0.971154 0.014286
vt 0.975962 0.028571
vt 0.985577 0.014286
vt 0.985577 0.028571
vt 0.985577 0.042857
vt 0.985577 0.057143
vt 0.985577 0.071429
vt 0.975962 0.085714
vt 0.985577 0.100000
vt 0.980769 0.100000
vt 0.985577 0.085714
vt 1.000000 0.071429
vt 0.995192 0.085714
vt 0.995192 0.028571
vt 1.000000 0.057143
vt 0.990385 0.100000
vt 1.000000 0.042857
vt 0.298077 0.714286
vt 0.197115 0.714286
vt 0.326923 0.714286
vt 0.312500 0.714286
vt 0.211538 0.714286
vt 0.350962 0.714286
vt 0.341346 0.714286
vt 0.235577 0.714286
vt 0.225962 0.714286
vt 0.355769 0.714286
vt 0.240385 0.714286
vt 0.379808 0.714286
vt 0.370192 0.714286
vt 0.254808 0.714286
vt 0.163462 0.714286
vt 0.153846 0.714286
vt 0.278846 0.714286
vt 0.269231 0.714286
vt 0.177885 0.714286
vt 0.168269 0.714286
vt 0.293269 0.714286
vt 0.283654 0.714286
vt 0.971154 0.071429
vt 0.884615 0.085714
vt 0.884615 0.071429
vt 0.971154 0.028571
vt 0.884615 0.042857
vt 0.884615 0.028571
vt 0.971154 -0.000000
vt 0.884615 0.014286
vt 0.884615 0.000000
vt 0.971154 0.085714
vt 0.884615 0.100000
vt 0.971154 0.057143
vt 0.884615 0.057143
vt 0.971154 0.042857
vt 0.971154 0.014286
vt 0.971154 0.100000
vt 0.884615 0.114286
vt 0.975962 0.085714
vt 0.985577 0.100000
vt 0.980769 0.100000
vt 0.985577 0.057143
vt 0.985577 0.042857
vt 0.985577 0.014286
vt 0.975962 0.028571
vt 0.980769 0.014286
vt 0.985577 0.085714
vt 0.985577 0.028571
vt 1.000000 0.042857
vt 0.995192 0.085714
vt 1.000000 0.057143
vt 0.985577 0.071429
vt 0.995192 0.028571
vt 1.000000 0.071429
vt 0.144231 0.314286
vt 0.115385 0.314286
vt 0.557692 0.542857
vt 0.528846 0.557143
vt 0.528846 0.542857
vt 0.201923 0.314286
vt 0.173077 0.314286
vt 0.259615 0.314286
vt 0.230769 0.314286
vt 0.500000 0.542857
vt 0.471154 0.557143
vt 0.471154 0.542857
vt 0.086538 0.314286
vt 0.269231 0.628571
vt 0.240385 0.542857
vt 0.269231 0.542857
vt 0.298077 0.628571
vt 0.298077 0.542857
vt 0.240385 0.628571
vt 0.211538 0.542857
vt 0.182692 0.628571
vt 0.182692 0.542857
vt 0.288462 0.314286
vt 0.153846 0.542857
vt 0.057692 0.314286
vt 0.615385 0.628571
vt 0.586538 0.542857
vt 0.615385 0.542857
vt 0.355769 0.542857
vt 0.326923 0.542857
vt 0.413462 0.542857
vt 0.384615 0.557143
vt 0.384615 0.542857
vt 0.442308 0.557143
vt 0.442308 0.542857
vt 0.500000 0.557143
vt 0.355769 0.557143
vt 0.413462 0.557143
vt 0.355769 0.628571
vt 0.384615 0.614286
vt 0.384615 0.628571
vt 0.413462 0.628571
vt 0.442308 0.614286
vt 0.442308 0.628571
vt 0.471154 0.628571
vt 0.500000 0.614286
vt 0.500000 0.628571
vt 0.528846 0.628571
vt 0.557692 0.628571
vt 0.326923 0.628571
vt 0.355769 0.614286
vt 0.413462 0.614286
vt 0.471154 0.614286
vt 0.528846 0.614286
vt 0.586538 0.628571
vt 0.759615 0.371429
vt 0.730769 0.428571
vt 0.730769 0.371429
vt 0.788462 0.371429
vt 0.759615 0.428571
vt 0.817308 0.371429
vt 0.788462 0.428571
vt 0.846154 0.371429
vt 0.817308 0.428571
vt 0.875000 0.371429
vt 0.846154 0.428571
vt 0.903846 0.371429
vt 0.875000 0.428571
vt 0.932692 0.371429
vt 0.903846 0.428571
vt 0.932692 0.428571
vt 0.961538 0.371429
vt 0.961538 0.428571
vt 0.985577 0.114286
vt 0.980769 0.014286
vt 0.985577 -0.000000
vt 0.990385 0.014286
vt 0.985577 0.114286
vt 0.990385 0.100000
vt 0.985577 -0.000000
vt 0.990385 0.014286
vt 0.230769 0.200000
vt 0.461538 0.000000
vt 0.000000 0.885714
vt 0.057692 1.000000
vt 0.057692 0.885714
vt 0.000000 0.957143
vt 0.163462 1.000000
vt 0.240385 0.885714
vt 0.254808 0.885714
vt 0.336538 1.000000
vt 0.413462 0.885714
vt 0.427885 0.885714
vt 0.461538 0.885714
vt 0.221154 0.514286
vt 0.019231 0.514286
vt 0.250000 0.514286
vt 0.048077 0.514286
vt 0.278846 0.514286
vt 0.076923 0.514286
vt 0.307692 0.514286
vt 0.105769 0.514286
vt 0.365385 0.514286
vt 0.336538 0.514286
vt 0.394231 0.514286
vt 0.423077 0.514286
vt 0.451923 0.514286
vt 0.192308 0.714286
vt 0.384615 0.685714
vt 0.750000 0.885714
vt 0.817308 1.000000
vt 0.557692 0.885714
vt 0.605769 1.000000
vt 0.629808 0.885714
vt 0.971154 -0.000000
vt 0.307692 0.714286
vt 0.206731 0.714286
vt 0.336538 0.714286
vt 0.322115 0.714286
vt 0.221154 0.714286
vt 0.365385 0.714286
vt 0.250000 0.714286
vt 0.264423 0.714286
vt 0.971154 0.114286
vt 0.211538 0.628571
vt 0.153846 0.628571
vn 0.0000 -1.0000 0.0000
vn 0.0000 1.0000 0.0000
vn -1.0000 0.0000 0.0000
vn 0.0000 0.0000 1.0000
vn 1.0000 0.0000 0.0000
vn 0.0000 0.0000 -1.0000
vn 0.7071 0.7071 0.0000
vn -0.7071 0.7071 0.0000
vn 0.7071 0.0000 0.7071
vn -0.8660 0.0000 -0.5000
vn 0.8660 -0.0000 -0.5000
vn 0.5000 -0.0000 0.8660
vn -0.8660 0.0000 0.5000
vn 0.5000 -0.0000 -0.8660
vn -0.5000 0.0000 -0.8660
vn 0.8660 -0.0000 0.5000
vn -0.5000 0.0000 0.8660
vn 0.9987 0.0473 -0.0196
vn -0.6794 0.7194 -0.1448
vn 0.0000 0.9824 -0.1866
vn -0.6630 0.5294 -0.5294
vn -0.9987 0.0473 -0.0196
vn -0.7071 -0.7071 0.0000
vn 0.7071 -0.7071 0.0000
vn 0.6794 0.7194 -0.1448
vn 0.7263 -0.6737 0.1363
vn -0.0000 -0.7071 0.7071
vn -0.7263 -0.6737 0.1363
vn -0.7574 -0.4617 0.4617
vn 0.9955 0.0671 -0.0671
vn 0.6630 0.5294 -0.5294
vn -0.9955 0.0671 -0.0671
vn 0.7574 -0.4617 0.4617
vn -0.0000 0.7071 -0.7071
vn -0.6794 0.1448 -0.7194
vn -0.9987 0.0196 -0.0473
vn 0.9987 0.0196 -0.0473
vn -0.0000 0.1866 -0.9824
vn -0.7263 -0.1363 0.6737
vn 0.6794 0.1448 -0.7194
vn 0.7263 -0.1363 0.6737
vn 0.9809 0.1944 0.0000
vn -0.0473 -0.0196 -0.9987
vn -0.0473 -0.0196 0.9987
vn -0.7194 -0.1448 -0.6794
vn 0.6737 0.1363 0.7263
vn -0.7194 -0.1448 0.6794
vn 0.6737 0.1363 -0.7263
vn -0.9824 -0.1866 -0.0000
vn -0.0671 -0.0671 0.9955
vn -0.0671 -0.0671 -0.9955
vn -0.5294 -0.5294 -0.6630
vn -0.5294 -0.5294 0.6630
vn 0.4617 0.4617 0.7574
vn 0.4617 0.4617 -0.7574
vn -0.3827 -0.9239 0.0000
vn -0.0393 -0.0948 -0.9947
vn -0.2962 -0.7150 0.6333
vn -0.0393 -0.0948 0.9947
vn -0.2962 -0.7150 -0.6333
vn 0.2611 0.6303 0.7311
vn 0.2611 0.6303 -0.7311
vn -0.1448 -0.7194 -0.6794
vn -0.1866 -0.9824 0.0000
vn -0.0196 -0.0473 -0.9987
vn -0.1448 -0.7194 0.6794
vn -0.0196 -0.0473 0.9987
vn 0.1363 0.6737 0.7263
vn 0.1363 0.6737 -0.7263
vn 0.0000 0.7071 0.7071
vn 0.0000 -0.7071 -0.7071
vn 0.6533 0.7071 0.2706
vn -0.9239 0.0000 -0.3827
vn -0.7071 0.0000 -0.7071
vn -0.9239 0.0000 0.3827
vn -0.7523 0.0000 0.6588
vn 0.3827 0.0000 -0.9239
vn 0.6588 0.0000 -0.7523
vn -0.3827 0.0000 -0.9239
vn -0.6533 0.7071 0.2706
vn 0.6533 0.7071 -0.2706
vn -0.5000 0.7071 0.5000
vn 0.5000 0.7071 -0.5000
vn -0.2706 0.7071 0.6533
vn 0.2706 0.7071 -0.6533
vn -0.2706 0.7071 -0.6533
vn 0.2706 0.7071 0.6533
vn -0.5000 0.7071 -0.5000
vn 0.5000 0.7071 0.5000
vn -0.6533 0.7071 -0.2706
vn -0.3423 0.4472 0.8263
vn -0.6325 0.4472 0.6325
vn 0.3827 0.0000 0.9239
vn 0.9239 0.0000 0.3827
vn 0.9239 0.0000 -0.3827
vn -0.7071 -0.0000 0.7071
vn 0.7071 0.0000 -0.7071
vn -0.3827 -0.0000 0.9239
vn -0.9809 0.1944 0.0000
vn 0.0473 -0.0196 -0.9987
vn 0.0473 -0.0196 0.9987
vn 0.7194 -0.1448 -0.6794
vn -0.6737 0.1363 0.7263
vn 0.7194 -0.1448 0.6794
vn -0.6737 0.1363 -0.7263
vn 0.9824 -0.1866 0.0000
vn 0.0671 -0.0671 0.9955
vn 0.0671 -0.0671 -0.9955
vn 0.5294 -0.5294 0.6630
vn -0.4617 0.4617 0.7574
vn -0.4617 0.4617 -0.7574
vn 0.3827 -0.9239 0.0000
vn 0.5294 -0.5294 -0.6630
vn 0.0393 -0.0948 -0.9947
vn 0.0393 -0.0948 0.9947
vn 0.2962 -0.7150 -0.6333
vn 0.2962 -0.7150 0.6333
vn -0.2611 0.6303 -0.7311
vn -0.2611 0.6303 0.7311
vn 0.1448 0.6794 -0.7194
vn 0.0196 -0.9987 -0.0473
vn -0.1944 0.0000 0.9809
vn 0.0196 0.9987 -0.0473
vn 0.1866 -0.0000 -0.9824
vn 0.1448 -0.6794 -0.7194
vn -0.1363 -0.7263 0.6737
vn -0.1363 0.7263 0.6737
vn -0.4617 0.7574 0.4617
vn 0.0671 0.9955 -0.0671
vn 0.5294 0.6630 -0.5294
vn 0.5294 -0.6630 -0.5294
vn -0.4617 -0.7574 0.4617
vn 0.0671 -0.9955 -0.0671
vn 0.7150 -0.6333 -0.2962
vn 0.0948 -0.9947 -0.0393
vn 0.0948 0.9947 -0.0393
vn -0.6303 -0.7311 0.2611
vn 0.7150 0.6333 -0.2962
vn 0.3423 0.4472 -0.8263
vn 0.6325 0.4472 -0.6325
vn -0.0000 0.4472 0.8944
vn -0.3423 0.4472 -0.8263
vn 0.0000 0.4472 -0.8944
vn 0.3423 0.4472 0.8263
vn -0.6325 0.4472 -0.6325
vn 0.6325 0.4472 0.6325
vn -0.8263 0.4472 -0.3423
vn 0.8263 0.4472 0.3423
vn -0.8944 0.4472 -0.0000
vn 0.8944 0.4472 0.0000
vn -0.8263 0.4472 0.3423
vn 0.8263 0.4472 -0.3423
vn 0.1448 0.6794 0.7194
vn 0.0196 -0.9987 0.0473
vn -0.1944 0.0000 -0.9809
vn 0.0196 0.9987 0.0473
vn 0.1866 -0.0000 0.9824
vn 0.1448 -0.6794 0.7194
vn -0.1363 -0.7263 -0.6737
vn -0.1363 0.7263 -0.6737
vn -0.4617 0.7574 -0.4617
vn 0.5294 -0.6630 0.5294
vn -0.4617 -0.7574 -0.4617
vn 0.0671 0.9955 0.0671
vn 0.0671 -0.9955 0.0671
vn 0.7150 -0.6333 0.2962
vn 0.0948 0.9947 0.0393
vn 0.5294 0.6630 0.5294
vn 0.0948 -0.9947 0.0393
vn 0.7150 0.6333 0.2962
vn -0.6588 0.0000 0.7523
vn 0.7523 -0.0000 -0.6588
vn -0.5556 0.0000 0.8315
vn 0.8315 0.0000 -0.5556
vn -0.6303 0.7311 0.2611
vn -0.6303 0.7311 -0.2611
vn -0.6303 -0.7311 -0.2611
s 1
f 12/1/1 9/2/1 10/3/1
f 13/4/2 16/5/2 14/6/2
f 10/7/3 16/8/3 12/9/3
f 9/10/4 14/11/4 10/7/4
f 11/12/5 13/4/5 9/2/5
f 12/9/6 15/13/6 11/12/6
f 20/14/1 17/15/1 18/16/1
f 21/17/2 24/18/2 22/19/2
f 18/20/3 24/21/3 20/22/3
f 17/23/4 22/24/4 18/20/4
f 19/25/5 21/17/5 17/15/5
f 20/22/6 23/26/6 19/25/6
f 28/27/1 25/28/1 26/29/1
f 29/30/2 32/31/2 30/32/2
f 26/33/3 32/34/3 28/35/3
f 25/36/4 30/37/4 26/33/4
f 27/38/5 29/30/5 25/28/5
f 28/35/6 31/39/6 27/38/6
f 36/40/1 33/41/1 34/42/1
f 37/43/2 40/44/2 38/45/2
f 34/46/3 40/47/3 36/48/3
f 33/49/4 38/50/4 34/46/4
f 35/51/5 37/43/5 33/41/5
f 36/48/6 39/52/6 35/51/6
f 8/53/1 6/54/1 7/55/1
f 7/55/5 1/56/5 8/53/5
f 5/57/3 3/58/3 6/54/3
f 1/56/2 3/59/2 4/60/2
f 48/61/1 46/62/1 47/63/1
f 47/63/5 41/64/5 48/61/5
f 45/65/3 43/66/3 46/62/3
f 41/67/2 43/66/2 44/68/2
f 56/69/1 54/70/1 55/71/1
f 55/71/6 49/72/6 56/69/6
f 53/73/4 51/74/4 54/70/4
f 49/72/2 51/75/2 52/76/2
f 64/77/1 62/78/1 63/79/1
f 63/79/6 57/80/6 64/77/6
f 61/81/4 59/82/4 62/78/4
f 57/83/2 59/82/2 60/84/2
f 67/85/5 66/86/5 65/87/5
f 65/87/6 73/88/6 67/85/6
f 67/85/2 76/89/2 68/90/2
f 66/86/1 74/91/1 65/87/1
f 68/90/4 75/92/4 66/86/4
f 71/93/3 74/94/3 69/95/3
f 69/96/3 75/97/3 70/98/3
f 70/99/3 76/100/3 72/101/3
f 72/102/3 73/103/3 71/104/3
f 83/105/1 81/106/1 79/107/1
f 93/108/2 95/109/2 97/110/2
f 107/111/1 105/112/1 103/113/1
f 117/114/2 119/115/2 121/116/2
f 127/117/1 126/118/1 125/119/1
f 129/120/6 136/121/6 132/122/6
f 127/117/6 132/122/6 128/123/6
f 126/124/4 130/125/4 125/126/4
f 128/123/5 131/127/5 126/128/5
f 125/126/3 129/120/3 127/117/3
f 135/129/2 133/130/2 134/131/2
f 131/132/4 134/133/4 130/125/4
f 132/122/7 135/134/7 131/127/7
f 130/125/8 133/135/8 129/120/8
f 140/136/6 143/137/6 139/138/6
f 137/139/4 142/140/4 138/141/4
f 138/142/5 144/143/5 140/136/5
f 139/138/3 141/144/3 137/139/3
f 144/143/1 141/145/1 143/137/1
f 148/146/6 151/147/6 147/148/6
f 145/149/4 150/150/4 146/151/4
f 146/152/5 152/153/5 148/146/5
f 147/148/3 149/154/3 145/149/3
f 152/153/1 149/155/1 151/147/1
f 156/156/6 159/157/6 155/158/6
f 153/159/4 158/160/4 154/161/4
f 154/162/5 160/163/5 156/164/5
f 155/165/3 157/166/3 153/167/3
f 160/163/1 157/166/1 159/157/1
f 183/168/2 181/169/2 182/170/2
f 167/171/2 165/172/2 166/173/2
f 164/174/5 167/171/5 162/175/5
f 161/176/3 165/172/3 163/177/3
f 163/178/6 168/179/6 164/180/6
f 162/181/4 166/173/4 161/182/4
f 175/183/2 173/184/2 174/185/2
f 171/186/6 176/187/6 172/188/6
f 170/189/4 174/185/4 169/190/4
f 172/191/5 175/183/5 170/192/5
f 169/193/3 173/184/3 171/194/3
f 179/195/6 184/196/6 180/197/6
f 178/198/4 182/170/4 177/199/4
f 180/200/5 183/168/5 178/201/5
f 177/202/3 181/169/3 179/203/3
f 191/204/2 189/205/2 190/206/2
f 187/207/6 192/208/6 188/209/6
f 186/210/4 190/206/4 185/211/4
f 188/212/5 191/204/5 186/213/5
f 185/214/3 189/205/3 187/215/3
f 199/216/2 197/217/2 198/218/2
f 195/219/6 200/220/6 196/221/6
f 194/222/4 198/218/4 193/223/4
f 196/224/5 199/216/5 194/225/5
f 193/226/3 197/217/3 195/227/3
f 207/228/2 205/229/2 206/230/2
f 203/231/6 208/232/6 204/233/6
f 202/234/4 206/230/4 201/235/4
f 204/236/5 207/228/5 202/237/5
f 201/238/3 205/229/3 203/239/3
f 223/240/2 221/241/2 222/242/2
f 215/243/2 213/244/2 214/245/2
f 209/246/3 213/244/3 211/247/3
f 211/247/6 216/248/6 212/249/6
f 210/250/4 214/251/4 209/246/4
f 212/249/5 215/252/5 210/253/5
f 217/254/3 221/241/3 219/255/3
f 219/255/6 224/256/6 220/257/6
f 218/258/4 222/259/4 217/254/4
f 220/257/5 223/260/5 218/261/5
f 371/262/1 370/263/1 369/264/1
f 375/265/2 373/266/2 374/267/2
f 371/268/6 376/269/6 372/270/6
f 370/271/4 374/267/4 369/272/4
f 372/273/5 375/265/5 370/263/5
f 369/274/3 373/266/3 371/275/3
f 395/276/1 394/277/1 393/278/1
f 399/279/2 397/280/2 398/281/2
f 394/282/4 398/281/4 393/283/4
f 396/284/5 399/279/5 394/277/5
f 393/285/3 397/280/3 395/286/3
f 395/287/6 400/288/6 396/289/6
f 391/290/1 387/291/1 383/292/1
f 587/293/2 591/294/2 595/295/2
f 643/296/2 629/297/2 637/298/2
f 655/299/1 651/300/1 647/301/1
f 695/302/1 678/303/1 677/304/1
f 694/305/1 677/304/1 676/306/1
f 675/307/1 694/305/1 676/306/1
f 674/308/1 693/309/1 675/307/1
f 691/310/1 674/308/1 673/311/1
f 690/312/1 673/311/1 672/313/1
f 671/314/1 690/312/1 672/313/1
f 670/315/1 689/316/1 671/314/1
f 661/317/2 680/318/2 679/319/2
f 679/320/9 670/321/9 661/322/9
f 662/323/2 681/324/2 680/318/2
f 664/325/2 681/324/2 663/326/2
f 665/327/2 682/328/2 664/325/2
f 665/327/2 684/329/2 683/330/2
f 666/331/2 685/332/2 684/329/2
f 668/333/2 685/332/2 667/334/2
f 669/335/2 686/336/2 668/333/2
f 678/337/9 687/338/9 669/339/9
f 698/340/6 71/93/6 69/95/6
f 699/341/1 69/96/1 70/98/1
f 700/342/4 70/99/4 72/101/4
f 697/343/2 72/102/2 71/104/2
f 721/344/1 720/345/1 719/346/1
f 725/347/2 723/348/2 724/349/2
f 721/350/6 726/351/6 722/352/6
f 720/353/4 724/349/4 719/354/4
f 722/355/5 725/347/5 720/345/5
f 719/356/3 723/348/3 721/357/3
f 729/358/1 728/359/1 727/360/1
f 733/361/2 731/362/2 732/363/2
f 729/364/6 734/365/6 730/366/6
f 728/367/4 732/363/4 727/368/4
f 730/369/5 733/361/5 728/359/5
f 727/370/3 731/362/3 729/371/3
f 737/372/5 736/373/5 735/374/5
f 735/374/6 743/375/6 737/372/6
f 737/372/2 746/376/2 738/377/2
f 736/373/1 744/378/1 735/374/1
f 738/377/4 745/379/4 736/373/4
f 741/380/3 744/381/3 739/382/3
f 739/383/3 745/384/3 740/385/3
f 740/386/3 746/387/3 742/388/3
f 742/389/3 743/390/3 741/391/3
f 748/392/6 741/380/6 739/382/6
f 749/393/1 739/383/1 740/385/1
f 750/394/4 740/386/4 742/388/4
f 747/395/2 742/389/2 741/391/2
f 753/396/5 752/397/5 751/398/5
f 751/398/6 759/399/6 753/396/6
f 753/396/2 762/400/2 754/401/2
f 752/397/1 760/402/1 751/398/1
f 754/401/4 761/403/4 752/397/4
f 757/404/3 760/405/3 755/406/3
f 755/407/3 761/408/3 756/409/3
f 756/410/3 762/411/3 758/412/3
f 758/413/3 759/414/3 757/415/3
f 764/416/6 757/404/6 755/406/6
f 765/417/1 755/407/1 756/409/1
f 766/418/4 756/410/4 758/412/4
f 763/419/2 758/413/2 757/415/2
f 769/420/3 768/421/3 767/422/3
f 767/422/4 775/423/4 769/420/4
f 769/420/2 778/424/2 770/425/2
f 768/421/1 776/426/1 767/422/1
f 770/425/6 777/427/6 768/421/6
f 773/428/5 776/429/5 771/430/5
f 771/431/5 777/432/5 772/433/5
f 772/434/5 778/435/5 774/436/5
f 774/437/5 775/438/5 773/439/5
f 780/440/4 773/428/4 771/430/4
f 781/441/1 771/431/1 772/433/1
f 782/442/6 772/434/6 774/436/6
f 779/443/2 774/437/2 773/439/2
f 785/444/3 784/445/3 783/446/3
f 783/446/4 791/447/4 785/444/4
f 785/444/2 794/448/2 786/449/2
f 784/445/1 792/450/1 783/446/1
f 786/449/6 793/451/6 784/445/6
f 789/452/5 792/453/5 787/454/5
f 787/455/5 793/456/5 788/457/5
f 788/458/5 794/459/5 790/460/5
f 790/461/5 791/462/5 789/463/5
f 796/464/4 789/452/4 787/454/4
f 797/465/1 787/455/1 788/457/1
f 798/466/6 788/458/6 790/460/6
f 795/467/2 790/461/2 789/463/2
f 801/468/3 800/469/3 799/470/3
f 799/470/4 807/471/4 801/468/4
f 801/468/2 810/472/2 802/473/2
f 800/469/1 808/474/1 799/470/1
f 802/473/6 809/475/6 800/469/6
f 805/476/5 808/477/5 803/478/5
f 803/479/5 809/480/5 804/481/5
f 804/482/5 810/483/5 806/484/5
f 806/485/5 807/486/5 805/487/5
f 812/488/4 805/476/4 803/478/4
f 813/489/1 803/479/1 804/481/1
f 814/490/6 804/482/6 806/484/6
f 811/491/2 806/485/2 805/487/2
f 817/492/6 816/493/6 815/494/6
f 815/494/3 823/495/3 817/492/3
f 817/492/2 826/496/2 818/497/2
f 816/493/1 824/498/1 815/494/1
f 818/497/5 825/499/5 816/493/5
f 821/500/4 824/501/4 819/502/4
f 819/503/4 825/504/4 820/505/4
f 820/506/4 826/507/4 822/508/4
f 822/509/4 823/510/4 821/511/4
f 828/512/3 821/500/3 819/502/3
f 829/513/1 819/503/1 820/505/1
f 830/514/5 820/506/5 822/508/5
f 827/515/2 822/509/2 821/511/2
f 833/516/6 832/517/6 831/518/6
f 831/518/3 839/519/3 833/516/3
f 833/516/2 842/520/2 834/521/2
f 832/517/1 840/522/1 831/518/1
f 834/521/5 841/523/5 832/517/5
f 837/524/4 840/525/4 835/526/4
f 835/527/4 841/528/4 836/529/4
f 836/530/4 842/531/4 838/532/4
f 838/533/4 839/534/4 837/535/4
f 844/536/3 837/524/3 835/526/3
f 845/537/1 835/527/1 836/529/1
f 846/538/5 836/530/5 838/532/5
f 843/539/2 838/533/2 837/535/2
f 849/540/6 848/541/6 847/542/6
f 847/542/3 855/543/3 849/540/3
f 849/540/2 858/544/2 850/545/2
f 848/541/1 856/546/1 847/542/1
f 850/545/5 857/547/5 848/541/5
f 853/548/4 856/549/4 851/550/4
f 851/551/4 857/552/4 852/553/4
f 852/554/4 858/555/4 854/556/4
f 854/557/4 855/558/4 853/559/4
f 860/560/3 853/548/3 851/550/3
f 852/553/1 860/561/1 851/551/1
f 862/562/5 852/554/5 854/556/5
f 859/563/2 854/557/2 853/559/2
f 865/564/4 864/565/4 863/566/4
f 863/566/5 871/567/5 865/564/5
f 865/564/2 874/568/2 866/569/2
f 864/565/1 872/570/1 863/566/1
f 866/569/3 873/571/3 864/565/3
f 869/572/6 872/573/6 867/574/6
f 867/575/6 873/576/6 868/577/6
f 868/578/6 874/579/6 870/580/6
f 870/581/6 871/582/6 869/583/6
f 876/584/5 869/572/5 867/574/5
f 868/577/1 876/585/1 867/575/1
f 878/586/3 868/578/3 870/580/3
f 875/587/2 870/581/2 869/583/2
f 881/588/4 880/589/4 879/590/4
f 879/590/5 887/591/5 881/588/5
f 881/588/2 890/592/2 882/593/2
f 880/589/1 888/594/1 879/590/1
f 882/593/3 889/595/3 880/589/3
f 885/596/6 888/597/6 883/598/6
f 883/599/6 889/600/6 884/601/6
f 884/602/6 890/603/6 886/604/6
f 886/605/6 887/606/6 885/607/6
f 892/608/5 885/596/5 883/598/5
f 893/609/1 883/599/1 884/601/1
f 894/610/3 884/602/3 886/604/3
f 891/611/2 886/605/2 885/607/2
f 897/612/4 896/613/4 895/614/4
f 895/614/5 903/615/5 897/612/5
f 898/616/2 903/617/2 906/618/2
f 896/613/1 904/619/1 895/614/1
f 898/616/3 905/620/3 896/613/3
f 901/621/6 904/622/6 899/623/6
f 899/624/6 905/625/6 900/626/6
f 900/627/6 906/628/6 902/629/6
f 902/630/6 903/617/6 901/631/6
f 908/632/5 901/621/5 899/623/5
f 900/626/1 908/633/1 899/624/1
f 910/634/3 900/627/3 902/629/3
f 907/635/2 902/630/2 901/631/2
f 12/1/1 11/12/1 9/2/1
f 13/4/2 15/13/2 16/5/2
f 10/7/3 14/11/3 16/8/3
f 9/10/4 13/636/4 14/11/4
f 11/12/5 15/13/5 13/4/5
f 12/9/6 16/8/6 15/13/6
f 20/14/1 19/25/1 17/15/1
f 21/17/2 23/26/2 24/18/2
f 18/20/3 22/24/3 24/21/3
f 17/23/4 21/637/4 22/24/4
f 19/25/5 23/26/5 21/17/5
f 20/22/6 24/21/6 23/26/6
f 28/27/1 27/38/1 25/28/1
f 29/30/2 31/39/2 32/31/2
f 26/33/3 30/37/3 32/34/3
f 25/36/4 29/638/4 30/37/4
f 27/38/5 31/39/5 29/30/5
f 28/35/6 32/34/6 31/39/6
f 36/40/1 35/51/1 33/41/1
f 37/43/2 39/52/2 40/44/2
f 34/46/3 38/50/3 40/47/3
f 33/49/4 37/639/4 38/50/4
f 35/51/5 39/52/5 37/43/5
f 36/48/6 40/47/6 39/52/6
f 8/53/1 5/57/1 6/54/1
f 7/55/5 2/640/5 1/56/5
f 5/57/3 4/641/3 3/58/3
f 1/56/2 2/640/2 3/59/2
f 48/61/1 45/65/1 46/62/1
f 47/63/5 42/642/5 41/64/5
f 45/65/3 44/68/3 43/66/3
f 41/67/2 42/643/2 43/66/2
f 56/69/1 53/73/1 54/70/1
f 55/71/6 50/644/6 49/72/6
f 53/73/4 52/645/4 51/74/4
f 49/72/2 50/644/2 51/75/2
f 64/77/1 61/81/1 62/78/1
f 63/79/6 58/646/6 57/80/6
f 61/81/4 60/84/4 59/82/4
f 57/83/2 58/647/2 59/82/2
f 67/85/5 68/90/5 66/86/5
f 65/87/6 74/94/6 73/88/6
f 67/85/2 73/103/2 76/89/2
f 66/86/1 75/97/1 74/91/1
f 68/90/4 76/100/4 75/92/4
f 71/93/3 73/88/3 74/94/3
f 69/96/3 74/91/3 75/97/3
f 70/99/3 75/92/3 76/100/3
f 72/102/3 76/89/3 73/103/3
f 79/107/1 78/648/1 77/649/1
f 77/649/1 88/650/1 79/107/1
f 88/650/1 87/651/1 79/107/1
f 87/651/1 86/652/1 85/653/1
f 85/653/1 84/654/1 83/105/1
f 83/105/1 82/655/1 81/106/1
f 81/106/1 80/656/1 79/107/1
f 87/651/1 85/653/1 79/107/1
f 85/653/1 83/105/1 79/107/1
f 90/657/2 89/658/2 91/659/2
f 91/659/2 92/660/2 93/108/2
f 93/108/2 94/661/2 95/109/2
f 95/109/2 96/662/2 97/110/2
f 97/110/2 98/663/2 99/664/2
f 99/664/2 100/665/2 97/110/2
f 100/665/2 90/657/2 97/110/2
f 90/657/2 91/659/2 97/110/2
f 91/659/2 93/108/2 97/110/2
f 103/113/1 102/666/1 101/667/1
f 101/667/1 112/668/1 103/113/1
f 112/668/1 111/669/1 103/113/1
f 111/669/1 110/670/1 109/671/1
f 109/671/1 108/672/1 107/111/1
f 107/111/1 106/673/1 105/112/1
f 105/112/1 104/674/1 103/113/1
f 111/669/1 109/671/1 103/113/1
f 109/671/1 107/111/1 103/113/1
f 114/675/2 113/676/2 115/677/2
f 115/677/2 116/678/2 117/114/2
f 117/114/2 118/679/2 119/115/2
f 119/115/2 120/680/2 121/116/2
f 121/116/2 122/681/2 123/682/2
f 123/682/2 124/683/2 121/116/2
f 124/683/2 114/675/2 121/116/2
f 114/675/2 115/677/2 121/116/2
f 115/677/2 117/114/2 121/116/2
f 127/117/1 128/123/1 126/118/1
f 129/120/6 133/130/6 136/121/6
f 127/117/6 129/120/6 132/122/6
f 126/124/4 131/132/4 130/125/4
f 128/123/5 132/122/5 131/127/5
f 125/126/3 130/125/3 129/120/3
f 135/129/2 136/121/2 133/130/2
f 131/132/4 135/684/4 134/133/4
f 132/122/7 136/685/7 135/134/7
f 130/125/8 134/686/8 133/135/8
f 140/136/6 144/143/6 143/137/6
f 137/139/4 141/144/4 142/140/4
f 138/142/5 142/687/5 144/143/5
f 139/138/3 143/137/3 141/144/3
f 144/143/1 142/688/1 141/145/1
f 148/146/6 152/153/6 151/147/6
f 145/149/4 149/154/4 150/150/4
f 146/152/5 150/689/5 152/153/5
f 147/148/3 151/147/3 149/154/3
f 152/153/1 150/690/1 149/155/1
f 156/156/6 160/163/6 159/157/6
f 153/159/4 157/166/4 158/160/4
f 154/162/5 158/160/5 160/163/5
f 155/165/3 159/157/3 157/166/3
f 160/163/1 158/160/1 157/166/1
f 183/168/2 184/196/2 181/169/2
f 167/171/2 168/179/2 165/172/2
f 164/174/5 168/179/5 167/171/5
f 161/176/3 166/173/3 165/172/3
f 163/178/6 165/172/6 168/179/6
f 162/181/4 167/171/4 166/173/4
f 175/183/2 176/187/2 173/184/2
f 171/186/6 173/184/6 176/187/6
f 170/189/4 175/183/4 174/185/4
f 172/191/5 176/187/5 175/183/5
f 169/193/3 174/185/3 173/184/3
f 179/195/6 181/169/6 184/196/6
f 178/198/4 183/168/4 182/170/4
f 180/200/5 184/196/5 183/168/5
f 177/202/3 182/170/3 181/169/3
f 191/204/2 192/208/2 189/205/2
f 187/207/6 189/205/6 192/208/6
f 186/210/4 191/204/4 190/206/4
f 188/212/5 192/208/5 191/204/5
f 185/214/3 190/206/3 189/205/3
f 199/216/2 200/220/2 197/217/2
f 195/219/6 197/217/6 200/220/6
f 194/222/4 199/216/4 198/218/4
f 196/224/5 200/220/5 199/216/5
f 193/226/3 198/218/3 197/217/3
f 207/228/2 208/232/2 205/229/2
f 203/231/6 205/229/6 208/232/6
f 202/234/4 207/228/4 206/230/4
f 204/236/5 208/232/5 207/228/5
f 201/238/3 206/230/3 205/229/3
f 223/240/2 224/256/2 221/241/2
f 215/243/2 216/248/2 213/244/2
f 209/246/3 214/251/3 213/244/3
f 211/247/6 213/244/6 216/248/6
f 210/250/4 215/691/4 214/251/4
f 212/249/5 216/248/5 215/252/5
f 217/254/3 222/259/3 221/241/3
f 219/255/6 221/241/6 224/256/6
f 218/258/4 223/692/4 222/259/4
f 220/257/5 224/256/5 223/260/5
f 371/262/1 372/273/1 370/263/1
f 375/265/2 376/269/2 373/266/2
f 371/268/6 373/266/6 376/269/6
f 370/271/4 375/265/4 374/267/4
f 372/273/5 376/269/5 375/265/5
f 369/274/3 374/267/3 373/266/3
f 395/276/1 396/284/1 394/277/1
f 399/279/2 400/288/2 397/280/2
f 394/282/4 399/279/4 398/281/4
f 396/284/5 400/288/5 399/279/5
f 393/285/3 398/281/3 397/280/3
f 395/287/6 397/280/6 400/288/6
f 379/693/1 378/694/1 377/695/1
f 377/695/1 392/696/1 379/693/1
f 392/696/1 391/290/1 379/693/1
f 391/290/1 390/697/1 387/291/1
f 390/697/1 389/698/1 387/291/1
f 389/698/1 388/699/1 387/291/1
f 387/291/1 386/700/1 383/292/1
f 386/700/1 385/701/1 383/292/1
f 385/701/1 384/702/1 383/292/1
f 383/292/1 382/703/1 381/704/1
f 381/704/1 380/705/1 379/693/1
f 383/292/1 381/704/1 379/693/1
f 379/693/1 391/290/1 383/292/1
f 584/706/2 583/707/2 587/293/2
f 583/707/2 585/708/2 587/293/2
f 585/708/2 586/709/2 587/293/2
f 587/293/2 588/710/2 589/711/2
f 589/711/2 590/712/2 587/293/2
f 590/712/2 591/294/2 587/293/2
f 591/294/2 592/713/2 595/295/2
f 592/713/2 593/714/2 595/295/2
f 593/714/2 594/715/2 595/295/2
f 595/295/2 596/716/2 597/717/2
f 597/717/2 598/718/2 595/295/2
f 598/718/2 584/706/2 595/295/2
f 584/706/2 587/293/2 595/295/2
f 629/297/2 630/719/2 631/720/2
f 631/720/2 632/721/2 633/722/2
f 633/722/2 634/723/2 635/724/2
f 635/724/2 636/725/2 637/298/2
f 637/298/2 638/726/2 641/727/2
f 638/726/2 639/728/2 641/727/2
f 639/728/2 640/729/2 641/727/2
f 641/727/2 642/730/2 643/296/2
f 643/296/2 644/731/2 629/297/2
f 629/297/2 631/720/2 633/722/2
f 633/722/2 635/724/2 629/297/2
f 635/724/2 637/298/2 629/297/2
f 641/727/2 643/296/2 637/298/2
f 647/301/1 645/732/1 659/733/1
f 645/732/1 646/734/1 659/733/1
f 646/734/1 660/735/1 659/733/1
f 659/733/1 658/736/1 657/737/1
f 657/737/1 656/738/1 655/299/1
f 655/299/1 654/739/1 651/300/1
f 654/739/1 653/740/1 651/300/1
f 653/740/1 652/741/1 651/300/1
f 651/300/1 650/742/1 649/743/1
f 649/743/1 648/744/1 647/301/1
f 659/733/1 657/737/1 655/299/1
f 651/300/1 649/743/1 647/301/1
f 647/301/1 659/733/1 655/299/1
f 695/302/1 696/745/1 678/303/1
f 694/305/1 695/302/1 677/304/1
f 675/307/1 693/309/1 694/305/1
f 674/308/1 692/746/1 693/309/1
f 691/310/1 692/746/1 674/308/1
f 690/312/1 691/310/1 673/311/1
f 671/314/1 689/316/1 690/312/1
f 670/315/1 688/747/1 689/316/1
f 661/317/2 662/323/2 680/318/2
f 679/320/9 688/748/9 670/321/9
f 662/323/2 663/326/2 681/324/2
f 664/325/2 682/328/2 681/324/2
f 665/327/2 683/330/2 682/328/2
f 665/327/2 666/331/2 684/329/2
f 666/331/2 667/334/2 685/332/2
f 668/333/2 686/336/2 685/332/2
f 669/335/2 687/749/2 686/336/2
f 678/337/9 696/750/9 687/338/9
f 698/340/6 697/751/6 71/93/6
f 699/341/1 698/752/1 69/96/1
f 700/342/4 699/753/4 70/99/4
f 697/343/2 700/754/2 72/102/2
f 721/344/1 722/355/1 720/345/1
f 725/347/2 726/351/2 723/348/2
f 721/350/6 723/348/6 726/351/6
f 720/353/4 725/347/4 724/349/4
f 722/355/5 726/351/5 725/347/5
f 719/356/3 724/349/3 723/348/3
f 729/358/1 730/369/1 728/359/1
f 733/361/2 734/365/2 731/362/2
f 729/364/6 731/362/6 734/365/6
f 728/367/4 733/361/4 732/363/4
f 730/369/5 734/365/5 733/361/5
f 727/370/3 732/363/3 731/362/3
f 737/372/5 738/377/5 736/373/5
f 735/374/6 744/381/6 743/375/6
f 737/372/2 743/390/2 746/376/2
f 736/373/1 745/384/1 744/378/1
f 738/377/4 746/387/4 745/379/4
f 741/380/3 743/375/3 744/381/3
f 739/383/3 744/378/3 745/384/3
f 740/386/3 745/379/3 746/387/3
f 742/389/3 746/376/3 743/390/3
f 748/392/6 747/755/6 741/380/6
f 749/393/1 748/756/1 739/383/1
f 750/394/4 749/757/4 740/386/4
f 747/395/2 750/758/2 742/389/2
f 753/396/5 754/401/5 752/397/5
f 751/398/6 760/405/6 759/399/6
f 753/396/2 759/414/2 762/400/2
f 752/397/1 761/408/1 760/402/1
f 754/401/4 762/411/4 761/403/4
f 757/404/3 759/399/3 760/405/3
f 755/407/3 760/402/3 761/408/3
f 756/410/3 761/403/3 762/411/3
f 758/413/3 762/400/3 759/414/3
f 764/416/6 763/759/6 757/404/6
f 765/417/1 764/760/1 755/407/1
f 766/418/4 765/761/4 756/410/4
f 763/419/2 766/762/2 758/413/2
f 769/420/3 770/425/3 768/421/3
f 767/422/4 776/429/4 775/423/4
f 769/420/2 775/438/2 778/424/2
f 768/421/1 777/432/1 776/426/1
f 770/425/6 778/435/6 777/427/6
f 773/428/5 775/423/5 776/429/5
f 771/431/5 776/426/5 777/432/5
f 772/434/5 777/427/5 778/435/5
f 774/437/5 778/424/5 775/438/5
f 780/440/4 779/763/4 773/428/4
f 781/441/1 780/764/1 771/431/1
f 782/442/6 781/765/6 772/434/6
f 779/443/2 782/766/2 774/437/2
f 785/444/3 786/449/3 784/445/3
f 783/446/4 792/453/4 791/447/4
f 785/444/2 791/462/2 794/448/2
f 784/445/1 793/456/1 792/450/1
f 786/449/6 794/459/6 793/451/6
f 789/452/5 791/447/5 792/453/5
f 787/455/5 792/450/5 793/456/5
f 788/458/5 793/451/5 794/459/5
f 790/461/5 794/448/5 791/462/5
f 796/464/4 795/767/4 789/452/4
f 797/465/1 796/768/1 787/455/1
f 798/466/6 797/769/6 788/458/6
f 795/467/2 798/770/2 790/461/2
f 801/468/3 802/473/3 800/469/3
f 799/470/4 808/477/4 807/471/4
f 801/468/2 807/486/2 810/472/2
f 800/469/1 809/480/1 808/474/1
f 802/473/6 810/483/6 809/475/6
f 805/476/5 807/471/5 808/477/5
f 803/479/5 808/474/5 809/480/5
f 804/482/5 809/475/5 810/483/5
f 806/485/5 810/472/5 807/486/5
f 812/488/4 811/771/4 805/476/4
f 813/489/1 812/772/1 803/479/1
f 814/490/6 813/773/6 804/482/6
f 811/491/2 814/774/2 806/485/2
f 817/492/6 818/497/6 816/493/6
f 815/494/3 824/501/3 823/495/3
f 817/492/2 823/510/2 826/496/2
f 816/493/1 825/504/1 824/498/1
f 818/497/5 826/507/5 825/499/5
f 821/500/4 823/495/4 824/501/4
f 819/503/4 824/498/4 825/504/4
f 820/506/4 825/499/4 826/507/4
f 822/509/4 826/496/4 823/510/4
f 828/512/3 827/775/3 821/500/3
f 829/513/1 828/776/1 819/503/1
f 830/514/5 829/777/5 820/506/5
f 827/515/2 830/778/2 822/509/2
f 833/516/6 834/521/6 832/517/6
f 831/518/3 840/525/3 839/519/3
f 833/516/2 839/534/2 842/520/2
f 832/517/1 841/528/1 840/522/1
f 834/521/5 842/531/5 841/523/5
f 837/524/4 839/519/4 840/525/4
f 835/527/4 840/522/4 841/528/4
f 836/530/4 841/523/4 842/531/4
f 838/533/4 842/520/4 839/534/4
f 844/536/3 843/779/3 837/524/3
f 845/537/1 844/780/1 835/527/1
f 846/538/5 845/781/5 836/530/5
f 843/539/2 846/782/2 838/533/2
f 849/540/6 850/545/6 848/541/6
f 847/542/3 856/549/3 855/543/3
f 849/540/2 855/558/2 858/544/2
f 848/541/1 857/552/1 856/546/1
f 850/545/5 858/555/5 857/547/5
f 853/548/4 855/543/4 856/549/4
f 851/551/4 856/546/4 857/552/4
f 852/554/4 857/547/4 858/555/4
f 854/557/4 858/544/4 855/558/4
f 860/560/3 859/783/3 853/548/3
f 852/553/1 861/784/1 860/561/1
f 862/562/5 861/785/5 852/554/5
f 859/563/2 862/786/2 854/557/2
f 865/564/4 866/569/4 864/565/4
f 863/566/5 872/573/5 871/567/5
f 865/564/2 871/582/2 874/568/2
f 864/565/1 873/576/1 872/570/1
f 866/569/3 874/579/3 873/571/3
f 869/572/6 871/567/6 872/573/6
f 867/575/6 872/570/6 873/576/6
f 868/578/6 873/571/6 874/579/6
f 870/581/6 874/568/6 871/582/6
f 876/584/5 875/787/5 869/572/5
f 868/577/1 877/788/1 876/585/1
f 878/586/3 877/789/3 868/578/3
f 875/587/2 878/790/2 870/581/2
f 881/588/4 882/593/4 880/589/4
f 879/590/5 888/597/5 887/591/5
f 881/588/2 887/606/2 890/592/2
f 880/589/1 889/600/1 888/594/1
f 882/593/3 890/603/3 889/595/3
f 885/596/6 887/591/6 888/597/6
f 883/599/6 888/594/6 889/600/6
f 884/602/6 889/595/6 890/603/6
f 886/605/6 890/592/6 887/606/6
f 892/608/5 891/791/5 885/596/5
f 893/609/1 892/792/1 883/599/1
f 894/610/3 893/793/3 884/602/3
f 891/611/2 894/794/2 886/605/2
f 897/612/4 898/616/4 896/613/4
f 895/614/5 904/622/5 903/615/5
f 898/616/2 897/612/2 903/617/2
f 896/613/1 905/625/1 904/619/1
f 898/616/3 906/628/3 905/620/3
f 901/621/6 903/615/6 904/622/6
f 899/624/6 904/619/6 905/625/6
f 900/627/6 905/620/6 906/628/6
f 902/630/6 906/618/6 903/617/6
f 908/632/5 907/795/5 901/621/5
f 900/626/1 909/796/1 908/633/1
f 910/634/3 909/797/3 900/627/3
f 907/635/2 910/798/2 902/630/2
f 80/799/3 91/800/10 79/801/10
f 86/802/5 99/803/11 98/804/5
f 84/805/12 95/806/4 83/807/4
f 81/808/13 92/809/3 80/799/3
f 87/810/11 100/811/14 99/803/11
f 78/812/15 90/813/6 77/814/6
f 85/815/16 96/816/12 84/805/12
f 82/817/17 93/818/13 81/808/13
f 77/814/6 100/811/14 88/819/14
f 79/801/10 89/820/15 78/812/15
f 86/821/5 97/822/16 85/815/16
f 83/807/4 94/823/17 82/817/17
f 104/824/3 115/825/10 103/826/10
f 111/827/11 122/828/5 110/829/5
f 108/830/12 119/831/4 107/832/4
f 105/833/13 116/834/3 104/824/3
f 112/835/14 123/836/11 111/827/11
f 101/837/6 113/838/15 114/839/6
f 109/840/16 120/841/12 108/830/12
f 106/842/17 117/843/13 105/833/13
f 101/837/6 124/844/14 112/835/14
f 103/826/10 113/838/15 102/845/15
f 109/840/16 122/846/5 121/847/16
f 107/832/4 118/848/17 106/842/17
f 267/849/18 258/850/7 259/851/5
f 272/852/19 263/853/3 264/854/8
f 228/855/2 229/856/7 227/857/2
f 265/858/20 279/859/21 272/852/19
f 256/860/8 226/861/2 255/862/8
f 230/863/7 231/864/5 229/856/7
f 271/865/22 262/866/23 263/853/3
f 254/867/3 255/862/8 253/868/3
f 232/869/5 233/870/24 231/864/5
f 265/858/20 264/854/8 257/871/2
f 252/872/23 253/868/3 251/873/23
f 234/874/24 235/875/1 233/870/24
f 266/876/25 257/871/2 258/850/7
f 249/877/1 252/872/23 251/873/23
f 236/878/1 237/879/23 235/880/1
f 268/881/26 259/851/5 260/882/24
f 248/883/24 249/884/1 247/885/24
f 238/886/23 239/887/3 237/879/23
f 244/888/7 245/889/5 243/890/7
f 246/891/5 247/885/24 245/889/5
f 240/892/3 241/893/8 239/887/3
f 269/894/27 260/882/24 261/895/1
f 270/896/28 261/897/1 262/866/23
f 241/893/8 228/855/2 227/857/2
f 225/898/2 243/890/7 226/861/2
f 271/899/22 277/900/29 270/901/28
f 266/876/25 275/902/30 274/903/31
f 272/852/19 278/904/32 271/899/22
f 267/905/18 276/906/33 275/902/30
f 266/876/25 273/907/34 265/858/20
f 278/904/32 286/908/35 285/909/36
f 276/906/33 282/910/37 275/902/30
f 274/903/31 280/911/38 273/907/34
f 279/859/21 280/911/38 286/908/35
f 277/900/29 285/909/36 284/912/39
f 275/902/30 281/913/40 274/903/31
f 269/914/27 276/906/33 268/915/26
f 276/906/33 269/914/27 283/916/41
f 270/901/28 277/900/29 269/917/27
f 277/900/29 284/912/39 269/917/27
f 283/918/41 290/919/42 282/920/37
f 281/913/40 288/921/43 280/911/38
f 284/922/39 287/923/44 269/924/27
f 280/911/38 294/925/45 286/908/35
f 269/926/27 291/927/46 283/918/41
f 285/928/36 292/929/47 284/922/39
f 282/920/37 289/930/48 281/913/40
f 286/908/35 293/931/49 285/928/36
f 292/929/47 295/932/50 287/933/44
f 294/925/45 296/934/51 301/935/52
f 293/931/49 299/936/53 292/929/47
f 287/937/44 298/938/54 291/939/46
f 293/931/49 301/935/52 300/940/23
f 288/941/43 297/942/55 296/934/51
f 301/935/52 307/943/56 300/940/23
f 297/942/55 303/944/57 296/934/51
f 295/932/50 306/945/58 302/946/59
f 296/934/51 308/947/60 301/935/52
f 299/936/53 307/943/56 306/945/58
f 298/938/54 302/948/59 305/949/61
f 290/950/42 297/942/55 289/951/48
f 297/942/55 290/950/42 304/952/62
f 291/939/46 298/938/54 290/950/42
f 298/938/54 305/949/61 290/950/42
f 319/953/18 310/954/7 311/955/5
f 324/956/19 315/957/3 316/958/8
f 317/959/20 331/960/21 324/956/19
f 323/961/22 314/962/23 315/957/3
f 317/959/20 316/958/8 309/963/2
f 318/964/25 309/963/2 310/954/7
f 320/965/26 311/955/5 312/966/24
f 321/967/27 312/966/24 313/968/1
f 322/969/28 313/970/1 314/962/23
f 323/971/22 329/972/29 322/973/28
f 319/974/18 326/975/31 318/964/25
f 324/956/19 330/976/32 323/971/22
f 319/974/18 328/977/33 327/978/30
f 318/964/25 325/979/34 317/959/20
f 330/976/32 338/980/35 337/981/36
f 328/977/33 334/982/37 327/978/30
f 325/979/34 333/983/40 332/984/38
f 325/979/34 338/980/35 331/960/21
f 329/972/29 337/981/36 336/985/39
f 326/975/31 334/982/37 333/983/40
f 321/986/27 328/977/33 320/987/26
f 328/977/33 321/986/27 335/988/41
f 322/973/28 329/972/29 321/989/27
f 329/972/29 336/985/39 321/989/27
f 335/990/41 342/991/7 334/992/37
f 333/983/40 340/993/43 332/984/38
f 336/994/39 339/995/44 321/996/27
f 332/984/38 346/997/45 338/980/35
f 321/998/27 343/999/46 335/990/41
f 337/1000/36 344/1001/47 336/994/39
f 334/992/37 341/1002/48 333/983/40
f 338/980/35 345/1003/49 337/1000/36
f 339/1004/44 351/1005/53 347/1006/50
f 340/1007/43 353/1008/52 346/997/45
f 344/1001/47 352/1009/23 351/1005/53
f 339/1010/44 350/1011/54 343/1012/46
f 346/997/45 352/1009/23 345/1003/49
f 340/1007/43 349/1013/55 348/1014/51
f 352/1009/23 360/1015/63 359/1016/64
f 349/1013/55 355/1017/65 348/1014/51
f 347/1006/50 358/1018/66 354/1019/67
f 348/1014/51 360/1015/63 353/1008/52
f 352/1009/23 358/1018/66 351/1005/53
f 350/1011/54 354/1020/67 357/1021/68
f 342/1022/7 349/1013/55 341/1023/48
f 349/1013/55 342/1022/7 356/1024/69
f 343/1012/46 350/1011/54 342/1022/7
f 350/1011/54 357/1021/68 342/1022/7
f 354/1025/67 365/1026/70 357/1027/68
f 360/1015/63 367/1028/1 359/1016/64
f 356/1029/69 363/1030/6 355/1031/65
f 357/1027/68 361/1032/2 342/1033/7
f 358/1018/66 362/1034/4 354/1035/67
f 342/1033/7 364/1036/34 356/1029/69
f 355/1031/65 368/1037/71 360/1015/63
f 359/1016/64 366/1038/27 358/1018/66
f 413/1039/7 428/1040/72 412/1041/72
f 380/1042/73 403/1043/74 379/1044/74
f 381/1045/3 404/1046/73 380/1042/73
f 382/1047/75 405/1048/3 381/1049/3
f 670/315/76 406/1050/75 382/1047/75
f 416/1051/77 678/303/78 669/335/78
f 378/1052/79 402/1053/6 377/1054/6
f 377/1054/6 416/1051/77 392/1055/77
f 379/1044/74 401/1056/79 378/1052/79
f 419/1057/74 433/1058/79 417/1059/79
f 406/1050/80 421/1060/8 405/1048/8
f 414/1061/81 429/1062/7 413/1039/7
f 407/1063/82 422/1064/80 406/1050/80
f 415/1065/83 430/1066/81 414/1061/81
f 408/1067/84 423/1068/82 407/1063/82
f 416/1051/85 431/1069/83 415/1065/83
f 409/1070/70 424/1071/84 408/1067/84
f 401/1056/86 418/1072/34 402/1053/34
f 402/1053/34 432/1073/85 416/1051/85
f 409/1070/70 426/1074/87 425/1075/70
f 403/1043/88 417/1076/86 401/1056/86
f 410/1077/87 427/1078/89 426/1079/87
f 404/1046/90 419/1080/88 403/1043/88
f 411/1081/89 428/1082/72 427/1083/89
f 405/1084/8 420/1085/90 404/1046/90
f 440/1086/91 589/1087/92 439/1088/92
f 426/1089/93 443/1090/9 442/1091/93
f 420/1092/73 435/1093/74 419/1057/74
f 428/1094/94 443/1090/9 427/1095/9
f 421/1096/3 436/1097/73 420/1092/73
f 429/1098/5 444/1099/94 428/1094/94
f 422/1100/75 437/1101/3 421/1102/3
f 430/1103/95 445/1104/5 429/1098/5
f 423/1105/96 438/1106/75 422/1100/75
f 431/1107/97 446/1108/95 430/1103/95
f 424/1109/98 439/1088/96 423/1105/96
f 432/1110/77 447/1111/97 431/1107/97
f 425/1112/4 440/1086/98 424/1109/98
f 417/1059/79 434/1113/6 418/1114/6
f 418/1114/6 448/1115/77 432/1110/77
f 426/1089/93 441/1116/4 425/1112/4
f 450/1117/8 459/1118/22 451/1119/3
f 455/1120/5 464/1121/25 456/1122/7
f 471/1123/31 457/1124/20 464/1121/25
f 454/1125/24 463/1126/18 455/1120/5
f 456/1122/7 457/1124/20 449/1127/2
f 449/1127/2 458/1128/19 450/1117/8
f 451/1119/3 460/1129/28 452/1130/23
f 452/1130/23 461/1131/27 453/1132/1
f 453/1133/1 462/1134/26 454/1125/24
f 469/1135/33 463/1136/18 462/1137/26
f 458/1128/19 467/1138/32 459/1139/22
f 470/1140/30 464/1121/25 463/1136/18
f 459/1139/22 468/1141/29 460/1142/28
f 457/1124/20 466/1143/21 458/1128/19
f 477/1144/37 471/1123/31 470/1140/30
f 474/1145/36 468/1141/29 467/1138/32
f 472/1146/38 466/1143/21 465/1147/34
f 478/1148/40 465/1147/34 471/1123/31
f 469/1135/33 477/1144/37 470/1140/30
f 473/1149/35 467/1138/32 466/1143/21
f 461/1150/27 460/1142/28 468/1141/29
f 468/1141/29 475/1151/39 461/1150/27
f 462/1137/26 461/1152/27 469/1135/33
f 469/1135/33 461/1152/27 476/1153/41
f 482/1154/99 475/1155/39 474/1156/36
f 480/1157/100 473/1149/35 472/1146/38
f 479/1158/101 476/1159/41 461/1160/27
f 486/1161/102 472/1146/38 478/1148/40
f 483/1162/103 461/1163/27 475/1155/39
f 484/1164/104 477/1165/37 476/1159/41
f 481/1166/105 474/1156/36 473/1149/35
f 485/1167/106 478/1148/40 477/1165/37
f 487/1168/107 484/1164/104 479/1169/101
f 486/1161/102 488/1170/108 480/1171/100
f 491/1172/109 485/1167/106 484/1164/104
f 490/1173/110 479/1174/101 483/1175/103
f 492/1176/24 486/1161/102 485/1167/106
f 480/1171/100 489/1177/111 481/1178/105
f 499/1179/112 493/1180/113 492/1176/24
f 495/1181/114 489/1177/111 488/1170/108
f 494/1182/115 491/1172/109 487/1168/107
f 500/1183/116 488/1170/108 493/1180/113
f 498/1184/117 492/1176/24 491/1172/109
f 490/1173/110 494/1185/115 487/1186/107
f 482/1187/99 481/1178/105 489/1177/111
f 489/1177/111 496/1188/118 482/1187/99
f 483/1175/103 482/1187/99 490/1173/110
f 490/1173/110 482/1187/99 497/1189/119
f 502/1190/8 511/1191/22 503/1192/3
f 507/1193/5 516/1194/25 508/1195/7
f 523/1196/31 509/1197/20 516/1194/25
f 506/1198/24 515/1199/18 507/1193/5
f 508/1195/7 509/1197/20 501/1200/2
f 501/1200/2 510/1201/19 502/1190/8
f 503/1192/3 512/1202/28 504/1203/23
f 504/1203/23 513/1204/27 505/1205/1
f 505/1206/1 514/1207/26 506/1198/24
f 521/1208/33 515/1209/18 514/1210/26
f 510/1201/19 519/1211/32 511/1212/22
f 522/1213/30 516/1194/25 515/1209/18
f 511/1212/22 520/1214/29 512/1215/28
f 509/1197/20 518/1216/21 510/1201/19
f 522/1213/30 530/1217/40 523/1196/31
f 526/1218/36 520/1214/29 519/1211/32
f 524/1219/38 518/1216/21 517/1220/34
f 523/1196/31 524/1219/38 517/1220/34
f 521/1208/33 529/1221/37 522/1213/30
f 525/1222/35 519/1211/32 518/1216/21
f 513/1223/27 512/1215/28 520/1214/29
f 520/1214/29 527/1224/39 513/1223/27
f 514/1210/26 513/1225/27 521/1208/33
f 521/1208/33 513/1225/27 528/1226/41
f 534/1227/99 527/1228/39 526/1229/36
f 532/1230/100 525/1222/35 524/1219/38
f 531/1231/101 528/1232/41 513/1233/27
f 538/1234/102 524/1219/38 530/1217/40
f 535/1235/103 513/1236/27 527/1228/39
f 536/1237/104 529/1238/37 528/1232/41
f 533/1239/105 526/1229/36 525/1222/35
f 537/1240/106 530/1217/40 529/1238/37
f 539/1241/107 536/1237/104 531/1242/101
f 538/1234/102 540/1243/108 532/1244/100
f 543/1245/109 537/1240/106 536/1237/104
f 542/1246/110 531/1247/101 535/1248/103
f 537/1240/106 545/1249/113 538/1234/102
f 532/1244/100 541/1250/111 533/1251/105
f 551/1252/112 545/1249/113 544/1253/24
f 547/1254/114 541/1250/111 540/1243/108
f 539/1241/107 550/1255/117 543/1245/109
f 552/1256/116 540/1243/108 545/1249/113
f 543/1245/109 551/1252/112 544/1253/24
f 542/1246/110 546/1257/115 539/1258/107
f 534/1259/99 533/1251/105 541/1250/111
f 541/1250/111 548/1260/118 534/1259/99
f 535/1248/103 534/1259/99 542/1246/110
f 542/1246/110 534/1259/99 549/1261/119
f 555/1262/2 562/1263/120 554/1264/34
f 560/1265/71 567/1266/121 559/1267/1
f 558/1268/27 565/1269/122 557/1270/4
f 556/1271/70 563/1272/123 555/1262/2
f 554/1264/34 561/1273/124 553/1274/6
f 553/1274/6 568/1275/125 560/1265/71
f 559/1267/1 566/1276/126 558/1268/27
f 557/1277/4 564/1278/127 556/1271/70
f 563/1279/123 572/1280/128 571/1281/129
f 561/1273/124 570/1282/130 569/1283/97
f 561/1273/124 575/1284/131 568/1275/125
f 567/1285/121 573/1286/132 566/1287/126
f 562/1263/120 571/1281/129 570/1282/130
f 567/1285/121 575/1284/131 574/1288/133
f 574/1288/133 582/1289/134 581/1290/135
f 572/1280/128 578/1291/136 571/1281/129
f 570/1282/130 576/1292/95 569/1283/97
f 575/1284/131 576/1292/95 582/1289/134
f 573/1286/132 581/1290/135 580/1293/137
f 571/1281/129 577/1294/138 570/1282/130
f 448/1115/139 597/1295/140 447/1111/140
f 441/1116/141 590/1296/91 440/1086/91
f 433/1058/142 584/1297/143 434/1113/143
f 434/1113/143 598/1298/139 448/1115/139
f 442/1091/144 591/1299/141 441/1116/141
f 433/1058/142 585/1300/145 583/1301/142
f 442/1091/144 593/1302/146 592/1303/144
f 436/1097/147 585/1304/145 435/1093/145
f 444/1099/148 593/1305/146 443/1090/146
f 436/1097/147 587/1306/149 586/1307/147
f 445/1104/150 594/1308/148 444/1099/148
f 437/1101/149 588/1309/151 587/1310/149
f 445/1104/150 596/1311/152 595/1312/150
f 438/1106/151 589/1313/92 588/1314/151
f 446/1108/152 597/1315/140 596/1316/152
f 608/1317/153 601/1318/2 600/1319/70
f 613/1320/154 606/1321/27 605/1322/1
f 611/1323/155 604/1324/71 603/1325/6
f 609/1326/156 602/1327/34 601/1318/2
f 607/1328/157 600/1319/70 599/1329/4
f 614/1330/158 599/1329/4 606/1321/27
f 612/1331/159 605/1322/1 604/1324/71
f 610/1332/160 603/1333/6 602/1327/34
f 609/1334/156 618/1335/161 610/1336/160
f 615/1337/9 608/1317/153 607/1328/157
f 621/1338/162 607/1328/157 614/1330/158
f 619/1339/163 613/1340/154 612/1341/159
f 608/1317/153 617/1342/164 609/1334/156
f 620/1343/165 614/1330/158 613/1340/154
f 620/1343/165 628/1344/166 621/1338/162
f 624/1345/167 618/1335/161 617/1342/164
f 622/1346/94 616/1347/168 615/1337/9
f 621/1338/162 622/1346/94 615/1337/9
f 619/1339/163 627/1348/169 620/1343/165
f 623/1349/170 617/1342/164 616/1347/168
f 386/1350/93 663/326/4 385/1351/4
f 635/1352/97 680/1353/77 636/1354/77
f 388/1355/94 665/327/9 387/1356/9
f 390/1357/95 667/334/5 389/1358/5
f 637/1359/6 682/1360/79 638/1361/79
f 385/1351/4 662/323/98 384/1362/98
f 646/1363/4 630/1364/93 629/1365/4
f 660/1366/98 629/1365/4 644/1367/98
f 387/1356/9 664/325/93 386/1350/93
f 645/1368/93 631/1369/9 630/1364/93
f 389/1358/5 666/331/94 388/1355/94
f 631/1369/9 648/1370/94 632/1371/94
f 391/1372/97 668/333/95 390/1357/95
f 648/1370/94 633/1373/5 632/1371/94
f 384/1362/98 661/317/76 383/1374/96
f 649/1375/5 634/1376/95 633/1377/5
f 412/1041/94 676/306/5 413/1039/5
f 410/1077/93 674/308/9 411/1081/9
f 408/1067/98 672/313/4 409/1070/4
f 413/1039/5 677/304/95 414/1061/95
f 411/1081/9 675/307/94 412/1041/94
f 409/1070/4 673/311/93 410/1077/93
f 407/1063/96 671/314/98 408/1067/98
f 414/1061/95 678/303/78 415/1065/97
f 642/1378/75 687/338/171 643/1379/96
f 640/1380/73 685/1381/3 641/1382/3
f 638/1361/79 683/1383/74 639/1384/74
f 636/1354/77 681/1385/6 637/1359/6
f 641/1382/3 686/1386/75 642/1378/75
f 639/1384/74 684/1387/73 640/1380/73
f 658/1388/75 694/1389/3 657/1390/3
f 656/1391/73 692/1392/74 655/1393/74
f 654/1394/79 690/1395/6 653/1396/6
f 652/1397/77 688/748/172 651/1398/97
f 659/1399/96 695/1400/75 658/1388/75
f 657/1390/3 693/1401/73 656/1391/73
f 655/1393/74 691/1402/79 654/1394/79
f 653/1396/6 689/1403/77 652/1397/77
f 688/748/172 679/320/172 650/1404/95
f 644/1367/98 696/750/171 660/1366/98
f 702/1405/98 710/1406/173 701/1407/173
f 703/1408/4 711/1409/98 702/1405/98
f 704/1410/93 712/1411/4 703/1408/4
f 705/1412/9 713/1413/93 704/1410/93
f 706/1414/94 714/1415/9 705/1412/9
f 707/1416/5 715/1417/94 706/1414/94
f 708/1418/95 716/1419/5 707/1416/5
f 717/1420/95 709/1421/174 718/1422/174
f 566/1287/126 573/1286/132 565/1423/122
f 573/1286/132 580/1293/137 565/1423/122
f 564/1424/127 565/1425/122 572/1280/128
f 572/1280/128 565/1425/122 579/1426/175
f 610/1336/160 618/1335/161 611/1427/155
f 618/1335/161 625/1428/176 611/1427/155
f 612/1341/159 611/1429/155 619/1339/163
f 619/1339/163 611/1429/155 626/1430/177
f 80/799/3 92/809/3 91/800/10
f 86/802/5 87/810/11 99/803/11
f 84/805/12 96/816/12 95/806/4
f 81/808/13 93/818/13 92/809/3
f 87/810/11 88/819/14 100/811/14
f 78/812/15 89/820/15 90/813/6
f 85/815/16 97/822/16 96/816/12
f 82/817/17 94/823/17 93/818/13
f 77/814/6 90/813/6 100/811/14
f 79/801/10 91/800/10 89/820/15
f 86/821/5 98/1431/5 97/822/16
f 83/807/4 95/806/4 94/823/17
f 104/824/3 116/834/3 115/825/10
f 111/827/11 123/836/11 122/828/5
f 108/830/12 120/841/12 119/831/4
f 105/833/13 117/843/13 116/834/3
f 112/835/14 124/844/14 123/836/11
f 101/837/6 102/845/15 113/838/15
f 109/840/16 121/847/16 120/841/12
f 106/842/17 118/848/17 117/843/13
f 101/837/6 114/839/6 124/844/14
f 103/826/10 115/825/10 113/838/15
f 109/840/16 110/1432/5 122/846/5
f 107/832/4 119/831/4 118/848/17
f 267/849/18 266/876/25 258/850/7
f 272/852/19 271/865/22 263/853/3
f 228/855/2 230/863/7 229/856/7
f 265/858/20 273/907/34 279/859/21
f 256/860/8 225/898/2 226/861/2
f 230/863/7 232/869/5 231/864/5
f 271/865/22 270/896/28 262/866/23
f 254/867/3 256/860/8 255/862/8
f 232/869/5 234/874/24 233/870/24
f 265/858/20 272/852/19 264/854/8
f 252/872/23 254/867/3 253/868/3
f 234/874/24 236/1433/1 235/875/1
f 266/876/25 265/858/20 257/871/2
f 249/877/1 250/1434/1 252/872/23
f 236/878/1 238/886/23 237/879/23
f 268/881/26 267/849/18 259/851/5
f 248/883/24 250/1435/1 249/884/1
f 238/886/23 240/892/3 239/887/3
f 244/888/7 246/891/5 245/889/5
f 246/891/5 248/883/24 247/885/24
f 240/892/3 242/1436/8 241/893/8
f 269/894/27 268/881/26 260/882/24
f 270/896/28 269/1437/27 261/897/1
f 241/893/8 242/1436/8 228/855/2
f 225/898/2 244/888/7 243/890/7
f 271/899/22 278/904/32 277/900/29
f 266/876/25 267/905/18 275/902/30
f 272/852/19 279/859/21 278/904/32
f 267/905/18 268/915/26 276/906/33
f 266/876/25 274/903/31 273/907/34
f 278/904/32 279/859/21 286/908/35
f 276/906/33 283/916/41 282/910/37
f 274/903/31 281/913/40 280/911/38
f 279/859/21 273/907/34 280/911/38
f 277/900/29 278/904/32 285/909/36
f 275/902/30 282/910/37 281/913/40
f 283/918/41 291/927/46 290/919/42
f 281/913/40 289/930/48 288/921/43
f 284/922/39 292/929/47 287/923/44
f 280/911/38 288/921/43 294/925/45
f 269/926/27 287/1438/44 291/927/46
f 285/928/36 293/931/49 292/929/47
f 282/920/37 290/919/42 289/930/48
f 286/908/35 294/925/45 293/931/49
f 292/929/47 299/936/53 295/932/50
f 294/925/45 288/941/43 296/934/51
f 293/931/49 300/940/23 299/936/53
f 287/937/44 295/1439/50 298/938/54
f 293/931/49 294/925/45 301/935/52
f 288/941/43 289/951/48 297/942/55
f 301/935/52 308/947/60 307/943/56
f 297/942/55 304/952/62 303/944/57
f 295/932/50 299/936/53 306/945/58
f 296/934/51 303/944/57 308/947/60
f 299/936/53 300/940/23 307/943/56
f 298/938/54 295/1439/50 302/948/59
f 319/953/18 318/964/25 310/954/7
f 324/956/19 323/961/22 315/957/3
f 317/959/20 325/979/34 331/960/21
f 323/961/22 322/969/28 314/962/23
f 317/959/20 324/956/19 316/958/8
f 318/964/25 317/959/20 309/963/2
f 320/965/26 319/953/18 311/955/5
f 321/967/27 320/965/26 312/966/24
f 322/969/28 321/1440/27 313/970/1
f 323/971/22 330/976/32 329/972/29
f 319/974/18 327/978/30 326/975/31
f 324/956/19 331/960/21 330/976/32
f 319/974/18 320/987/26 328/977/33
f 318/964/25 326/975/31 325/979/34
f 330/976/32 331/960/21 338/980/35
f 328/977/33 335/988/41 334/982/37
f 325/979/34 326/975/31 333/983/40
f 325/979/34 332/984/38 338/980/35
f 329/972/29 330/976/32 337/981/36
f 326/975/31 327/978/30 334/982/37
f 335/990/41 343/999/46 342/991/7
f 333/983/40 341/1002/48 340/993/43
f 336/994/39 344/1001/47 339/995/44
f 332/984/38 340/993/43 346/997/45
f 321/998/27 339/1441/44 343/999/46
f 337/1000/36 345/1003/49 344/1001/47
f 334/992/37 342/991/7 341/1002/48
f 338/980/35 346/997/45 345/1003/49
f 339/1004/44 344/1001/47 351/1005/53
f 340/1007/43 348/1014/51 353/1008/52
f 344/1001/47 345/1003/49 352/1009/23
f 339/1010/44 347/1442/50 350/1011/54
f 346/997/45 353/1008/52 352/1009/23
f 340/1007/43 341/1023/48 349/1013/55
f 352/1009/23 353/1008/52 360/1015/63
f 349/1013/55 356/1024/69 355/1017/65
f 347/1006/50 351/1005/53 358/1018/66
f 348/1014/51 355/1017/65 360/1015/63
f 352/1009/23 359/1016/64 358/1018/66
f 350/1011/54 347/1442/50 354/1020/67
f 354/1025/67 362/1443/4 365/1026/70
f 360/1015/63 368/1037/71 367/1028/1
f 356/1029/69 364/1036/34 363/1030/6
f 357/1027/68 365/1026/70 361/1032/2
f 358/1018/66 366/1038/27 362/1034/4
f 342/1033/7 361/1032/2 364/1036/34
f 355/1031/65 363/1030/6 368/1037/71
f 359/1016/64 367/1028/1 366/1038/27
f 413/1039/7 429/1444/7 428/1040/72
f 380/1042/73 404/1046/73 403/1043/74
f 381/1045/3 405/1084/3 404/1046/73
f 382/1047/75 406/1050/75 405/1048/3
f 382/1047/75 383/1374/96 661/317/76
f 670/315/76 407/1063/96 406/1050/75
f 382/1047/75 661/317/76 670/315/76
f 391/1372/97 392/1055/77 669/335/78
f 392/1055/77 416/1051/77 669/335/78
f 416/1051/77 415/1065/97 678/303/78
f 378/1052/79 401/1056/79 402/1053/6
f 377/1054/6 402/1053/6 416/1051/77
f 379/1044/74 403/1043/74 401/1056/79
f 419/1057/74 435/1093/74 433/1058/79
f 406/1050/80 422/1445/80 421/1060/8
f 414/1061/81 430/1446/81 429/1062/7
f 407/1063/82 423/1447/82 422/1064/80
f 415/1065/83 431/1448/83 430/1066/81
f 408/1067/84 424/1449/84 423/1068/82
f 416/1051/85 432/1450/85 431/1069/83
f 409/1070/70 425/1451/70 424/1071/84
f 401/1056/86 417/1452/86 418/1072/34
f 402/1053/34 418/1453/34 432/1073/85
f 409/1070/70 410/1077/87 426/1074/87
f 403/1043/88 419/1454/88 417/1076/86
f 410/1077/87 411/1081/89 427/1078/89
f 404/1046/90 420/1455/90 419/1080/88
f 411/1081/89 412/1041/72 428/1082/72
f 405/1084/8 421/1456/8 420/1085/90
f 440/1086/91 590/1457/91 589/1087/92
f 426/1089/93 427/1095/9 443/1090/9
f 420/1092/73 436/1097/73 435/1093/74
f 428/1094/94 444/1099/94 443/1090/9
f 421/1096/3 437/1458/3 436/1097/73
f 429/1098/5 445/1104/5 444/1099/94
f 422/1100/75 438/1106/75 437/1101/3
f 430/1103/95 446/1108/95 445/1104/5
f 423/1105/96 439/1088/96 438/1106/75
f 431/1107/97 447/1111/97 446/1108/95
f 424/1109/98 440/1086/98 439/1088/96
f 432/1110/77 448/1115/77 447/1111/97
f 425/1112/4 441/1116/4 440/1086/98
f 417/1059/79 433/1058/79 434/1113/6
f 418/1114/6 434/1113/6 448/1115/77
f 426/1089/93 442/1091/93 441/1116/4
f 450/1117/8 458/1128/19 459/1118/22
f 455/1120/5 463/1126/18 464/1121/25
f 471/1123/31 465/1147/34 457/1124/20
f 454/1125/24 462/1134/26 463/1126/18
f 456/1122/7 464/1121/25 457/1124/20
f 449/1127/2 457/1124/20 458/1128/19
f 451/1119/3 459/1118/22 460/1129/28
f 452/1130/23 460/1129/28 461/1131/27
f 453/1133/1 461/1459/27 462/1134/26
f 469/1135/33 470/1140/30 463/1136/18
f 458/1128/19 466/1143/21 467/1138/32
f 470/1140/30 471/1123/31 464/1121/25
f 459/1139/22 467/1138/32 468/1141/29
f 457/1124/20 465/1147/34 466/1143/21
f 477/1144/37 478/1148/40 471/1123/31
f 474/1145/36 475/1151/39 468/1141/29
f 472/1146/38 473/1149/35 466/1143/21
f 478/1148/40 472/1146/38 465/1147/34
f 469/1135/33 476/1153/41 477/1144/37
f 473/1149/35 474/1145/36 467/1138/32
f 482/1154/99 483/1162/103 475/1155/39
f 480/1157/100 481/1166/105 473/1149/35
f 479/1158/101 484/1164/104 476/1159/41
f 486/1161/102 480/1157/100 472/1146/38
f 483/1162/103 479/1460/101 461/1163/27
f 484/1164/104 485/1167/106 477/1165/37
f 481/1166/105 482/1154/99 474/1156/36
f 485/1167/106 486/1161/102 478/1148/40
f 487/1168/107 491/1172/109 484/1164/104
f 486/1161/102 493/1180/113 488/1170/108
f 491/1172/109 492/1176/24 485/1167/106
f 490/1173/110 487/1186/107 479/1174/101
f 492/1176/24 493/1180/113 486/1161/102
f 480/1171/100 488/1170/108 489/1177/111
f 499/1179/112 500/1183/116 493/1180/113
f 495/1181/114 496/1188/118 489/1177/111
f 494/1182/115 498/1184/117 491/1172/109
f 500/1183/116 495/1181/114 488/1170/108
f 498/1184/117 499/1179/112 492/1176/24
f 490/1173/110 497/1189/119 494/1185/115
f 502/1190/8 510/1201/19 511/1191/22
f 507/1193/5 515/1199/18 516/1194/25
f 523/1196/31 517/1220/34 509/1197/20
f 506/1198/24 514/1207/26 515/1199/18
f 508/1195/7 516/1194/25 509/1197/20
f 501/1200/2 509/1197/20 510/1201/19
f 503/1192/3 511/1191/22 512/1202/28
f 504/1203/23 512/1202/28 513/1204/27
f 505/1206/1 513/1461/27 514/1207/26
f 521/1208/33 522/1213/30 515/1209/18
f 510/1201/19 518/1216/21 519/1211/32
f 522/1213/30 523/1196/31 516/1194/25
f 511/1212/22 519/1211/32 520/1214/29
f 509/1197/20 517/1220/34 518/1216/21
f 522/1213/30 529/1221/37 530/1217/40
f 526/1218/36 527/1224/39 520/1214/29
f 524/1219/38 525/1222/35 518/1216/21
f 523/1196/31 530/1217/40 524/1219/38
f 521/1208/33 528/1226/41 529/1221/37
f 525/1222/35 526/1218/36 519/1211/32
f 534/1227/99 535/1235/103 527/1228/39
f 532/1230/100 533/1239/105 525/1222/35
f 531/1231/101 536/1237/104 528/1232/41
f 538/1234/102 532/1230/100 524/1219/38
f 535/1235/103 531/1462/101 513/1236/27
f 536/1237/104 537/1240/106 529/1238/37
f 533/1239/105 534/1227/99 526/1229/36
f 537/1240/106 538/1234/102 530/1217/40
f 539/1241/107 543/1245/109 536/1237/104
f 538/1234/102 545/1249/113 540/1243/108
f 543/1245/109 544/1253/24 537/1240/106
f 542/1246/110 539/1258/107 531/1247/101
f 537/1240/106 544/1253/24 545/1249/113
f 532/1244/100 540/1243/108 541/1250/111
f 551/1252/112 552/1256/116 545/1249/113
f 547/1254/114 548/1260/118 541/1250/111
f 539/1241/107 546/1463/115 550/1255/117
f 552/1256/116 547/1254/114 540/1243/108
f 543/1245/109 550/1255/117 551/1252/112
f 542/1246/110 549/1261/119 546/1257/115
f 555/1262/2 563/1272/123 562/1263/120
f 560/1265/71 568/1275/125 567/1266/121
f 558/1268/27 566/1276/126 565/1269/122
f 556/1271/70 564/1278/127 563/1272/123
f 554/1264/34 562/1263/120 561/1273/124
f 553/1274/6 561/1273/124 568/1275/125
f 559/1267/1 567/1266/121 566/1276/126
f 557/1277/4 565/1464/122 564/1278/127
f 563/1279/123 564/1424/127 572/1280/128
f 561/1273/124 562/1263/120 570/1282/130
f 561/1273/124 569/1283/97 575/1284/131
f 567/1285/121 574/1288/133 573/1286/132
f 562/1263/120 563/1279/123 571/1281/129
f 567/1285/121 568/1275/125 575/1284/131
f 574/1288/133 575/1284/131 582/1289/134
f 572/1280/128 579/1426/175 578/1291/136
f 570/1282/130 577/1294/138 576/1292/95
f 575/1284/131 569/1283/97 576/1292/95
f 573/1286/132 574/1288/133 581/1290/135
f 571/1281/129 578/1291/136 577/1294/138
f 448/1115/139 598/1465/139 597/1295/140
f 441/1116/141 591/1466/141 590/1296/91
f 433/1058/142 583/1467/142 584/1297/143
f 434/1113/143 584/1468/143 598/1298/139
f 442/1091/144 592/1469/144 591/1299/141
f 433/1058/142 435/1093/145 585/1300/145
f 442/1091/144 443/1090/146 593/1302/146
f 436/1097/147 586/1470/147 585/1304/145
f 444/1099/148 594/1471/148 593/1305/146
f 436/1097/147 437/1458/149 587/1306/149
f 445/1104/150 595/1472/150 594/1308/148
f 437/1101/149 438/1106/151 588/1309/151
f 445/1104/150 446/1108/152 596/1311/152
f 438/1106/151 439/1088/92 589/1313/92
f 446/1108/152 447/1111/140 597/1315/140
f 608/1317/153 609/1326/156 601/1318/2
f 613/1320/154 614/1330/158 606/1321/27
f 611/1323/155 612/1331/159 604/1324/71
f 609/1326/156 610/1332/160 602/1327/34
f 607/1328/157 608/1317/153 600/1319/70
f 614/1330/158 607/1328/157 599/1329/4
f 612/1331/159 613/1320/154 605/1322/1
f 610/1332/160 611/1473/155 603/1333/6
f 609/1334/156 617/1342/164 618/1335/161
f 615/1337/9 616/1347/168 608/1317/153
f 621/1338/162 615/1337/9 607/1328/157
f 619/1339/163 620/1343/165 613/1340/154
f 608/1317/153 616/1347/168 617/1342/164
f 620/1343/165 621/1338/162 614/1330/158
f 620/1343/165 627/1348/169 628/1344/166
f 624/1345/167 625/1428/176 618/1335/161
f 622/1346/94 623/1349/170 616/1347/168
f 621/1338/162 628/1344/166 622/1346/94
f 619/1339/163 626/1430/177 627/1348/169
f 623/1349/170 624/1345/167 617/1342/164
f 386/1350/93 664/325/93 663/326/4
f 635/1352/97 679/320/172 680/1353/77
f 388/1355/94 666/331/94 665/327/9
f 390/1357/95 668/333/95 667/334/5
f 637/1359/6 681/1385/6 682/1360/79
f 385/1351/4 663/326/4 662/323/98
f 646/1363/4 645/1368/93 630/1364/93
f 660/1366/98 646/1363/4 629/1365/4
f 387/1356/9 665/327/9 664/325/93
f 645/1368/93 647/1474/9 631/1369/9
f 389/1358/5 667/334/5 666/331/94
f 631/1369/9 647/1474/9 648/1370/94
f 391/1372/97 669/335/78 668/333/95
f 648/1370/94 649/1475/5 633/1373/5
f 384/1362/98 662/323/98 661/317/76
f 649/1375/5 650/1404/95 634/1376/95
f 412/1041/94 675/307/94 676/306/5
f 410/1077/93 673/311/93 674/308/9
f 408/1067/98 671/314/98 672/313/4
f 413/1039/5 676/306/5 677/304/95
f 411/1081/9 674/308/9 675/307/94
f 409/1070/4 672/313/4 673/311/93
f 407/1063/96 670/315/76 671/314/98
f 414/1061/95 677/304/95 678/303/78
f 642/1378/75 686/1386/75 687/338/171
f 640/1380/73 684/1387/73 685/1381/3
f 638/1361/79 682/1360/79 683/1383/74
f 636/1354/77 680/1353/77 681/1385/6
f 641/1382/3 685/1381/3 686/1386/75
f 639/1384/74 683/1383/74 684/1387/73
f 658/1388/75 695/1400/75 694/1389/3
f 656/1391/73 693/1401/73 692/1392/74
f 654/1394/79 691/1402/79 690/1395/6
f 652/1397/77 689/1403/77 688/748/172
f 659/1399/96 696/750/171 695/1400/75
f 657/1390/3 694/1389/3 693/1401/73
f 655/1393/74 692/1392/74 691/1402/79
f 653/1396/6 690/1395/6 689/1403/77
f 635/1352/97 634/1376/95 679/320/172
f 634/1376/95 650/1404/95 679/320/172
f 650/1404/95 651/1398/97 688/748/172
f 644/1367/98 643/1379/96 687/338/171
f 687/338/171 696/750/171 644/1367/98
f 696/750/171 659/1399/96 660/1366/98
f 702/1405/98 711/1409/98 710/1406/173
f 703/1408/4 712/1411/4 711/1409/98
f 704/1410/93 713/1413/93 712/1411/4
f 705/1412/9 714/1415/9 713/1413/93
f 706/1414/94 715/1417/94 714/1415/9
f 707/1416/5 716/1419/5 715/1417/94
f 708/1418/95 717/1420/95 716/1419/5
f 717/1420/95 708/1418/95 709/1421/174
