mtllib purex_base.mtl
usemtl material
v 2.500000 0.000000 2.500000
v 2.500000 0.000000 2.250000
v 2.250000 0.000000 2.500000
v 2.250000 0.000000 2.250000
v 2.500000 0.250000 2.500000
v 2.500000 0.250000 2.250000
v 2.250000 0.250000 2.500000
v 2.250000 0.250000 2.250000
v 2.500000 0.000000 -2.250000
v 2.500000 0.000000 -2.500000
v 2.250000 0.000000 -2.250000
v 2.250000 0.000000 -2.500000
v 2.500000 0.250000 -2.250000
v 2.500000 0.250000 -2.500000
v 2.250000 0.250000 -2.250000
v 2.250000 0.250000 -2.500000
v -2.250000 0.000000 2.500000
v -2.250000 0.000000 2.250000
v -2.500000 0.000000 2.500000
v -2.500000 0.000000 2.250000
v -2.250000 0.250000 2.500000
v -2.250000 0.250000 2.250000
v -2.500000 0.250000 2.500000
v -2.500000 0.250000 2.250000
v -2.250000 0.000000 -2.250000
v -2.250000 0.000000 -2.500000
v -2.500000 0.000000 -2.250000
v -2.500000 0.000000 -2.500000
v -2.250000 0.250000 -2.250000
v -2.250000 0.250000 -2.500000
v -2.500000 0.250000 -2.250000
v -2.500000 0.250000 -2.500000
v 2.500000 0.000000 2.250000
v 2.500000 0.000000 -2.250000
v 2.375000 0.000000 2.250000
v 2.375000 0.000000 -2.250000
v 2.500000 0.125000 2.250000
v 2.500000 0.125000 -2.250000
v 2.375000 0.125000 2.250000
v 2.375000 0.125000 -2.250000
v -2.500000 0.000000 -2.250000
v -2.500000 0.000000 2.250000
v -2.375000 0.000000 -2.250000
v -2.375000 0.000000 2.250000
v -2.500000 0.125000 -2.250000
v -2.500000 0.125000 2.250000
v -2.375000 0.125000 -2.250000
v -2.375000 0.125000 2.250000
v 2.250000 0.000000 -2.500000
v -2.250000 0.000000 -2.500000
v 2.250000 0.000000 -2.375000
v -2.250000 0.000000 -2.375000
v 2.250000 0.125000 -2.500000
v -2.250000 0.125000 -2.500000
v 2.250000 0.125000 -2.375000
v -2.250000 0.125000 -2.375000
v -2.250000 0.000000 2.500000
v 2.250000 0.000000 2.500000
v -2.250000 0.000000 2.375000
v 2.250000 0.000000 2.375000
v -2.250000 0.125000 2.500000
v 2.250000 0.125000 2.500000
v -2.250000 0.125000 2.375000
v 2.250000 0.125000 2.375000
v 1.875000 0.125000 2.500000
v 2.125000 0.125000 2.500000
v 1.875000 0.125000 -2.500000
v 2.125000 0.125000 -2.500000
v 1.875000 0.250000 -2.500000
v 1.875000 0.250000 2.500000
v 2.125000 0.250000 2.500000
v 2.125000 0.250000 -2.500000
v -2.250000 0.250000 2.250000
v 0.250000 0.250000 2.250000
v -2.250000 0.250000 -0.250000
v 0.250000 0.250000 -0.250000
v -2.250000 0.750000 -0.250000
v -2.250000 0.750000 2.250000
v 0.250000 0.750000 2.250000
v 0.250000 0.750000 -0.250000
v 0.750000 0.250000 2.250000
v 0.750000 0.250000 -0.250000
v 0.750000 0.750000 2.250000
v 0.750000 0.750000 -0.250000
v 2.250000 0.250000 2.250000
v 2.250000 0.250000 -0.250000
v 2.250000 0.750000 2.250000
v 2.250000 0.750000 -0.250000
v -2.250000 0.250000 -0.750000
v -2.000000 0.750000 -1.000000
v 2.250000 0.250000 -0.750000
v 2.000000 0.750000 -1.000000
v -2.000000 0.750000 -2.000000
v -2.250000 0.250000 -2.250000
v 2.250000 0.250000 -2.250000
v 2.000000 0.750000 -2.000000
v -1.750000 0.750000 1.000000
v -2.125000 0.750000 1.100481
v -2.399519 0.750000 1.375000
v -2.500000 0.750000 1.750000
v -2.399519 0.750000 2.125000
v -2.125000 0.750000 2.399519
v -1.750000 0.750000 2.500000
v -1.375000 0.750000 2.399519
v -1.100481 0.750000 2.125000
v -1.000000 0.750000 1.750000
v -1.100481 0.750000 1.375000
v -1.375000 0.750000 1.100481
v -2.125000 3.750000 1.100481
v -1.750000 3.750000 1.000000
v -2.399519 3.750000 1.375000
v -2.500000 3.750000 1.750000
v -2.399519 3.750000 2.125000
v -2.125000 3.750000 2.399519
v -1.750000 3.750000 2.500000
v -1.375000 3.750000 2.399519
v -1.100481 3.750000 2.125000
v -1.000000 3.750000 1.750000
v -1.100481 3.750000 1.375000
v -1.375000 3.750000 1.100481
v -1.750000 0.750000 -0.500000
v -2.125000 0.750000 -0.399519
v -2.399519 0.750000 -0.125000
v -2.500000 0.750000 0.250000
v -2.399519 0.750000 0.625000
v -2.125000 0.750000 0.899519
v -1.750000 0.750000 1.000000
v -1.375000 0.750000 0.899519
v -1.100481 0.750000 0.625000
v -1.000000 0.750000 0.250000
v -1.100481 0.750000 -0.125000
v -1.375000 0.750000 -0.399519
v -2.125000 3.750000 -0.399519
v -1.750000 3.750000 -0.500000
v -2.399519 3.750000 -0.125000
v -2.500000 3.750000 0.250000
v -2.399519 3.750000 0.625000
v -2.125000 3.750000 0.899519
v -1.750000 3.750000 1.000000
v -1.375000 3.750000 0.899519
v -1.100481 3.750000 0.625000
v -1.000000 3.750000 0.250000
v -1.100481 3.750000 -0.125000
v -1.375000 3.750000 -0.399519
v -0.250000 0.750000 1.000000
v -0.625000 0.750000 1.100481
v -0.899519 0.750000 1.375000
v -1.000000 0.750000 1.750000
v -0.899519 0.750000 2.125000
v -0.625000 0.750000 2.399519
v -0.250000 0.750000 2.500000
v 0.125000 0.750000 2.399519
v 0.399519 0.750000 2.125000
v 0.500000 0.750000 1.750000
v 0.399519 0.750000 1.375000
v 0.125000 0.750000 1.100481
v -0.625000 3.750000 1.100481
v -0.250000 3.750000 1.000000
v -0.899519 3.750000 1.375000
v -1.000000 3.750000 1.750000
v -0.899519 3.750000 2.125000
v -0.625000 3.750000 2.399519
v -0.250000 3.750000 2.500000
v 0.125000 3.750000 2.399519
v 0.399519 3.750000 2.125000
v 0.500000 3.750000 1.750000
v 0.399519 3.750000 1.375000
v 0.125001 3.750000 1.100481
v -0.250000 0.750000 -0.500000
v -0.625000 0.750000 -0.399519
v -0.899519 0.750000 -0.125000
v -1.000000 0.750000 0.250000
v -0.899519 0.750000 0.625000
v -0.625000 0.750000 0.899519
v -0.250000 0.750000 1.000000
v 0.125000 0.750000 0.899519
v 0.399519 0.750000 0.625000
v 0.500000 0.750000 0.250000
v 0.399519 0.750000 -0.125000
v 0.125000 0.750000 -0.399519
v -0.625000 3.750000 -0.399519
v -0.250000 3.750000 -0.500000
v -0.899519 3.750000 -0.125000
v -1.000000 3.750000 0.250000
v -0.899519 3.750000 0.625000
v -0.625000 3.750000 0.899519
v -0.250000 3.750000 1.000000
v 0.125000 3.750000 0.899519
v 0.399519 3.750000 0.625000
v 0.500000 3.750000 0.250000
v 0.399519 3.750000 -0.125000
v 0.125001 3.750000 -0.399519
v 1.000000 0.750000 2.250000
v 1.000000 0.750000 -0.250000
v 2.000000 0.750000 2.250000
v 2.000000 0.750000 -0.250000
v 1.000000 1.750000 2.250000
v 1.000000 1.750000 -0.250000
v 2.000000 1.750000 2.250000
v 2.000000 1.750000 -0.250000
v 1.125000 0.875000 2.250000
v 1.875000 0.875000 2.250000
v 1.125000 1.625000 2.250000
v 1.875000 1.625000 2.250000
v 1.187500 0.937500 2.375000
v 1.812500 0.937500 2.375000
v 1.187500 1.562500 2.375000
v 1.812500 1.562500 2.375000
v 1.125000 0.875000 2.375000
v 1.875000 0.875000 2.375000
v 1.125000 1.625000 2.375000
v 1.875000 1.625000 2.375000
v 1.187500 0.937500 2.250000
v 1.812500 0.937500 2.250000
v 1.187500 1.562500 2.250000
v 1.812500 1.562500 2.250000
v -0.250000 3.750000 1.750000
v -0.338388 3.750000 1.786612
v -0.375000 3.750000 1.875000
v -0.338388 3.750000 1.963388
v -0.250000 3.750000 2.000000
v -0.161611 3.750000 1.963388
v -0.125000 3.750000 1.875000
v -0.161611 3.750000 1.786612
v -0.250000 4.000000 1.750000
v -0.338388 4.000000 1.786612
v -0.375000 4.000000 1.875000
v -0.338388 4.000000 1.963388
v -0.250000 4.000000 2.000000
v -0.161611 4.000000 1.963388
v -0.125000 4.000000 1.875000
v -0.161611 4.000000 1.786612
v -0.213388 4.088388 1.750000
v -0.275888 4.150888 1.786612
v -0.301776 4.176777 1.875000
v -0.275888 4.150888 1.963388
v -0.213388 4.088388 2.000000
v -0.150888 4.025888 1.963388
v -0.150888 4.025888 1.786612
v -0.125000 4.125000 1.750000
v -0.125000 4.213388 1.786612
v -0.125000 4.250000 1.875000
v -0.125000 4.213388 1.963388
v -0.125000 4.125000 2.000000
v -0.125000 4.036612 1.963388
v -0.125000 4.036612 1.786612
v 1.250000 1.750000 2.000000
v 1.338388 1.750000 1.963388
v 1.375000 1.750000 1.875000
v 1.338388 1.750000 1.786612
v 1.250000 1.750000 1.750000
v 1.161612 1.750000 1.786612
v 1.125000 1.750000 1.875000
v 1.161612 1.750000 1.963388
v 1.250000 4.000000 2.000000
v 1.338388 4.000000 1.963388
v 1.375000 4.000000 1.875000
v 1.338388 4.000000 1.786612
v 1.250000 4.000000 1.750000
v 1.161612 4.000000 1.786612
v 1.125000 4.000000 1.875000
v 1.161612 4.000000 1.963388
v 1.213388 4.088388 2.000000
v 1.275888 4.150888 1.963388
v 1.301777 4.176777 1.875000
v 1.275888 4.150888 1.786612
v 1.213388 4.088388 1.750000
v 1.150888 4.025888 1.786612
v 1.150888 4.025888 1.963388
v 1.125000 4.125000 2.000000
v 1.125000 4.213388 1.963388
v 1.125000 4.250000 1.875000
v 1.125000 4.213388 1.786612
v 1.125000 4.125000 1.750000
v 1.125000 4.036612 1.786612
v 1.125000 4.036612 1.963388
v -1.750000 3.750000 1.750000
v -1.838388 3.750000 1.786612
v -1.875000 3.750000 1.875000
v -1.838388 3.750000 1.963388
v -1.750000 3.750000 2.000000
v -1.661611 3.750000 1.963388
v -1.625000 3.750000 1.875000
v -1.661611 3.750000 1.786612
v -1.750000 4.250000 1.750000
v -1.838388 4.250000 1.786612
v -1.875000 4.250000 1.875000
v -1.838388 4.250000 1.963388
v -1.750000 4.250000 2.000000
v -1.661611 4.250000 1.963388
v -1.625000 4.250000 1.875000
v -1.661611 4.250000 1.786612
v -1.713388 4.338388 1.750000
v -1.775888 4.400888 1.786612
v -1.801777 4.426777 1.875000
v -1.775888 4.400888 1.963388
v -1.713388 4.338388 2.000000
v -1.650888 4.275888 1.963388
v -1.650888 4.275888 1.786612
v -1.625000 4.375000 1.750000
v -1.625000 4.463388 1.786612
v -1.625000 4.500000 1.875000
v -1.625000 4.463388 1.963388
v -1.625000 4.375000 2.000000
v -1.625000 4.286612 1.963388
v -1.625000 4.286612 1.786612
v 1.750000 1.750000 2.000000
v 1.838388 1.750000 1.963388
v 1.875000 1.750000 1.875000
v 1.838388 1.750000 1.786612
v 1.750000 1.750000 1.750000
v 1.661612 1.750000 1.786612
v 1.625000 1.750000 1.875000
v 1.661612 1.750000 1.963388
v 1.750000 4.250000 2.000000
v 1.838388 4.250000 1.963388
v 1.875000 4.250000 1.875000
v 1.838388 4.250000 1.786612
v 1.750000 4.250000 1.750000
v 1.661612 4.250000 1.786612
v 1.625000 4.250000 1.875000
v 1.661612 4.250000 1.963388
v 1.713388 4.338388 2.000000
v 1.775888 4.400888 1.963388
v 1.801777 4.426777 1.875000
v 1.775888 4.400888 1.786612
v 1.713388 4.338388 1.750000
v 1.650888 4.275888 1.786612
v 1.650888 4.275888 1.963388
v 1.625000 4.375000 2.000000
v 1.625000 4.463388 1.963388
v 1.625000 4.500000 1.875000
v 1.625000 4.463388 1.786612
v 1.625000 4.375000 1.750000
v 1.625000 4.286612 1.786612
v 1.625000 4.286612 1.963388
v 1.875000 2.125000 1.750000
v 1.875000 2.213388 1.786612
v 1.875000 2.250000 1.875000
v 1.875000 2.213388 1.963388
v 1.875000 2.125000 2.000000
v 1.875000 2.036612 1.963388
v 1.875000 2.000000 1.875000
v 1.875000 2.036612 1.786612
v 1.937500 2.213388 1.786612
v 1.937500 2.125000 1.750000
v 1.937500 2.250000 1.875000
v 1.937500 2.213388 1.963388
v 1.937500 2.125000 2.000000
v 1.937500 2.036612 1.963388
v 1.937500 2.000000 1.875000
v 1.937500 2.036612 1.786612
v 1.125000 2.750000 2.000000
v 1.875000 2.750000 2.000000
v 1.125000 2.750000 1.500000
v 1.875000 2.750000 1.500000
v 1.125000 3.250000 1.500000
v 1.125000 3.250000 2.000000
v 1.875000 3.250000 2.000000
v 1.875000 3.250000 1.500000
v 1.187500 1.500000 2.375000
v 1.812500 1.500000 2.375000
v 1.187500 1.437500 2.375000
v 1.812500 1.437500 2.375000
v 1.187500 1.375000 2.375000
v 1.812500 1.375000 2.375000
v 1.187500 1.312500 2.375000
v 1.812500 1.312500 2.375000
v 1.187500 1.187500 2.375000
v 1.812500 1.187500 2.375000
v 1.187500 1.125000 2.375000
v 1.812500 1.125000 2.375000
v 1.187500 1.062500 2.375000
v 1.812500 1.062500 2.375000
v 1.187500 1.000000 2.375000
v 1.812500 1.000000 2.375000
v 2.500000 0.687500 0.187500
v 2.500000 0.312500 0.187500
v 2.500000 0.687500 -0.187500
v 2.500000 0.312500 -0.187500
v 2.375000 0.625000 -0.125000
v 2.375000 0.625000 0.125000
v 2.375000 0.375000 0.125000
v 2.375000 0.375000 -0.125000
v 2.375000 0.687500 -0.187500
v 2.375000 0.687500 0.187500
v 2.375000 0.312500 0.187500
v 2.375000 0.312500 -0.187500
v 2.250000 0.625000 -0.125000
v 2.250000 0.625000 0.125000
v 2.250000 0.375000 0.125000
v 2.250000 0.375000 -0.125000
v -2.250000 0.750000 -0.750000
v 2.250000 0.750000 -0.750000
v -2.250000 0.750000 -2.250000
v 2.250000 0.750000 -2.250000
v -2.000000 0.875000 -1.000000
v 2.000000 0.875000 -1.000000
v -2.000000 0.875000 -2.000000
v 2.000000 0.875000 -2.000000
v -2.250000 0.875000 -0.750000
v 2.250000 0.875000 -0.750000
v -2.250000 0.875000 -2.250000
v 2.250000 0.875000 -2.250000
v -2.250000 1.625000 -0.750000
v 2.250000 1.625000 -0.750000
v -2.250000 1.625000 -2.250000
v 2.250000 1.625000 -2.250000
v 1.250000 2.375000 -2.250000
v 1.250000 2.750000 -2.149519
v 1.250000 3.024519 -1.875000
v 1.250000 3.125000 -1.500000
v 1.250000 3.024519 -1.125000
v 1.250000 2.750000 -0.850481
v 1.250000 2.375000 -0.750000
v 1.250000 2.000000 -0.850481
v 1.250000 1.725481 -1.125000
v 1.250000 1.625000 -1.500000
v 1.250000 1.725481 -1.875000
v 1.250000 2.000000 -2.149519
v -1.250000 2.375000 -2.250000
v -1.250000 2.750000 -2.149519
v -1.250000 3.024519 -1.875000
v -1.250000 3.125000 -1.500000
v -1.250000 3.024519 -1.125000
v -1.250000 2.750000 -0.850481
v -1.250000 2.375000 -0.750000
v -1.250000 2.000000 -0.850481
v -1.250000 1.725481 -1.125000
v -1.250000 1.625000 -1.500000
v -1.250000 1.725481 -1.875000
v -1.250000 2.000000 -2.149519
v 1.500000 2.375000 -2.250000
v 1.500000 2.750000 -2.149519
v 1.500000 3.024519 -1.875000
v 1.500000 3.125000 -1.500000
v 1.500000 3.024519 -1.125000
v 1.500000 2.750000 -0.850481
v 1.500000 2.375000 -0.750000
v 1.500000 2.000000 -0.850481
v 1.500000 1.725481 -1.125000
v 1.500000 1.625000 -1.500000
v 1.500000 1.725481 -1.875000
v 1.500000 2.000000 -2.149519
v -1.500000 2.375000 -2.250000
v -1.500000 2.750000 -2.149519
v -1.500000 3.024519 -1.875000
v -1.500000 3.125000 -1.500000
v -1.500000 3.024519 -1.125000
v -1.500000 2.750000 -0.850481
v -1.500000 2.375000 -0.750000
v -1.500000 2.000000 -0.850481
v -1.500000 1.725481 -1.125000
v -1.500000 1.625000 -1.500000
v -1.500000 1.725481 -1.875000
v -1.500000 2.000000 -2.149519
v 1.000000 2.375000 -2.000000
v 1.000000 2.625000 -1.933013
v 1.000000 2.808013 -1.750000
v 1.000000 2.875000 -1.500000
v 1.000000 2.808013 -1.250000
v 1.000000 2.625000 -1.066987
v 1.000000 2.375000 -1.000000
v 1.000000 2.125000 -1.066987
v 1.000000 1.941987 -1.250000
v 1.000000 1.875000 -1.500000
v 1.000000 1.941987 -1.750000
v 1.000000 2.125000 -1.933012
v 1.750000 2.375000 -2.000000
v 1.750000 2.625000 -1.933013
v 1.750000 2.808013 -1.750000
v 1.750000 2.875000 -1.500000
v 1.750000 2.808013 -1.250000
v 1.750000 2.625000 -1.066987
v 1.750000 2.375000 -1.000000
v 1.750000 2.125000 -1.066987
v 1.750000 1.941987 -1.250000
v 1.750000 1.875000 -1.500000
v 1.750000 1.941987 -1.750000
v 1.750000 2.125000 -1.933012
v 1.000000 2.375000 -2.250000
v 1.000000 2.750000 -2.149519
v 1.000000 3.024519 -1.875000
v 1.000000 3.125000 -1.500000
v 1.000000 3.024519 -1.125000
v 1.000000 2.750000 -0.850481
v 1.000000 2.375000 -0.750000
v 1.000000 2.000000 -0.850481
v 1.000000 1.725481 -1.125000
v 1.000000 1.625000 -1.500000
v 1.000000 1.725481 -1.875000
v 1.000000 2.000000 -2.149519
v 0.750000 2.375000 -2.250000
v 0.750000 2.750000 -2.149519
v 0.750000 3.024519 -1.875000
v 0.750000 3.125000 -1.500000
v 0.750000 3.024519 -1.125000
v 0.750000 2.750000 -0.850481
v 0.750000 2.375000 -0.750000
v 0.750000 2.000000 -0.850481
v 0.750000 1.725481 -1.125000
v 0.750000 1.625000 -1.500000
v 0.750000 1.725481 -1.875000
v 0.750000 2.000000 -2.149519
v 0.750000 2.375000 -2.000000
v 0.750000 2.625000 -1.933013
v 0.750000 2.808013 -1.750000
v 0.750000 2.875000 -1.500000
v 0.750000 2.808013 -1.250000
v 0.750000 2.625000 -1.066987
v 0.750000 2.375000 -1.000000
v 0.750000 2.125000 -1.066987
v 0.750000 1.941987 -1.250000
v 0.750000 1.875000 -1.500000
v 0.750000 1.941987 -1.750000
v 0.750000 2.125000 -1.933012
v -0.750000 2.375000 -2.000000
v -0.750000 2.625000 -1.933013
v -0.750000 2.808013 -1.750000
v -0.750000 2.875000 -1.500000
v -0.750000 2.808013 -1.250000
v -0.750000 2.625000 -1.066987
v -0.750000 2.375000 -1.000000
v -0.750000 2.125000 -1.066987
v -0.750000 1.941987 -1.250000
v -0.750000 1.875000 -1.500000
v -0.750000 1.941987 -1.750000
v -0.750000 2.125000 -1.933012
v -0.750000 2.375000 -2.250000
v -0.750000 2.750000 -2.149519
v -0.750000 3.024519 -1.875000
v -0.750000 3.125000 -1.500000
v -0.750000 3.024519 -1.125000
v -0.750000 2.750000 -0.850481
v -0.750000 2.375000 -0.750000
v -0.750000 2.000000 -0.850481
v -0.750000 1.725481 -1.125000
v -0.750000 1.625000 -1.500000
v -0.750000 1.725481 -1.875000
v -0.750000 2.000000 -2.149519
v -1.000000 2.375000 -2.250000
v -1.000000 2.750000 -2.149519
v -1.000000 3.024519 -1.875000
v -1.000000 3.125000 -1.500000
v -1.000000 3.024519 -1.125000
v -1.000000 2.750000 -0.850481
v -1.000000 2.375000 -0.750000
v -1.000000 2.000000 -0.850481
v -1.000000 1.725481 -1.125000
v -1.000000 1.625000 -1.500000
v -1.000000 1.725481 -1.875000
v -1.000000 2.000000 -2.149519
v -1.000000 2.375000 -2.000000
v -1.000000 2.625000 -1.933013
v -1.000000 2.808013 -1.750000
v -1.000000 2.875000 -1.500000
v -1.000000 2.808013 -1.250000
v -1.000000 2.625000 -1.066987
v -1.000000 2.375000 -1.000000
v -1.000000 2.125000 -1.066987
v -1.000000 1.941987 -1.250000
v -1.000000 1.875000 -1.500000
v -1.000000 1.941987 -1.750000
v -1.000000 2.125000 -1.933012
v -1.750000 2.375000 -2.000000
v -1.750000 2.625000 -1.933013
v -1.750000 2.808013 -1.750000
v -1.750000 2.875000 -1.500000
v -1.750000 2.808013 -1.250000
v -1.750000 2.625000 -1.066987
v -1.750000 2.375000 -1.000000
v -1.750000 2.125000 -1.066987
v -1.750000 1.941987 -1.250000
v -1.750000 1.875000 -1.500000
v -1.750000 1.941987 -1.750000
v -1.750000 2.125000 -1.933012
v 0.812500 2.375000 -0.750000
v 0.937500 2.375000 -0.750000
v 0.812500 2.375000 -2.250000
v 0.937500 2.375000 -2.250000
v 0.812500 1.625000 -0.750000
v 0.937500 1.625000 -0.750000
v 0.812500 1.625000 -2.250000
v 0.937500 1.625000 -2.250000
v 1.312500 2.375000 -0.750000
v 1.437500 2.375000 -0.750000
v 1.312500 2.375000 -2.250000
v 1.437500 2.375000 -2.250000
v 1.312500 1.625000 -0.750000
v 1.437500 1.625000 -0.750000
v 1.312500 1.625000 -2.250000
v 1.437500 1.625000 -2.250000
v -1.437500 2.375000 -0.750000
v -1.312500 2.375000 -0.750000
v -1.437500 2.375000 -2.250000
v -1.312500 2.375000 -2.250000
v -1.437500 1.625000 -0.750000
v -1.312500 1.625000 -0.750000
v -1.437500 1.625000 -2.250000
v -1.312500 1.625000 -2.250000
v -0.937500 2.375000 -0.750000
v -0.812500 2.375000 -0.750000
v -0.937500 2.375000 -2.250000
v -0.812500 2.375000 -2.250000
v -0.937500 1.625000 -0.750000
v -0.812500 1.625000 -0.750000
v -0.937500 1.625000 -2.250000
v -0.812500 1.625000 -2.250000
v -2.125000 3.750000 0.125000
v -2.088388 3.750000 0.213388
v -2.000000 3.750000 0.250000
v -1.911612 3.750000 0.213388
v -1.875000 3.750000 0.125000
v -1.911612 3.750000 0.036612
v -2.000000 3.750000 0.000000
v -2.088388 3.750000 0.036612
v -2.125000 4.000000 0.125000
v -2.088388 4.000000 0.213388
v -2.000000 4.000000 0.250000
v -1.911612 4.000000 0.213388
v -1.875000 4.000000 0.125000
v -1.911612 4.000000 0.036612
v -2.000000 4.000000 0.000000
v -2.088388 4.000000 0.036612
v -2.125000 4.088388 0.088388
v -2.088388 4.150888 0.150888
v -2.000000 4.176777 0.176777
v -1.911612 4.150888 0.150888
v -1.875000 4.088388 0.088388
v -1.911612 4.025888 0.025888
v -2.088388 4.025888 0.025888
v -2.125000 4.125000 0.000000
v -2.088388 4.213388 0.000000
v -2.000000 4.250000 0.000000
v -1.911612 4.213388 0.000000
v -1.875000 4.125000 0.000000
v -1.911612 4.036612 0.000000
v -2.088388 4.036612 0.000000
v -1.875000 2.500000 -1.250000
v -1.911612 2.500000 -1.338388
v -2.000000 2.500000 -1.375000
v -2.088388 2.500000 -1.338388
v -2.125000 2.500000 -1.250000
v -2.088388 2.500000 -1.161612
v -2.000000 2.500000 -1.125000
v -1.911612 2.500000 -1.161612
v -1.875000 4.000000 -1.250000
v -1.911612 4.000000 -1.338388
v -2.000000 4.000000 -1.375000
v -2.088388 4.000000 -1.338388
v -2.125000 4.000000 -1.250000
v -2.088388 4.000000 -1.161612
v -2.000000 4.000000 -1.125000
v -1.911612 4.000000 -1.161612
v -1.875000 4.088388 -1.213388
v -1.911612 4.150888 -1.275888
v -2.000000 4.176777 -1.301777
v -2.088388 4.150888 -1.275888
v -2.125000 4.088388 -1.213388
v -2.088388 4.025888 -1.150888
v -1.911612 4.025888 -1.150888
v -1.875000 4.125000 -1.125000
v -1.911611 4.213388 -1.125000
v -2.000000 4.250000 -1.125000
v -2.088388 4.213388 -1.125000
v -2.125000 4.125000 -1.125000
v -2.088388 4.036612 -1.125000
v -1.911611 4.036612 -1.125000
v -2.125000 3.750000 1.625000
v -2.088388 3.750000 1.713388
v -2.000000 3.750000 1.750000
v -1.911611 3.750000 1.713388
v -1.875000 3.750000 1.625000
v -1.911611 3.750000 1.536612
v -2.000000 3.750000 1.500000
v -2.088388 3.750000 1.536612
v -2.125000 4.250000 1.625000
v -2.088388 4.250000 1.713388
v -2.000000 4.250000 1.750000
v -1.911611 4.250000 1.713388
v -1.875000 4.250000 1.625000
v -1.911611 4.250000 1.536612
v -2.000000 4.250000 1.500000
v -2.088388 4.250000 1.536612
v -2.125000 4.338388 1.588388
v -2.088388 4.400888 1.650888
v -2.000000 4.426777 1.676777
v -1.911611 4.400888 1.650888
v -1.875000 4.338388 1.588388
v -1.911611 4.275888 1.525888
v -2.088388 4.275888 1.525888
v -2.125000 4.375000 1.500000
v -2.088388 4.463388 1.500000
v -2.000000 4.500000 1.500000
v -1.911611 4.463388 1.500000
v -1.875000 4.375000 1.500000
v -1.911611 4.286612 1.500000
v -2.088388 4.286612 1.500000
v -1.875000 2.500000 -1.750000
v -1.911612 2.500000 -1.838388
v -2.000000 2.500000 -1.875000
v -2.088388 2.500000 -1.838388
v -2.125000 2.500000 -1.750000
v -2.088388 2.500000 -1.661612
v -2.000000 2.500000 -1.625000
v -1.911612 2.500000 -1.661612
v -1.875000 4.250000 -1.750000
v -1.911612 4.250000 -1.838388
v -2.000000 4.250000 -1.875000
v -2.088388 4.250000 -1.838388
v -2.125000 4.250000 -1.750000
v -2.088388 4.250000 -1.661612
v -2.000000 4.250000 -1.625000
v -1.911612 4.250000 -1.661612
v -1.875000 4.338388 -1.713388
v -1.911612 4.400888 -1.775888
v -2.000000 4.426777 -1.801777
v -2.088388 4.400888 -1.775888
v -2.125000 4.338388 -1.713388
v -2.088388 4.275888 -1.650888
v -1.911612 4.275888 -1.650888
v -1.875000 4.375000 -1.625000
v -1.911611 4.463388 -1.625000
v -2.000000 4.500000 -1.625000
v -2.088388 4.463388 -1.625000
v -2.125000 4.375000 -1.625000
v -2.088388 4.286612 -1.625000
v -1.911611 4.286612 -1.625000
v -1.900888 2.474112 -1.338388
v -1.963388 2.411612 -1.375000
v -2.025888 2.349112 -1.338388
v -2.051777 2.323223 -1.250000
v -2.025888 2.349112 -1.161612
v -1.963388 2.411612 -1.125000
v -1.900888 2.474112 -1.161612
v -1.900888 2.474112 -1.838388
v -1.963388 2.411612 -1.875000
v -2.025888 2.349112 -1.838388
v -2.051777 2.323223 -1.750000
v -2.025888 2.349112 -1.661612
v -1.963388 2.411612 -1.625000
v -1.900888 2.474112 -1.661612
v -1.875000 2.463388 -1.338388
v -1.875000 2.375000 -1.375000
v -1.875000 2.286612 -1.338388
v -1.875000 2.250000 -1.250000
v -1.875000 2.286612 -1.161612
v -1.875000 2.375000 -1.125000
v -1.875000 2.463388 -1.161612
v -1.875000 2.463388 -1.838388
v -1.875000 2.375000 -1.875000
v -1.875000 2.286612 -1.838388
v -1.875000 2.250000 -1.750000
v -1.875000 2.286612 -1.661612
v -1.875000 2.375000 -1.625000
v -1.875000 2.463388 -1.661612
v -1.750000 2.500000 -1.250000
v -1.750000 2.500000 -1.750000
v -1.750000 2.463388 -1.338388
v -1.750000 2.375000 -1.375000
v -1.750000 2.286612 -1.338388
v -1.750000 2.250000 -1.250000
v -1.750000 2.286612 -1.161612
v -1.750000 2.375000 -1.125000
v -1.750000 2.463388 -1.161612
v -1.750000 2.463388 -1.838388
v -1.750000 2.375000 -1.875000
v -1.750000 2.286612 -1.838388
v -1.750000 2.250000 -1.750000
v -1.750000 2.286612 -1.661612
v -1.750000 2.375000 -1.625000
v -1.750000 2.463388 -1.661612
v 1.000000 2.937500 -1.562500
v 1.000000 3.062500 -1.562500
v 1.000000 2.937500 -1.437500
v 1.000000 3.062500 -1.437500
v 1.250000 2.937500 -1.562500
v 1.250000 3.062500 -1.562500
v 1.250000 2.937500 -1.437500
v 1.250000 3.062500 -1.437500
v 1.000000 1.812500 -1.437500
v 1.000000 1.687500 -1.437500
v 1.000000 1.812500 -1.562500
v 1.000000 1.687500 -1.562500
v 1.250000 1.812500 -1.437500
v 1.250000 1.687500 -1.437500
v 1.250000 1.812500 -1.562500
v 1.250000 1.687500 -1.562500
v 1.000000 2.437500 -0.937500
v 1.000000 2.437500 -0.812500
v 1.000000 2.312500 -0.937500
v 1.000000 2.312500 -0.812500
v 1.250000 2.437500 -0.937500
v 1.250000 2.437500 -0.812500
v 1.250000 2.312500 -0.937500
v 1.250000 2.312500 -0.812500
v 1.000000 2.312500 -2.062500
v 1.000000 2.312500 -2.187500
v 1.000000 2.437500 -2.062500
v 1.000000 2.437500 -2.187500
v 1.250000 2.312500 -2.062500
v 1.250000 2.312500 -2.187500
v 1.250000 2.437500 -2.062500
v 1.250000 2.437500 -2.187500
v 1.000000 2.893389 -1.272877
v 1.000000 3.001642 -1.210377
v 1.000000 2.830889 -1.164623
v 1.000000 2.939142 -1.102123
v 1.250000 2.893389 -1.272877
v 1.250000 3.001642 -1.210377
v 1.250000 2.830889 -1.164623
v 1.250000 2.939142 -1.102123
v 1.000000 1.856611 -1.727123
v 1.000000 1.748358 -1.789623
v 1.000000 1.919111 -1.835376
v 1.000000 1.810858 -1.897876
v 1.250000 1.856611 -1.727123
v 1.250000 1.748358 -1.789623
v 1.250000 1.919111 -1.835376
v 1.250000 1.810858 -1.897876
v 1.000000 2.147877 -0.981611
v 1.000000 2.085377 -0.873358
v 1.000000 2.039624 -1.044111
v 1.000000 1.977124 -0.935858
v 1.250000 2.147877 -0.981611
v 1.250000 2.085377 -0.873358
v 1.250000 2.039624 -1.044111
v 1.250000 1.977124 -0.935858
v 1.000000 2.602123 -2.018389
v 1.000000 2.664623 -2.126642
v 1.000000 2.710377 -1.955889
v 1.000000 2.772877 -2.064142
v 1.250000 2.602123 -2.018389
v 1.250000 2.664623 -2.126642
v 1.250000 2.710377 -1.955889
v 1.250000 2.772877 -2.064142
v 1.000000 2.710377 -1.044111
v 1.000000 2.772877 -0.935858
v 1.000000 2.602124 -0.981611
v 1.000000 2.664623 -0.873358
v 1.250000 2.710377 -1.044111
v 1.250000 2.772877 -0.935858
v 1.250000 2.602124 -0.981611
v 1.250000 2.664623 -0.873358
v 1.000000 2.039624 -1.955889
v 1.000000 1.977124 -2.064142
v 1.000000 2.147877 -2.018389
v 1.000000 2.085377 -2.126642
v 1.250000 2.039624 -1.955889
v 1.250000 1.977124 -2.064142
v 1.250000 2.147877 -2.018389
v 1.250000 2.085377 -2.126642
v 1.000000 1.919111 -1.164623
v 1.000000 1.810858 -1.102123
v 1.000000 1.856611 -1.272877
v 1.000000 1.748358 -1.210377
v 1.250000 1.919111 -1.164623
v 1.250000 1.810858 -1.102123
v 1.250000 1.856611 -1.272877
v 1.250000 1.748358 -1.210377
v 1.000000 2.830889 -1.835376
v 1.000000 2.939142 -1.897876
v 1.000000 2.893389 -1.727123
v 1.000000 3.001642 -1.789623
v 1.250000 2.830889 -1.835376
v 1.250000 2.939142 -1.897876
v 1.250000 2.893389 -1.727123
v 1.250000 3.001642 -1.789623
v -1.250000 2.937500 -1.562500
v -1.250000 3.062500 -1.562500
v -1.250000 2.937500 -1.437500
v -1.250000 3.062500 -1.437500
v -1.000000 2.937500 -1.562500
v -1.000000 3.062500 -1.562500
v -1.000000 2.937500 -1.437500
v -1.000000 3.062500 -1.437500
v -1.250000 1.812500 -1.437500
v -1.250000 1.687500 -1.437500
v -1.250000 1.812500 -1.562500
v -1.250000 1.687500 -1.562500
v -1.000000 1.812500 -1.437500
v -1.000000 1.687500 -1.437500
v -1.000000 1.812500 -1.562500
v -1.000000 1.687500 -1.562500
v -1.250000 2.437500 -0.937500
v -1.250000 2.437500 -0.812500
v -1.250000 2.312500 -0.937500
v -1.250000 2.312500 -0.812500
v -1.000000 2.437500 -0.937500
v -1.000000 2.437500 -0.812500
v -1.000000 2.312500 -0.937500
v -1.000000 2.312500 -0.812500
v -1.250000 2.312500 -2.062500
v -1.250000 2.312500 -2.187500
v -1.250000 2.437500 -2.062500
v -1.250000 2.437500 -2.187500
v -1.000000 2.312500 -2.062500
v -1.000000 2.312500 -2.187500
v -1.000000 2.437500 -2.062500
v -1.000000 2.437500 -2.187500
v -1.250000 2.893389 -1.272877
v -1.250000 3.001642 -1.210377
v -1.250000 2.830889 -1.164623
v -1.250000 2.939142 -1.102123
v -1.000000 2.893389 -1.272877
v -1.000000 3.001642 -1.210377
v -1.000000 2.830889 -1.164623
v -1.000000 2.939142 -1.102123
v -1.250000 1.856611 -1.727123
v -1.250000 1.748358 -1.789623
v -1.250000 1.919111 -1.835376
v -1.250000 1.810858 -1.897876
v -1.000000 1.856611 -1.727123
v -1.000000 1.748358 -1.789623
v -1.000000 1.919111 -1.835376
v -1.000000 1.810858 -1.897876
v -1.250000 2.147877 -0.981611
v -1.250000 2.085377 -0.873358
v -1.250000 2.039624 -1.044111
v -1.250000 1.977124 -0.935858
v -1.000000 2.147877 -0.981611
v -1.000000 2.085377 -0.873358
v -1.000000 2.039624 -1.044111
v -1.000000 1.977124 -0.935858
v -1.250000 2.602123 -2.018389
v -1.250000 2.664623 -2.126642
v -1.250000 2.710377 -1.955889
v -1.250000 2.772877 -2.064142
v -1.000000 2.602123 -2.018389
v -1.000000 2.664623 -2.126642
v -1.000000 2.710377 -1.955889
v -1.000000 2.772877 -2.064142
v -1.250000 2.710377 -1.044111
v -1.250000 2.772877 -0.935858
v -1.250000 2.602124 -0.981611
v -1.250000 2.664623 -0.873358
v -1.000000 2.710377 -1.044111
v -1.000000 2.772877 -0.935858
v -1.000000 2.602124 -0.981611
v -1.000000 2.664623 -0.873358
v -1.250000 2.039624 -1.955889
v -1.250000 1.977124 -2.064142
v -1.250000 2.147877 -2.018389
v -1.250000 2.085377 -2.126642
v -1.000000 2.039624 -1.955889
v -1.000000 1.977124 -2.064142
v -1.000000 2.147877 -2.018389
v -1.000000 2.085377 -2.126642
v -1.250000 1.919111 -1.164623
v -1.250000 1.810858 -1.102123
v -1.250000 1.856611 -1.272877
v -1.250000 1.748358 -1.210377
v -1.000000 1.919111 -1.164623
v -1.000000 1.810858 -1.102123
v -1.000000 1.856611 -1.272877
v -1.000000 1.748358 -1.210377
v -1.250000 2.830889 -1.835376
v -1.250000 2.939142 -1.897876
v -1.250000 2.893389 -1.727123
v -1.250000 3.001642 -1.789623
v -1.000000 2.830889 -1.835376
v -1.000000 2.939142 -1.897876
v -1.000000 2.893389 -1.727123
v -1.000000 3.001642 -1.789623
v 1.911612 2.250000 -1.661612
v 2.000000 2.250000 -1.625000
v 2.088388 2.250000 -1.661612
v 2.125000 2.250000 -1.750000
v 2.088388 2.250000 -1.838388
v 2.000000 2.250000 -1.875000
v 1.911612 2.250000 -1.838388
v 1.875000 2.250000 -1.750000
v 1.911612 2.250000 -1.161612
v 2.000000 2.250000 -1.125000
v 2.088388 2.250000 -1.161612
v 2.125000 2.250000 -1.250000
v 2.088388 2.250000 -1.338388
v 2.000000 2.250000 -1.375000
v 1.911612 2.250000 -1.338388
v 1.875000 2.250000 -1.250000
v 1.900888 2.275888 -1.338388
v 1.963388 2.338388 -1.375000
v 2.025888 2.400888 -1.338388
v 2.051777 2.426777 -1.250000
v 2.025888 2.400888 -1.161612
v 1.963388 2.338388 -1.125000
v 1.900888 2.275888 -1.161612
v 1.900888 2.275888 -1.838388
v 1.963388 2.338388 -1.875000
v 2.025888 2.400888 -1.838388
v 2.051777 2.426777 -1.750000
v 2.025888 2.400888 -1.661612
v 1.963388 2.338388 -1.625000
v 1.900888 2.275888 -1.661612
v 1.875000 2.286612 -1.338388
v 1.875000 2.375000 -1.375000
v 1.875000 2.463388 -1.338388
v 1.875000 2.500000 -1.250000
v 1.875000 2.463388 -1.161612
v 1.875000 2.375000 -1.125000
v 1.875000 2.286612 -1.161612
v 1.875000 2.286612 -1.838388
v 1.875000 2.375000 -1.875000
v 1.875000 2.463388 -1.838388
v 1.875000 2.500000 -1.750000
v 1.875000 2.463388 -1.661612
v 1.875000 2.375000 -1.625000
v 1.875000 2.286612 -1.661612
v 1.750000 2.250000 -1.250000
v 1.750000 2.250000 -1.750000
v 1.750000 2.286612 -1.338388
v 1.750000 2.375000 -1.375000
v 1.750000 2.463388 -1.338388
v 1.750000 2.500000 -1.250000
v 1.750000 2.463388 -1.161612
v 1.750000 2.375000 -1.125000
v 1.750000 2.286612 -1.161612
v 1.750000 2.286612 -1.838388
v 1.750000 2.375000 -1.875000
v 1.750000 2.463388 -1.838388
v 1.750000 2.500000 -1.750000
v 1.750000 2.463388 -1.661612
v 1.750000 2.375000 -1.625000
v 1.750000 2.286612 -1.661612
v 1.911612 1.625000 -1.661612
v 2.000000 1.625000 -1.625000
v 2.088388 1.625000 -1.661612
v 2.125000 1.625000 -1.750000
v 2.088388 1.625000 -1.838388
v 2.000000 1.625000 -1.875000
v 1.911612 1.625000 -1.838388
v 1.875000 1.625000 -1.750000
v 1.911612 1.625000 -1.161612
v 2.000000 1.625000 -1.125000
v 2.088388 1.625000 -1.161612
v 2.125000 1.625000 -1.250000
v 2.088388 1.625000 -1.338388
v 2.000000 1.625000 -1.375000
v 1.911612 1.625000 -1.338388
v 1.875000 1.625000 -1.250000
v 1.750000 1.562500 -0.250000
v 1.661612 1.525888 -0.250000
v 1.625000 1.437500 -0.250000
v 1.661612 1.349112 -0.250000
v 1.750000 1.312500 -0.250000
v 1.838388 1.349112 -0.250000
v 1.875000 1.437500 -0.250000
v 1.838388 1.525888 -0.250000
v 1.750000 1.562500 -0.750000
v 1.661612 1.525888 -0.750000
v 1.625000 1.437500 -0.750000
v 1.661612 1.349112 -0.750000
v 1.750000 1.312500 -0.750000
v 1.838388 1.349112 -0.750000
v 1.875000 1.437500 -0.750000
v 1.838388 1.525888 -0.750000
v 1.750000 1.187500 -0.250000
v 1.661612 1.150888 -0.250000
v 1.625000 1.062500 -0.250000
v 1.661612 0.974112 -0.250000
v 1.750000 0.937500 -0.250000
v 1.838388 0.974112 -0.250000
v 1.875000 1.062500 -0.250000
v 1.838388 1.150888 -0.250000
v 1.750000 1.187500 -0.750000
v 1.661612 1.150888 -0.750000
v 1.625000 1.062500 -0.750000
v 1.661612 0.974112 -0.750000
v 1.750000 0.937500 -0.750000
v 1.838388 0.974112 -0.750000
v 1.875000 1.062500 -0.750000
v 1.838388 1.150888 -0.750000
v 1.250000 1.562500 -0.250000
v 1.161612 1.525888 -0.250000
v 1.125000 1.437500 -0.250000
v 1.161612 1.349112 -0.250000
v 1.250000 1.312500 -0.250000
v 1.338388 1.349112 -0.250000
v 1.375000 1.437500 -0.250000
v 1.338388 1.525888 -0.250000
v 1.250000 1.562500 -0.750000
v 1.161612 1.525888 -0.750000
v 1.125000 1.437500 -0.750000
v 1.161612 1.349112 -0.750000
v 1.250000 1.312500 -0.750000
v 1.338388 1.349112 -0.750000
v 1.375000 1.437500 -0.750000
v 1.338388 1.525888 -0.750000
v 1.250000 1.187500 -0.250000
v 1.161612 1.150888 -0.250000
v 1.125000 1.062500 -0.250000
v 1.161612 0.974112 -0.250000
v 1.250000 0.937500 -0.250000
v 1.338388 0.974112 -0.250000
v 1.375000 1.062500 -0.250000
v 1.338388 1.150888 -0.250000
v 1.250000 1.187500 -0.750000
v 1.161612 1.150888 -0.750000
v 1.125000 1.062500 -0.750000
v 1.161612 0.974112 -0.750000
v 1.250000 0.937500 -0.750000
v 1.338388 0.974112 -0.750000
v 1.375000 1.062500 -0.750000
v 1.338388 1.150888 -0.750000
v -0.750000 2.937500 -1.562500
v -0.750000 3.062500 -1.562500
v -0.750000 2.937500 -1.437500
v -0.750000 3.062500 -1.437500
v -0.750000 1.812500 -1.437500
v -0.750000 1.687500 -1.437500
v -0.750000 1.812500 -1.562500
v -0.750000 1.687500 -1.562500
v -0.750000 2.437500 -0.937500
v -0.750000 2.437500 -0.812500
v -0.750000 2.312500 -0.937500
v -0.750000 2.312500 -0.812500
v -0.750000 2.312500 -2.062500
v -0.750000 2.312500 -2.187500
v -0.750000 2.437500 -2.062500
v -0.750000 2.437500 -2.187500
v -0.750000 2.893389 -1.272877
v -0.750000 3.001642 -1.210377
v -0.750000 2.830889 -1.164623
v -0.750000 2.939142 -1.102123
v -0.750000 1.856611 -1.727123
v -0.750000 1.748358 -1.789623
v -0.750000 1.919111 -1.835376
v -0.750000 1.810858 -1.897876
v -0.750000 2.147877 -0.981611
v -0.750000 2.085377 -0.873358
v -0.750000 2.039624 -1.044111
v -0.750000 1.977124 -0.935858
v -0.750000 2.602123 -2.018389
v -0.750000 2.664623 -2.126642
v -0.750000 2.710377 -1.955889
v -0.750000 2.772877 -2.064142
v -0.750000 2.710377 -1.044111
v -0.750000 2.772877 -0.935858
v -0.750000 2.602124 -0.981611
v -0.750000 2.664623 -0.873358
v -0.750000 2.039624 -1.955889
v -0.750000 1.977124 -2.064142
v -0.750000 2.147877 -2.018389
v -0.750000 2.085377 -2.126642
v -0.750000 1.919111 -1.164623
v -0.750000 1.810858 -1.102123
v -0.750000 1.856611 -1.272877
v -0.750000 1.748358 -1.210377
v -0.750000 2.830889 -1.835376
v -0.750000 2.939142 -1.897876
v -0.750000 2.893389 -1.727123
v -0.750000 3.001642 -1.789623
v 0.750000 2.937500 -1.562500
v 0.750000 3.062500 -1.562500
v 0.750000 2.937500 -1.437500
v 0.750000 3.062500 -1.437500
v 0.750000 1.812500 -1.437500
v 0.750000 1.687500 -1.437500
v 0.750000 1.812500 -1.562500
v 0.750000 1.687500 -1.562500
v 0.750000 2.437500 -0.937500
v 0.750000 2.437500 -0.812500
v 0.750000 2.312500 -0.937500
v 0.750000 2.312500 -0.812500
v 0.750000 2.312500 -2.062500
v 0.750000 2.312500 -2.187500
v 0.750000 2.437500 -2.062500
v 0.750000 2.437500 -2.187500
v 0.750000 2.893389 -1.272877
v 0.750000 3.001642 -1.210377
v 0.750000 2.830889 -1.164623
v 0.750000 2.939142 -1.102123
v 0.750000 1.856611 -1.727123
v 0.750000 1.748358 -1.789623
v 0.750000 1.919111 -1.835376
v 0.750000 1.810858 -1.897876
v 0.750000 2.147877 -0.981611
v 0.750000 2.085377 -0.873358
v 0.750000 2.039624 -1.044111
v 0.750000 1.977124 -0.935858
v 0.750000 2.602123 -2.018389
v 0.750000 2.664623 -2.126642
v 0.750000 2.710377 -1.955889
v 0.750000 2.772877 -2.064142
v 0.750000 2.710377 -1.044111
v 0.750000 2.772877 -0.935858
v 0.750000 2.602124 -0.981611
v 0.750000 2.664623 -0.873358
v 0.750000 2.039624 -1.955889
v 0.750000 1.977124 -2.064142
v 0.750000 2.147877 -2.018389
v 0.750000 2.085377 -2.126642
v 0.750000 1.919111 -1.164623
v 0.750000 1.810858 -1.102123
v 0.750000 1.856611 -1.272877
v 0.750000 1.748358 -1.210377
v 0.750000 2.830889 -1.835376
v 0.750000 2.939142 -1.897876
v 0.750000 2.893389 -1.727123
v 0.750000 3.001642 -1.789623
v 0.875000 0.125000 2.500000
v 1.125000 0.125000 2.500000
v 0.875000 0.125000 -2.500000
v 1.125000 0.125000 -2.500000
v 0.875000 0.250000 -2.500000
v 0.875000 0.250000 2.500000
v 1.125000 0.250000 2.500000
v 1.125000 0.250000 -2.500000
v -0.125000 0.125000 2.500000
v 0.125000 0.125000 2.500000
v -0.125000 0.125000 -2.500000
v 0.125000 0.125000 -2.500000
v -0.125000 0.250000 -2.500000
v -0.125000 0.250000 2.500000
v 0.125000 0.250000 2.500000
v 0.125000 0.250000 -2.500000
v -1.125000 0.125000 2.500000
v -0.875000 0.125000 2.500000
v -1.125000 0.125000 -2.500000
v -0.875000 0.125000 -2.500000
v -1.125000 0.250000 -2.500000
v -1.125000 0.250000 2.500000
v -0.875000 0.250000 2.500000
v -0.875000 0.250000 -2.500000
v -2.125000 0.125000 2.500000
v -1.875000 0.125000 2.500000
v -2.125000 0.125000 -2.500000
v -1.875000 0.125000 -2.500000
v -2.125000 0.250000 -2.500000
v -2.125000 0.250000 2.500000
v -1.875000 0.250000 2.500000
v -1.875000 0.250000 -2.500000
v 2.500000 0.687500 -0.812500
v 2.500000 0.312500 -0.812500
v 2.500000 0.687500 -1.187500
v 2.500000 0.312500 -1.187500
v 2.375000 0.625000 -1.125000
v 2.375000 0.625000 -0.875000
v 2.375000 0.375000 -0.875000
v 2.375000 0.375000 -1.125000
v 2.375000 0.687500 -1.187500
v 2.375000 0.687500 -0.812500
v 2.375000 0.312500 -0.812500
v 2.375000 0.312500 -1.187500
v 2.250000 0.625000 -1.125000
v 2.250000 0.625000 -0.875000
v 2.250000 0.375000 -0.875000
v 2.250000 0.375000 -1.125000
v 2.500000 0.687500 -1.812500
v 2.500000 0.312500 -1.812500
v 2.500000 0.687500 -2.187500
v 2.500000 0.312500 -2.187500
v 2.375000 0.625000 -2.125000
v 2.375000 0.625000 -1.875000
v 2.375000 0.375000 -1.875000
v 2.375000 0.375000 -2.125000
v 2.375000 0.687500 -2.187500
v 2.375000 0.687500 -1.812500
v 2.375000 0.312500 -1.812500
v 2.375000 0.312500 -2.187500
v 2.250000 0.625000 -2.125000
v 2.250000 0.625000 -1.875000
v 2.250000 0.375000 -1.875000
v 2.250000 0.375000 -2.125000
v 2.500000 0.687500 2.187500
v 2.500000 0.312500 2.187500
v 2.500000 0.687500 1.812500
v 2.500000 0.312500 1.812500
v 2.375000 0.625000 1.875000
v 2.375000 0.625000 2.125000
v 2.375000 0.375000 2.125000
v 2.375000 0.375000 1.875000
v 2.375000 0.687500 1.812500
v 2.375000 0.687500 2.187500
v 2.375000 0.312500 2.187500
v 2.375000 0.312500 1.812500
v 2.250000 0.625000 1.875000
v 2.250000 0.625000 2.125000
v 2.250000 0.375000 2.125000
v 2.250000 0.375000 1.875000
v 2.500000 0.687500 1.187500
v 2.500000 0.312500 1.187500
v 2.500000 0.687500 0.812500
v 2.500000 0.312500 0.812500
v 2.375000 0.625000 0.875000
v 2.375000 0.625000 1.125000
v 2.375000 0.375000 1.125000
v 2.375000 0.375000 0.875000
v 2.375000 0.687500 0.812500
v 2.375000 0.687500 1.187500
v 2.375000 0.312500 1.187500
v 2.375000 0.312500 0.812500
v 2.250000 0.625000 0.875000
v 2.250000 0.625000 1.125000
v 2.250000 0.375000 1.125000
v 2.250000 0.375000 0.875000
v -2.500000 0.687500 -0.187500
v -2.500000 0.312500 -0.187500
v -2.500000 0.687500 0.187500
v -2.500000 0.312500 0.187500
v -2.375000 0.625000 0.125000
v -2.375000 0.625000 -0.125000
v -2.375000 0.375000 -0.125000
v -2.375000 0.375000 0.125000
v -2.375000 0.687500 0.187500
v -2.375000 0.687500 -0.187500
v -2.375000 0.312500 -0.187500
v -2.375000 0.312500 0.187500
v -2.250000 0.625000 0.125000
v -2.250000 0.625000 -0.125000
v -2.250000 0.375000 -0.125000
v -2.250000 0.375000 0.125000
v -2.500000 0.687500 0.812500
v -2.500000 0.312500 0.812500
v -2.500000 0.687500 1.187500
v -2.500000 0.312500 1.187500
v -2.375000 0.625000 1.125000
v -2.375000 0.625000 0.875000
v -2.375000 0.375000 0.875000
v -2.375000 0.375000 1.125000
v -2.375000 0.687500 1.187500
v -2.375000 0.687500 0.812500
v -2.375000 0.312500 0.812500
v -2.375000 0.312500 1.187500
v -2.250000 0.625000 1.125000
v -2.250000 0.625000 0.875000
v -2.250000 0.375000 0.875000
v -2.250000 0.375000 1.125000
v -2.500000 0.687500 1.812500
v -2.500000 0.312500 1.812500
v -2.500000 0.687500 2.187500
v -2.500000 0.312500 2.187500
v -2.375000 0.625000 2.125000
v -2.375000 0.625000 1.875000
v -2.375000 0.375000 1.875000
v -2.375000 0.375000 2.125000
v -2.375000 0.687500 2.187500
v -2.375000 0.687500 1.812500
v -2.375000 0.312500 1.812500
v -2.375000 0.312500 2.187500
v -2.250000 0.625000 2.125000
v -2.250000 0.625000 1.875000
v -2.250000 0.375000 1.875000
v -2.250000 0.375000 2.125000
v -2.500000 0.687500 -2.187500
v -2.500000 0.312500 -2.187500
v -2.500000 0.687500 -1.812500
v -2.500000 0.312500 -1.812500
v -2.375000 0.625000 -1.875000
v -2.375000 0.625000 -2.125000
v -2.375000 0.375000 -2.125000
v -2.375000 0.375000 -1.875000
v -2.375000 0.687500 -1.812500
v -2.375000 0.687500 -2.187500
v -2.375000 0.312500 -2.187500
v -2.375000 0.312500 -1.812500
v -2.250000 0.625000 -1.875000
v -2.250000 0.625000 -2.125000
v -2.250000 0.375000 -2.125000
v -2.250000 0.375000 -1.875000
v -2.500000 0.687500 -1.187500
v -2.500000 0.312500 -1.187500
v -2.500000 0.687500 -0.812500
v -2.500000 0.312500 -0.812500
v -2.375000 0.625000 -0.875000
v -2.375000 0.625000 -1.125000
v -2.375000 0.375000 -1.125000
v -2.375000 0.375000 -0.875000
v -2.375000 0.687500 -0.812500
v -2.375000 0.687500 -1.187500
v -2.375000 0.312500 -1.187500
v -2.375000 0.312500 -0.812500
v -2.250000 0.625000 -0.875000
v -2.250000 0.625000 -1.125000
v -2.250000 0.375000 -1.125000
v -2.250000 0.375000 -0.875000
v 0.187500 0.687500 -2.500000
v 0.187500 0.312500 -2.500000
v -0.187500 0.687500 -2.500000
v -0.187500 0.312500 -2.500000
v -0.125000 0.625000 -2.375000
v 0.125000 0.625000 -2.375000
v 0.125000 0.375000 -2.375000
v -0.125000 0.375000 -2.375000
v -0.187500 0.687500 -2.375000
v 0.187500 0.687500 -2.375000
v 0.187500 0.312500 -2.375000
v -0.187500 0.312500 -2.375000
v -0.125000 0.625000 -2.250000
v 0.125000 0.625000 -2.250000
v 0.125000 0.375000 -2.250000
v -0.125000 0.375000 -2.250000
v -0.812500 0.687500 -2.500000
v -0.812500 0.312500 -2.500000
v -1.187500 0.687500 -2.500000
v -1.187500 0.312500 -2.500000
v -1.125000 0.625000 -2.375000
v -0.875000 0.625000 -2.375000
v -0.875000 0.375000 -2.375000
v -1.125000 0.375000 -2.375000
v -1.187500 0.687500 -2.375000
v -0.812500 0.687500 -2.375000
v -0.812500 0.312500 -2.375000
v -1.187500 0.312500 -2.375000
v -1.125000 0.625000 -2.250000
v -0.875000 0.625000 -2.250000
v -0.875000 0.375000 -2.250000
v -1.125000 0.375000 -2.250000
v -1.812500 0.687500 -2.500000
v -1.812500 0.312500 -2.500000
v -2.187500 0.687500 -2.500000
v -2.187500 0.312500 -2.500000
v -2.125000 0.625000 -2.375000
v -1.875000 0.625000 -2.375000
v -1.875000 0.375000 -2.375000
v -2.125000 0.375000 -2.375000
v -2.187500 0.687500 -2.375000
v -1.812500 0.687500 -2.375000
v -1.812500 0.312500 -2.375000
v -2.187500 0.312500 -2.375000
v -2.125000 0.625000 -2.250000
v -1.875000 0.625000 -2.250000
v -1.875000 0.375000 -2.250000
v -2.125000 0.375000 -2.250000
v 2.187500 0.687500 -2.500000
v 2.187500 0.312500 -2.500000
v 1.812500 0.687500 -2.500000
v 1.812500 0.312500 -2.500000
v 1.875000 0.625000 -2.375000
v 2.125000 0.625000 -2.375000
v 2.125000 0.375000 -2.375000
v 1.875000 0.375000 -2.375000
v 1.812500 0.687500 -2.375000
v 2.187500 0.687500 -2.375000
v 2.187500 0.312500 -2.375000
v 1.812500 0.312500 -2.375000
v 1.875000 0.625000 -2.250000
v 2.125000 0.625000 -2.250000
v 2.125000 0.375000 -2.250000
v 1.875000 0.375000 -2.250000
v 1.187500 0.687500 -2.500000
v 1.187500 0.312500 -2.500000
v 0.812500 0.687500 -2.500000
v 0.812500 0.312500 -2.500000
v 0.875000 0.625000 -2.375000
v 1.125000 0.625000 -2.375000
v 1.125000 0.375000 -2.375000
v 0.875000 0.375000 -2.375000
v 0.812500 0.687500 -2.375000
v 1.187500 0.687500 -2.375000
v 1.187500 0.312500 -2.375000
v 0.812500 0.312500 -2.375000
v 0.875000 0.625000 -2.250000
v 1.125000 0.625000 -2.250000
v 1.125000 0.375000 -2.250000
v 0.875000 0.375000 -2.250000
v -0.187500 0.687500 2.500000
v -0.187500 0.312500 2.500000
v 0.187500 0.687500 2.500000
v 0.187500 0.312500 2.500000
v 0.125000 0.625000 2.375000
v -0.125000 0.625000 2.375000
v -0.125000 0.375000 2.375000
v 0.125000 0.375000 2.375000
v 0.187500 0.687500 2.375000
v -0.187500 0.687500 2.375000
v -0.187500 0.312500 2.375000
v 0.187500 0.312500 2.375000
v 0.125000 0.625000 2.250000
v -0.125000 0.625000 2.250000
v -0.125000 0.375000 2.250000
v 0.125000 0.375000 2.250000
v 0.812500 0.687500 2.500000
v 0.812500 0.312500 2.500000
v 1.187500 0.687500 2.500000
v 1.187500 0.312500 2.500000
v 1.125000 0.625000 2.375000
v 0.875000 0.625000 2.375000
v 0.875000 0.375000 2.375000
v 1.125000 0.375000 2.375000
v 1.187500 0.687500 2.375000
v 0.812500 0.687500 2.375000
v 0.812500 0.312500 2.375000
v 1.187500 0.312500 2.375000
v 1.125000 0.625000 2.250000
v 0.875000 0.625000 2.250000
v 0.875000 0.375000 2.250000
v 1.125000 0.375000 2.250000
v 1.812500 0.687500 2.500000
v 1.812500 0.312500 2.500000
v 2.187500 0.687500 2.500000
v 2.187500 0.312500 2.500000
v 2.125000 0.625000 2.375000
v 1.875000 0.625000 2.375000
v 1.875000 0.375000 2.375000
v 2.125000 0.375000 2.375000
v 2.187500 0.687500 2.375000
v 1.812500 0.687500 2.375000
v 1.812500 0.312500 2.375000
v 2.187500 0.312500 2.375000
v 2.125000 0.625000 2.250000
v 1.875000 0.625000 2.250000
v 1.875000 0.375000 2.250000
v 2.125000 0.375000 2.250000
v -2.187500 0.687500 2.500000
v -2.187500 0.312500 2.500000
v -1.812500 0.687500 2.500000
v -1.812500 0.312500 2.500000
v -1.875000 0.625000 2.375000
v -2.125000 0.625000 2.375000
v -2.125000 0.375000 2.375000
v -1.875000 0.375000 2.375000
v -1.812500 0.687500 2.375000
v -2.187500 0.687500 2.375000
v -2.187500 0.312500 2.375000
v -1.812500 0.312500 2.375000
v -1.875000 0.625000 2.250000
v -2.125000 0.625000 2.250000
v -2.125000 0.375000 2.250000
v -1.875000 0.375000 2.250000
v -1.187500 0.687500 2.500000
v -1.187500 0.312500 2.500000
v -0.812500 0.687500 2.500000
v -0.812500 0.312500 2.500000
v -0.875000 0.625000 2.375000
v -1.125000 0.625000 2.375000
v -1.125000 0.375000 2.375000
v -0.875000 0.375000 2.375000
v -0.812500 0.687500 2.375000
v -1.187500 0.687500 2.375000
v -1.187500 0.312500 2.375000
v -0.812500 0.312500 2.375000
v -0.875000 0.625000 2.250000
v -1.125000 0.625000 2.250000
v -1.125000 0.375000 2.250000
v -0.875000 0.375000 2.250000
v -0.250000 3.750000 1.500000
v -0.338388 3.750000 1.536612
v -0.375000 3.750000 1.625000
v -0.338388 3.750000 1.713388
v -0.250000 3.750000 1.750000
v -0.161611 3.750000 1.713388
v -0.125000 3.750000 1.625000
v -0.161611 3.750000 1.536612
v -0.250000 4.000000 1.500000
v -0.338388 4.000000 1.536612
v -0.375000 4.000000 1.625000
v -0.338388 4.000000 1.713388
v -0.250000 4.000000 1.750000
v -0.161611 4.000000 1.713388
v -0.125000 4.000000 1.625000
v -0.161611 4.000000 1.536612
v -0.213388 4.088388 1.500000
v -0.275888 4.150888 1.536612
v -0.301776 4.176777 1.625000
v -0.275888 4.150888 1.713388
v -0.213388 4.088388 1.750000
v -0.150888 4.025888 1.713388
v -0.150888 4.025888 1.536612
v -0.125000 4.125000 1.500000
v -0.125000 4.213388 1.536612
v -0.125000 4.250000 1.625000
v -0.125000 4.213388 1.713388
v -0.125000 4.125000 1.750000
v -0.125000 4.036612 1.713388
v -0.125000 4.036612 1.536612
v 1.250000 1.750000 1.750000
v 1.338388 1.750000 1.713388
v 1.375000 1.750000 1.625000
v 1.338388 1.750000 1.536612
v 1.250000 1.750000 1.500000
v 1.161612 1.750000 1.536612
v 1.125000 1.750000 1.625000
v 1.161612 1.750000 1.713388
v 1.250000 4.000000 1.750000
v 1.338388 4.000000 1.713388
v 1.375000 4.000000 1.625000
v 1.338388 4.000000 1.536612
v 1.250000 4.000000 1.500000
v 1.161612 4.000000 1.536612
v 1.125000 4.000000 1.625000
v 1.161612 4.000000 1.713388
v 1.213388 4.088388 1.750000
v 1.275888 4.150888 1.713388
v 1.301777 4.176777 1.625000
v 1.275888 4.150888 1.536612
v 1.213388 4.088388 1.500000
v 1.150888 4.025888 1.536612
v 1.150888 4.025888 1.713388
v 1.125000 4.125000 1.750000
v 1.125000 4.213388 1.713388
v 1.125000 4.250000 1.625000
v 1.125000 4.213388 1.536612
v 1.125000 4.125000 1.500000
v 1.125000 4.036612 1.536612
v 1.125000 4.036612 1.713388
v -1.750000 3.750000 1.500000
v -1.838388 3.750000 1.536612
v -1.875000 3.750000 1.625000
v -1.838388 3.750000 1.713388
v -1.750000 3.750000 1.750000
v -1.661611 3.750000 1.713388
v -1.625000 3.750000 1.625000
v -1.661611 3.750000 1.536612
v -1.750000 4.250000 1.500000
v -1.838388 4.250000 1.536612
v -1.875000 4.250000 1.625000
v -1.838388 4.250000 1.713388
v -1.750000 4.250000 1.750000
v -1.661611 4.250000 1.713388
v -1.625000 4.250000 1.625000
v -1.661611 4.250000 1.536612
v -1.713388 4.338388 1.500000
v -1.775888 4.400888 1.536612
v -1.801777 4.426777 1.625000
v -1.775888 4.400888 1.713388
v -1.713388 4.338388 1.750000
v -1.650888 4.275888 1.713388
v -1.650888 4.275888 1.536612
v -1.625000 4.375000 1.500000
v -1.625000 4.463388 1.536612
v -1.625000 4.500000 1.625000
v -1.625000 4.463388 1.713388
v -1.625000 4.375000 1.750000
v -1.625000 4.286612 1.713388
v -1.625000 4.286612 1.536612
v 1.750000 1.750000 1.750000
v 1.838388 1.750000 1.713388
v 1.875000 1.750000 1.625000
v 1.838388 1.750000 1.536612
v 1.750000 1.750000 1.500000
v 1.661612 1.750000 1.536612
v 1.625000 1.750000 1.625000
v 1.661612 1.750000 1.713388
v 1.750000 4.250000 1.750000
v 1.838388 4.250000 1.713388
v 1.875000 4.250000 1.625000
v 1.838388 4.250000 1.536612
v 1.750000 4.250000 1.500000
v 1.661612 4.250000 1.536612
v 1.625000 4.250000 1.625000
v 1.661612 4.250000 1.713388
v 1.713388 4.338388 1.750000
v 1.775888 4.400888 1.713388
v 1.801777 4.426777 1.625000
v 1.775888 4.400888 1.536612
v 1.713388 4.338388 1.500000
v 1.650888 4.275888 1.536612
v 1.650888 4.275888 1.713388
v 1.625000 4.375000 1.750000
v 1.625000 4.463388 1.713388
v 1.625000 4.500000 1.625000
v 1.625000 4.463388 1.536612
v 1.625000 4.375000 1.500000
v 1.625000 4.286612 1.536612
v 1.625000 4.286612 1.713388
v -0.250000 3.750000 0.250000
v -0.338388 3.750000 0.286612
v -0.375000 3.750000 0.375000
v -0.338388 3.750000 0.463388
v -0.250000 3.750000 0.500000
v -0.161611 3.750000 0.463388
v -0.125000 3.750000 0.375000
v -0.161611 3.750000 0.286612
v -0.250000 4.000000 0.250000
v -0.338388 4.000000 0.286612
v -0.375000 4.000000 0.375000
v -0.338388 4.000000 0.463388
v -0.250000 4.000000 0.500000
v -0.161611 4.000000 0.463388
v -0.125000 4.000000 0.375000
v -0.161611 4.000000 0.286612
v -0.213388 4.088388 0.250000
v -0.275888 4.150888 0.286612
v -0.301776 4.176777 0.375000
v -0.275888 4.150888 0.463388
v -0.213388 4.088388 0.500000
v -0.150888 4.025888 0.463388
v -0.150888 4.025888 0.286612
v -0.125000 4.125000 0.250000
v -0.125000 4.213388 0.286612
v -0.125000 4.250000 0.375000
v -0.125000 4.213388 0.463388
v -0.125000 4.125000 0.500000
v -0.125000 4.036612 0.463388
v -0.125000 4.036612 0.286612
v 1.250000 1.750000 0.500000
v 1.338388 1.750000 0.463388
v 1.375000 1.750000 0.375000
v 1.338388 1.750000 0.286612
v 1.250000 1.750000 0.250000
v 1.161612 1.750000 0.286612
v 1.125000 1.750000 0.375000
v 1.161612 1.750000 0.463388
v 1.250000 4.000000 0.500000
v 1.338388 4.000000 0.463388
v 1.375000 4.000000 0.375000
v 1.338388 4.000000 0.286612
v 1.250000 4.000000 0.250000
v 1.161612 4.000000 0.286612
v 1.125000 4.000000 0.375000
v 1.161612 4.000000 0.463388
v 1.213388 4.088388 0.500000
v 1.275888 4.150888 0.463388
v 1.301777 4.176777 0.375000
v 1.275888 4.150888 0.286612
v 1.213388 4.088388 0.250000
v 1.150888 4.025888 0.286612
v 1.150888 4.025888 0.463388
v 1.125000 4.125000 0.500000
v 1.125000 4.213388 0.463388
v 1.125000 4.250000 0.375000
v 1.125000 4.213388 0.286612
v 1.125000 4.125000 0.250000
v 1.125000 4.036612 0.286612
v 1.125000 4.036612 0.463388
v -1.750000 3.750000 0.250000
v -1.838388 3.750000 0.286612
v -1.875000 3.750000 0.375000
v -1.838388 3.750000 0.463388
v -1.750000 3.750000 0.500000
v -1.661611 3.750000 0.463388
v -1.625000 3.750000 0.375000
v -1.661611 3.750000 0.286612
v -1.750000 4.250000 0.250000
v -1.838388 4.250000 0.286612
v -1.875000 4.250000 0.375000
v -1.838388 4.250000 0.463388
v -1.750000 4.250000 0.500000
v -1.661611 4.250000 0.463388
v -1.625000 4.250000 0.375000
v -1.661611 4.250000 0.286612
v -1.713388 4.338388 0.250000
v -1.775888 4.400888 0.286612
v -1.801777 4.426777 0.375000
v -1.775888 4.400888 0.463388
v -1.713388 4.338388 0.500000
v -1.650888 4.275888 0.463388
v -1.650888 4.275888 0.286612
v -1.625000 4.375000 0.250000
v -1.625000 4.463388 0.286612
v -1.625000 4.500000 0.375000
v -1.625000 4.463388 0.463388
v -1.625000 4.375000 0.500000
v -1.625000 4.286612 0.463388
v -1.625000 4.286612 0.286612
v 1.750000 1.750000 0.500000
v 1.838388 1.750000 0.463388
v 1.875000 1.750000 0.375000
v 1.838388 1.750000 0.286612
v 1.750000 1.750000 0.250000
v 1.661612 1.750000 0.286612
v 1.625000 1.750000 0.375000
v 1.661612 1.750000 0.463388
v 1.750000 4.250000 0.500000
v 1.838388 4.250000 0.463388
v 1.875000 4.250000 0.375000
v 1.838388 4.250000 0.286612
v 1.750000 4.250000 0.250000
v 1.661612 4.250000 0.286612
v 1.625000 4.250000 0.375000
v 1.661612 4.250000 0.463388
v 1.713388 4.338388 0.500000
v 1.775888 4.400888 0.463388
v 1.801777 4.426777 0.375000
v 1.775888 4.400888 0.286612
v 1.713388 4.338388 0.250000
v 1.650888 4.275888 0.286612
v 1.650888 4.275888 0.463388
v 1.625000 4.375000 0.500000
v 1.625000 4.463388 0.463388
v 1.625000 4.500000 0.375000
v 1.625000 4.463388 0.286612
v 1.625000 4.375000 0.250000
v 1.625000 4.286612 0.286612
v 1.625000 4.286612 0.463388
v 1.125000 2.750000 0.500000
v 1.875000 2.750000 0.500000
v 1.125000 2.750000 0.000000
v 1.875000 2.750000 0.000000
v 1.125000 3.250000 0.000000
v 1.125000 3.250000 0.500000
v 1.875000 3.250000 0.500000
v 1.875000 3.250000 0.000000
v -0.250000 3.750000 0.000000
v -0.338388 3.750000 0.036612
v -0.375000 3.750000 0.125000
v -0.338388 3.750000 0.213388
v -0.250000 3.750000 0.250000
v -0.161611 3.750000 0.213388
v -0.125000 3.750000 0.125000
v -0.161611 3.750000 0.036612
v -0.250000 4.000000 0.000000
v -0.338388 4.000000 0.036612
v -0.375000 4.000000 0.125000
v -0.338388 4.000000 0.213388
v -0.250000 4.000000 0.250000
v -0.161611 4.000000 0.213388
v -0.125000 4.000000 0.125000
v -0.161611 4.000000 0.036612
v -0.213388 4.088388 0.000000
v -0.275888 4.150888 0.036612
v -0.301776 4.176777 0.125000
v -0.275888 4.150888 0.213388
v -0.213388 4.088388 0.250000
v -0.150888 4.025888 0.213388
v -0.150888 4.025888 0.036612
v -0.125000 4.125000 0.000000
v -0.125000 4.213388 0.036612
v -0.125000 4.250000 0.125000
v -0.125000 4.213388 0.213388
v -0.125000 4.125000 0.250000
v -0.125000 4.036612 0.213388
v -0.125000 4.036612 0.036612
v 1.250000 1.750000 0.250000
v 1.338388 1.750000 0.213388
v 1.375000 1.750000 0.125000
v 1.338388 1.750000 0.036612
v 1.250000 1.750000 0.000000
v 1.161612 1.750000 0.036612
v 1.125000 1.750000 0.125000
v 1.161612 1.750000 0.213388
v 1.250000 4.000000 0.250000
v 1.338388 4.000000 0.213388
v 1.375000 4.000000 0.125000
v 1.338388 4.000000 0.036612
v 1.250000 4.000000 0.000000
v 1.161612 4.000000 0.036612
v 1.125000 4.000000 0.125000
v 1.161612 4.000000 0.213388
v 1.213388 4.088388 0.250000
v 1.275888 4.150888 0.213388
v 1.301777 4.176777 0.125000
v 1.275888 4.150888 0.036612
v 1.213388 4.088388 0.000000
v 1.150888 4.025888 0.036612
v 1.150888 4.025888 0.213388
v 1.125000 4.125000 0.250000
v 1.125000 4.213388 0.213388
v 1.125000 4.250000 0.125000
v 1.125000 4.213388 0.036612
v 1.125000 4.125000 0.000000
v 1.125000 4.036612 0.036612
v 1.125000 4.036612 0.213388
v -1.750000 3.750000 0.000000
v -1.838388 3.750000 0.036612
v -1.875000 3.750000 0.125000
v -1.838388 3.750000 0.213388
v -1.750000 3.750000 0.250000
v -1.661611 3.750000 0.213388
v -1.625000 3.750000 0.125000
v -1.661611 3.750000 0.036612
v -1.750000 4.250000 0.000000
v -1.838388 4.250000 0.036612
v -1.875000 4.250000 0.125000
v -1.838388 4.250000 0.213388
v -1.750000 4.250000 0.250000
v -1.661611 4.250000 0.213388
v -1.625000 4.250000 0.125000
v -1.661611 4.250000 0.036612
v -1.713388 4.338388 0.000000
v -1.775888 4.400888 0.036612
v -1.801777 4.426777 0.125000
v -1.775888 4.400888 0.213388
v -1.713388 4.338388 0.250000
v -1.650888 4.275888 0.213388
v -1.650888 4.275888 0.036612
v -1.625000 4.375000 0.000000
v -1.625000 4.463388 0.036612
v -1.625000 4.500000 0.125000
v -1.625000 4.463388 0.213388
v -1.625000 4.375000 0.250000
v -1.625000 4.286612 0.213388
v -1.625000 4.286612 0.036612
v 1.750000 1.750000 0.250000
v 1.838388 1.750000 0.213388
v 1.875000 1.750000 0.125000
v 1.838388 1.750000 0.036612
v 1.750000 1.750000 0.000000
v 1.661612 1.750000 0.036612
v 1.625000 1.750000 0.125000
v 1.661612 1.750000 0.213388
v 1.750000 4.250000 0.250000
v 1.838388 4.250000 0.213388
v 1.875000 4.250000 0.125000
v 1.838388 4.250000 0.036612
v 1.750000 4.250000 0.000000
v 1.661612 4.250000 0.036612
v 1.625000 4.250000 0.125000
v 1.661612 4.250000 0.213388
v 1.713388 4.338388 0.250000
v 1.775888 4.400888 0.213388
v 1.801777 4.426777 0.125000
v 1.775888 4.400888 0.036612
v 1.713388 4.338388 0.000000
v 1.650888 4.275888 0.036612
v 1.650888 4.275888 0.213388
v 1.625000 4.375000 0.250000
v 1.625000 4.463388 0.213388
v 1.625000 4.500000 0.125000
v 1.625000 4.463388 0.036612
v 1.625000 4.375000 0.000000
v 1.625000 4.286612 0.036612
v 1.625000 4.286612 0.213388
v 1.875000 2.125000 0.000000
v 1.875000 2.213388 0.036612
v 1.875000 2.250000 0.125000
v 1.875000 2.213388 0.213388
v 1.875000 2.125000 0.250000
v 1.875000 2.036612 0.213388
v 1.875000 2.000000 0.125000
v 1.875000 2.036612 0.036612
v 1.937500 2.213388 0.036612
v 1.937500 2.125000 0.000000
v 1.937500 2.250000 0.125000
v 1.937500 2.213388 0.213388
v 1.937500 2.125000 0.250000
v 1.937500 2.036612 0.213388
v 1.937500 2.000000 0.125000
v 1.937500 2.036612 0.036612
v 1.875000 2.375000 1.500000
v 1.875000 2.463388 1.536612
v 1.875000 2.500000 1.625000
v 1.875000 2.463388 1.713388
v 1.875000 2.375000 1.750000
v 1.875000 2.286612 1.713388
v 1.875000 2.250000 1.625000
v 1.875000 2.286612 1.536612
v 1.937500 2.463388 1.536612
v 1.937500 2.375000 1.500000
v 1.937500 2.500000 1.625000
v 1.937500 2.463388 1.713388
v 1.937500 2.375000 1.750000
v 1.937500 2.286612 1.713388
v 1.937500 2.250000 1.625000
v 1.937500 2.286612 1.536612
v 1.125000 2.750000 2.000000
v 1.875000 2.750000 2.000000
v 1.125000 2.750000 1.500000
v 1.875000 2.750000 1.500000
v 1.125000 3.250000 1.500000
v 1.125000 3.250000 2.000000
v 1.875000 3.250000 2.000000
v 1.875000 3.250000 1.500000
v 1.125000 2.750000 0.500000
v 1.875000 2.750000 0.500000
v 1.125000 2.750000 0.000000
v 1.875000 2.750000 0.000000
v 1.125000 3.250000 0.000000
v 1.125000 3.250000 0.500000
v 1.875000 3.250000 0.500000
v 1.875000 3.250000 0.000000
vt 0.142857 0.247191
vt 0.154762 0.269663
vt 0.142857 0.269663
vt 0.154762 0.292135
vt 0.142857 0.314607
vt 0.142857 0.292135
vt 0.166667 0.269663
vt 0.190476 0.269663
vt 0.178571 0.292135
vt 0.178571 0.269663
vt 0.166667 0.292135
vt 0.142857 0.247191
vt 0.154762 0.269663
vt 0.142857 0.269663
vt 0.154762 0.292135
vt 0.142857 0.314607
vt 0.142857 0.292135
vt 0.166667 0.269663
vt 0.190476 0.269663
vt 0.178571 0.292135
vt 0.178571 0.269663
vt 0.166667 0.292135
vt 0.142857 0.247191
vt 0.154762 0.269663
vt 0.142857 0.269663
vt 0.154762 0.292135
vt 0.142857 0.314607
vt 0.142857 0.292135
vt 0.166667 0.269663
vt 0.190476 0.269663
vt 0.178571 0.292135
vt 0.178571 0.269663
vt 0.166667 0.292135
vt 0.142857 0.247191
vt 0.154762 0.269663
vt 0.142857 0.269663
vt 0.154762 0.292135
vt 0.142857 0.314607
vt 0.142857 0.292135
vt 0.166667 0.269663
vt 0.190476 0.269663
vt 0.178571 0.292135
vt 0.178571 0.269663
vt 0.166667 0.292135
vt 0.309524 0.505618
vt 0.523810 0.516854
vt 0.309524 0.516854
vt 0.309524 0.494382
vt 0.523810 0.505618
vt 0.523810 0.528090
vt 0.523810 0.539326
vt 0.309524 0.528090
vt 0.309524 0.505618
vt 0.523810 0.516854
vt 0.309524 0.516854
vt 0.309524 0.494382
vt 0.523810 0.505618
vt 0.523810 0.528090
vt 0.523810 0.539326
vt 0.309524 0.528090
vt 0.309524 0.505618
vt 0.523810 0.516854
vt 0.309524 0.516854
vt 0.309524 0.494382
vt 0.523810 0.505618
vt 0.523810 0.528090
vt 0.523810 0.539326
vt 0.309524 0.528090
vt 0.309524 0.505618
vt 0.523810 0.516854
vt 0.309524 0.516854
vt 0.309524 0.494382
vt 0.523810 0.505618
vt 0.523810 0.528090
vt 0.523810 0.539326
vt 0.309524 0.528090
vt 0.523810 0.011236
vt 0.535714 0.460674
vt 0.523810 0.460674
vt 0.541667 0.460674
vt 0.553571 0.011236
vt 0.553571 0.460674
vt 0.559524 0.460674
vt 0.559524 0.011236
vt 0.553571 -0.000000
vt 0.541667 0.011236
vt 0.541667 -0.000000
vt 0.541667 0.471910
vt 0.553571 0.471910
vt 0.535714 0.011236
vt 0.309524 0.314607
vt 0.190476 0.539326
vt 0.190476 0.314607
vt 0.190476 0.044944
vt 0.309524 0.269663
vt 0.190476 0.269663
vt 0.309524 0.000000
vt 0.190476 0.000000
vt 0.333333 0.269663
vt 0.309524 0.044944
vt 0.333333 0.044944
vt 0.166667 0.044944
vt 0.166667 0.269663
vt 0.023810 0.179775
vt 0.142857 0.224719
vt 0.023810 0.224719
vt 0.142857 -0.000000
vt 0.023810 0.044944
vt 0.023810 -0.000000
vt -0.000000 0.179775
vt 0.142857 0.044944
vt 0.142857 0.179775
vt 0.166667 0.044944
vt 0.166667 0.179775
vt 0.023810 0.359551
vt 0.333333 0.044944
vt 0.357143 0.449438
vt 0.333333 0.449438
vt 0.428571 0.449438
vt 0.452381 0.044944
vt 0.452381 0.449438
vt 0.238095 0.955056
vt 0.190476 0.943820
vt 0.238095 0.943820
vt 0.428571 0.494382
vt 0.357143 0.494382
vt 0.523810 0.449438
vt 0.523810 0.044944
vt 0.357143 0.000000
vt 0.428571 0.044944
vt 0.357143 0.044944
vt 0.773862 0.606741
vt 0.791693 0.548444
vt 0.827355 0.548444
vt 0.791693 0.683275
vt 0.827355 0.683275
vt 0.845186 0.741573
vt 0.845291 0.606741
vt 0.863122 0.548444
vt 0.898783 0.548444
vt 0.863122 0.683275
vt 0.898783 0.683275
vt 0.916614 0.741573
vt 0.702434 0.606741
vt 0.720264 0.548444
vt 0.755926 0.548444
vt 0.720265 0.799871
vt 0.720264 0.683275
vt 0.773757 0.741573
vt 0.916719 0.606741
vt 0.934550 0.548444
vt 0.970212 0.548444
vt 0.934550 0.799871
vt 0.934550 0.683275
vt 0.988043 0.741573
vt 0.535714 0.719101
vt 0.654762 0.629214
vt 0.654762 0.719101
vt 0.702381 0.719101
vt 0.702381 0.629214
vt 0.535714 0.808989
vt 0.654762 0.808989
vt 0.488095 0.629214
vt 0.488095 0.719101
vt 0.654762 0.539326
vt 0.535714 0.629214
vt 0.535714 0.539326
vt 0.151786 0.971910
vt 0.122024 0.983146
vt 0.122024 0.971910
vt 0.226190 0.955056
vt 0.190476 0.966292
vt 0.190476 0.955056
vt 0.261905 0.955056
vt 0.226190 0.966292
vt 0.154762 0.955056
vt 0.119048 0.966292
vt 0.119048 0.955056
vt 0.154762 0.966292
vt 0.193452 0.971910
vt 0.223214 0.971910
vt 0.229167 0.971910
vt 0.261905 0.966292
vt 0.258929 0.971910
vt 0.157738 0.971910
vt 0.187500 0.971910
vt 0.157738 0.983146
vt 0.193452 0.983146
vt 0.229167 0.983146
vt 0.422619 0.949451
vt 0.428565 0.960674
vt 0.422619 0.971897
vt 0.410715 0.971897
vt 0.404769 0.960674
vt 0.410715 0.949451
vt 0.095238 0.955056
vt 0.059524 1.000000
vt 0.059524 0.955056
vt 0.035714 0.955056
vt 0.000000 1.000000
vt 0.000000 0.955056
vt 0.035714 1.000000
vt 0.119048 0.955056
vt 0.095238 1.000000
vt 0.261905 0.932584
vt 0.291667 0.926966
vt 0.291667 0.932584
vt 0.261905 0.926966
vt 0.291667 0.921348
vt 0.291667 0.926966
vt 0.261905 0.921348
vt 0.291667 0.915730
vt 0.291667 0.921348
vt 0.261905 0.915730
vt 0.291667 0.910112
vt 0.291667 0.915730
vt 0.157738 0.320225
vt 0.175595 0.353933
vt 0.157738 0.353933
vt 0.160714 0.303371
vt 0.172619 0.292135
vt 0.172619 0.303371
vt 0.175595 0.320225
vt 0.181548 0.353933
vt 0.151786 0.320225
vt 0.175595 0.308989
vt 0.157738 0.365169
vt 0.160714 0.370787
vt 0.175595 0.365169
vt 0.172619 0.370787
vt 0.148810 0.325843
vt 0.151786 0.353933
vt 0.148810 0.348315
vt 0.157738 0.308989
vt 0.184524 0.348315
vt 0.181548 0.320225
vt 0.184524 0.325843
vt 0.160714 0.382022
vt 0.190476 0.348315
vt 0.142857 0.325843
vt 0.190476 0.955056
vt 0.000000 0.943820
vt 0.190476 0.943820
vt 0.238095 0.955056
vt 0.238095 0.943820
vt 0.000000 0.955056
vt 0.000000 0.943820
vt 0.107143 0.786517
vt 0.035714 0.382022
vt 0.107143 0.382022
vt 0.035714 0.853933
vt 0.107143 0.786517
vt 0.107143 0.853933
vt 0.000000 0.382022
vt 0.035714 0.786517
vt -0.000000 0.786517
vt 0.035714 0.853933
vt 0.107143 0.786517
vt 0.107143 0.853933
vt 0.000000 0.382022
vt 0.035714 0.786517
vt 0.000000 0.786517
vt 0.107143 0.382022
vt 0.035714 0.382022
vt 0.226190 0.679775
vt 0.238095 0.707865
vt 0.226190 0.702247
vt 0.238095 0.640449
vt 0.226190 0.668539
vt 0.226190 0.646067
vt 0.226190 0.612360
vt 0.226190 0.634831
vt 0.226190 0.578652
vt 0.238095 0.606742
vt 0.226190 0.601124
vt 0.226190 0.544944
vt 0.238095 0.573034
vt 0.226190 0.567416
vt 0.226190 0.915730
vt 0.238095 0.943820
vt 0.226190 0.938202
vt 0.226190 0.882023
vt 0.238095 0.910112
vt 0.226190 0.904494
vt 0.238095 0.842697
vt 0.226190 0.870786
vt 0.226190 0.848315
vt 0.226190 0.814607
vt 0.226190 0.837079
vt 0.238095 0.775281
vt 0.226190 0.803371
vt 0.226190 0.780899
vt 0.238095 0.741573
vt 0.226190 0.769663
vt 0.226190 0.747191
vt 0.226190 0.735955
vt 0.226190 0.713483
vt 0.261905 0.679775
vt 0.250000 0.707865
vt 0.250000 0.674157
vt 0.261905 0.713483
vt 0.250000 0.741573
vt 0.261905 0.747191
vt 0.250000 0.775281
vt 0.261905 0.803371
vt 0.250000 0.808989
vt 0.261905 0.814607
vt 0.250000 0.842697
vt 0.261905 0.870786
vt 0.250000 0.876405
vt 0.261905 0.882023
vt 0.250000 0.910112
vt 0.261905 0.915730
vt 0.250000 0.943820
vt 0.261905 0.544944
vt 0.250000 0.573034
vt 0.250000 0.539326
vt 0.261905 0.578652
vt 0.250000 0.606742
vt 0.261905 0.612360
vt 0.250000 0.640449
vt 0.261905 0.668539
vt 0.333333 0.679775
vt 0.345238 0.707865
vt 0.333333 0.702247
vt 0.345238 0.640449
vt 0.333333 0.668539
vt 0.333333 0.646067
vt 0.333333 0.612360
vt 0.333333 0.634831
vt 0.333333 0.578652
vt 0.345238 0.606742
vt 0.333333 0.601124
vt 0.333333 0.544944
vt 0.345238 0.573034
vt 0.333333 0.567416
vt 0.333333 0.915730
vt 0.345238 0.943820
vt 0.333333 0.938202
vt 0.333333 0.882023
vt 0.345238 0.910112
vt 0.333333 0.904494
vt 0.345238 0.842697
vt 0.333333 0.870786
vt 0.333333 0.848315
vt 0.333333 0.814607
vt 0.333333 0.837079
vt 0.345238 0.775281
vt 0.333333 0.803371
vt 0.333333 0.780899
vt 0.345238 0.741573
vt 0.333333 0.769663
vt 0.333333 0.747191
vt 0.333333 0.735955
vt 0.333333 0.713483
vt 0.369048 0.679775
vt 0.357143 0.707865
vt 0.357143 0.674157
vt 0.369048 0.713483
vt 0.357143 0.741573
vt 0.369048 0.747191
vt 0.357143 0.775281
vt 0.369048 0.803371
vt 0.357143 0.808989
vt 0.369048 0.814607
vt 0.357143 0.842697
vt 0.369048 0.870786
vt 0.357143 0.876405
vt 0.369048 0.882023
vt 0.357143 0.910112
vt 0.369048 0.915730
vt 0.357143 0.943820
vt 0.369048 0.544944
vt 0.357143 0.573034
vt 0.357143 0.539326
vt 0.369048 0.578652
vt 0.357143 0.606742
vt 0.369048 0.612360
vt 0.357143 0.640449
vt 0.369048 0.668539
vt 0.154774 0.623152
vt 0.154774 0.545387
vt 0.190452 0.584270
vt 0.178559 0.635275
vt 0.190452 0.674157
vt 0.154774 0.713040
vt 0.041667 0.921348
vt 0.113095 0.853933
vt 0.113095 0.921348
vt 0.119048 0.921348
vt 0.190476 0.853933
vt 0.190476 0.921348
vt 0.119048 0.853933
vt 0.035714 0.921348
vt 0.041667 0.853933
vt 0.041667 0.921348
vt 0.113095 0.853933
vt 0.113095 0.921348
vt 0.119048 0.921348
vt 0.190476 0.853933
vt 0.190476 0.921348
vt 0.119048 0.853933
vt 0.035714 0.921348
vt 0.041667 0.853933
vt 0.041667 0.921348
vt 0.113095 0.853933
vt 0.113095 0.921348
vt 0.119048 0.921348
vt 0.190476 0.853933
vt 0.190476 0.921348
vt 0.119048 0.853933
vt 0.035714 0.921348
vt 0.041667 0.853933
vt 0.041667 0.921348
vt 0.113095 0.853933
vt 0.113095 0.921348
vt 0.119048 0.921348
vt 0.190476 0.853933
vt 0.190476 0.921348
vt 0.119048 0.853933
vt 0.035714 0.921348
vt 0.041667 0.853933
vt 0.428571 0.471910
vt 0.440476 0.460674
vt 0.440476 0.471910
vt 0.428571 0.483146
vt 0.440476 0.483146
vt 0.428571 0.460674
vt 0.440476 0.449438
vt 0.428571 0.494382
vt 0.440476 0.494382
vt 0.428571 0.471910
vt 0.440476 0.460674
vt 0.440476 0.471910
vt 0.428571 0.483146
vt 0.440476 0.483146
vt 0.428571 0.460674
vt 0.440476 0.449438
vt 0.428571 0.494382
vt 0.440476 0.494382
vt 0.428571 0.471910
vt 0.440476 0.460674
vt 0.440476 0.471910
vt 0.428571 0.483146
vt 0.440476 0.483146
vt 0.428571 0.460674
vt 0.440476 0.449438
vt 0.428571 0.494382
vt 0.440476 0.494382
vt 0.428571 0.471910
vt 0.440476 0.460674
vt 0.440476 0.471910
vt 0.428571 0.483146
vt 0.440476 0.483146
vt 0.428571 0.460674
vt 0.440476 0.449438
vt 0.428571 0.494382
vt 0.440476 0.494382
vt 0.428571 0.471910
vt 0.440476 0.460674
vt 0.440476 0.471910
vt 0.428571 0.483146
vt 0.440476 0.483146
vt 0.428571 0.460674
vt 0.440476 0.449438
vt 0.428571 0.494382
vt 0.440476 0.494382
vt 0.428571 0.471910
vt 0.440476 0.460674
vt 0.440476 0.471910
vt 0.428571 0.483146
vt 0.440476 0.483146
vt 0.428571 0.460674
vt 0.440476 0.449438
vt 0.428571 0.494382
vt 0.440476 0.494382
vt 0.428571 0.471910
vt 0.440476 0.460674
vt 0.440476 0.471910
vt 0.428571 0.483146
vt 0.440476 0.483146
vt 0.428571 0.460674
vt 0.440476 0.449438
vt 0.428571 0.494382
vt 0.440476 0.494382
vt 0.428571 0.471910
vt 0.440476 0.460674
vt 0.440476 0.471910
vt 0.428571 0.483146
vt 0.440476 0.483146
vt 0.428571 0.460674
vt 0.440476 0.449438
vt 0.428571 0.494382
vt 0.440476 0.494382
vt 0.428571 0.471910
vt 0.440476 0.460674
vt 0.440476 0.471910
vt 0.428571 0.483146
vt 0.440476 0.483146
vt 0.428571 0.460674
vt 0.440476 0.449438
vt 0.428571 0.494382
vt 0.440476 0.494382
vt 0.428571 0.471910
vt 0.440476 0.460674
vt 0.440476 0.471910
vt 0.428571 0.483146
vt 0.440476 0.483146
vt 0.428571 0.460674
vt 0.440476 0.449438
vt 0.428571 0.494382
vt 0.440476 0.494382
vt 0.428571 0.471910
vt 0.440476 0.460674
vt 0.440476 0.471910
vt 0.428571 0.483146
vt 0.440476 0.483146
vt 0.428571 0.460674
vt 0.440476 0.449438
vt 0.428571 0.494382
vt 0.440476 0.494382
vt 0.428571 0.471910
vt 0.440476 0.460674
vt 0.440476 0.471910
vt 0.428571 0.483146
vt 0.440476 0.483146
vt 0.428571 0.460674
vt 0.440476 0.449438
vt 0.428571 0.494382
vt 0.440476 0.494382
vt 0.511905 0.471910
vt 0.523810 0.460674
vt 0.523810 0.471910
vt 0.511905 0.483146
vt 0.523810 0.483146
vt 0.511905 0.460674
vt 0.523810 0.449438
vt 0.511905 0.494382
vt 0.523810 0.494382
vt 0.511905 0.471910
vt 0.523810 0.460674
vt 0.523810 0.471910
vt 0.511905 0.483146
vt 0.523810 0.483146
vt 0.511905 0.460674
vt 0.523810 0.449438
vt 0.511905 0.494382
vt 0.523810 0.494382
vt 0.511905 0.471910
vt 0.523810 0.460674
vt 0.523810 0.471910
vt 0.511905 0.483146
vt 0.523810 0.483146
vt 0.511905 0.460674
vt 0.523810 0.449438
vt 0.511905 0.494382
vt 0.523810 0.494382
vt 0.511905 0.471910
vt 0.523810 0.460674
vt 0.523810 0.471910
vt 0.511905 0.483146
vt 0.523810 0.483146
vt 0.511905 0.460674
vt 0.523810 0.449438
vt 0.511905 0.494382
vt 0.523810 0.494382
vt 0.511905 0.471910
vt 0.523810 0.460674
vt 0.523810 0.471910
vt 0.511905 0.483146
vt 0.523810 0.483146
vt 0.511905 0.460674
vt 0.523810 0.449438
vt 0.511905 0.494382
vt 0.523810 0.494382
vt 0.511905 0.471910
vt 0.523810 0.460674
vt 0.523810 0.471910
vt 0.511905 0.483146
vt 0.523810 0.483146
vt 0.511905 0.460674
vt 0.523810 0.449438
vt 0.511905 0.494382
vt 0.523810 0.494382
vt 0.511905 0.471910
vt 0.523810 0.460674
vt 0.523810 0.471910
vt 0.511905 0.483146
vt 0.523810 0.483146
vt 0.511905 0.460674
vt 0.523810 0.449438
vt 0.511905 0.494382
vt 0.523810 0.494382
vt 0.511905 0.471910
vt 0.523810 0.460674
vt 0.523810 0.471910
vt 0.511905 0.483146
vt 0.523810 0.483146
vt 0.511905 0.460674
vt 0.523810 0.449438
vt 0.511905 0.494382
vt 0.523810 0.494382
vt 0.511905 0.471910
vt 0.523810 0.460674
vt 0.523810 0.471910
vt 0.511905 0.483146
vt 0.523810 0.483146
vt 0.511905 0.460674
vt 0.523810 0.449438
vt 0.511905 0.494382
vt 0.523810 0.494382
vt 0.511905 0.471910
vt 0.523810 0.460674
vt 0.523810 0.471910
vt 0.511905 0.483146
vt 0.523810 0.483146
vt 0.511905 0.460674
vt 0.523810 0.449438
vt 0.511905 0.494382
vt 0.523810 0.494382
vt 0.511905 0.471910
vt 0.523810 0.460674
vt 0.523810 0.471910
vt 0.511905 0.483146
vt 0.523810 0.483146
vt 0.511905 0.460674
vt 0.523810 0.449438
vt 0.511905 0.494382
vt 0.523810 0.494382
vt 0.511905 0.471910
vt 0.523810 0.460674
vt 0.523810 0.471910
vt 0.511905 0.483146
vt 0.523810 0.483146
vt 0.511905 0.460674
vt 0.523810 0.449438
vt 0.511905 0.494382
vt 0.523810 0.494382
vt 0.440476 0.460674
vt 0.511905 0.449438
vt 0.511905 0.460674
vt 0.440476 0.471910
vt 0.511905 0.460674
vt 0.511905 0.471910
vt 0.440476 0.483146
vt 0.511905 0.471910
vt 0.511905 0.483146
vt 0.440476 0.494382
vt 0.511905 0.483146
vt 0.511905 0.494382
vt 0.440476 0.460674
vt 0.511905 0.449438
vt 0.440476 0.471910
vt 0.511905 0.460674
vt 0.511905 0.471910
vt 0.440476 0.483146
vt 0.511905 0.471910
vt 0.440476 0.494382
vt 0.511905 0.483146
vt 0.511905 0.494382
vt 0.440476 0.460674
vt 0.511905 0.449438
vt 0.440476 0.471910
vt 0.511905 0.460674
vt 0.511905 0.471910
vt 0.440476 0.483146
vt 0.440476 0.494382
vt 0.511905 0.483146
vt 0.511905 0.494382
vt 0.440476 0.460674
vt 0.511905 0.449438
vt 0.440476 0.471910
vt 0.511905 0.460674
vt 0.511905 0.471910
vt 0.440476 0.483146
vt 0.440476 0.494382
vt 0.511905 0.483146
vt 0.511905 0.494382
vt 0.440476 0.460674
vt 0.511905 0.449438
vt 0.440476 0.471910
vt 0.511905 0.460674
vt 0.511905 0.471910
vt 0.440476 0.471910
vt 0.511905 0.460674
vt 0.511905 0.471910
vt 0.440476 0.483146
vt 0.440476 0.494382
vt 0.511905 0.483146
vt 0.511905 0.494382
vt 0.440476 0.460674
vt 0.511905 0.449438
vt 0.440476 0.460674
vt 0.511905 0.449438
vt 0.440476 0.471910
vt 0.511905 0.460674
vt 0.511905 0.471910
vt 0.440476 0.483146
vt 0.440476 0.494382
vt 0.511905 0.483146
vt 0.511905 0.494382
vt 0.440476 0.494382
vt 0.511905 0.483146
vt 0.511905 0.494382
vt 0.440476 0.460674
vt 0.511905 0.449438
vt 0.440476 0.471910
vt 0.511905 0.460674
vt 0.511905 0.471910
vt 0.440476 0.483146
vt 0.440476 0.483146
vt 0.440476 0.494382
vt 0.511905 0.483146
vt 0.511905 0.494382
vt 0.440476 0.460674
vt 0.511905 0.449438
vt 0.440476 0.471910
vt 0.511905 0.460674
vt 0.511905 0.471910
vt 0.440476 0.471910
vt 0.511905 0.460674
vt 0.511905 0.471910
vt 0.440476 0.483146
vt 0.440476 0.494382
vt 0.511905 0.483146
vt 0.511905 0.494382
vt 0.440476 0.460674
vt 0.511905 0.449438
vt 0.440476 0.460674
vt 0.511905 0.449438
vt 0.440476 0.471910
vt 0.511905 0.460674
vt 0.440476 0.483146
vt 0.440476 0.494382
vt 0.511905 0.483146
vt 0.511905 0.494382
vt 0.440476 0.494382
vt 0.511905 0.483146
vt 0.511905 0.494382
vt 0.440476 0.460674
vt 0.511905 0.449438
vt 0.440476 0.471910
vt 0.440476 0.483146
vt 0.440476 0.483146
vt 0.440476 0.494382
vt 0.511905 0.494382
vt 0.523810 0.011236
vt 0.535714 0.460674
vt 0.523810 0.460674
vt 0.541667 0.460674
vt 0.553571 0.011236
vt 0.553571 0.460674
vt 0.559524 0.460674
vt 0.559524 0.011236
vt 0.553571 -0.000000
vt 0.541667 0.011236
vt 0.541667 -0.000000
vt 0.541667 0.471910
vt 0.553571 0.471910
vt 0.535714 0.011236
vt 0.523810 0.011236
vt 0.535714 0.460674
vt 0.523810 0.460674
vt 0.541667 0.460674
vt 0.553571 0.011236
vt 0.553571 0.460674
vt 0.559524 0.460674
vt 0.559524 0.011236
vt 0.553571 -0.000000
vt 0.541667 0.011236
vt 0.541667 -0.000000
vt 0.541667 0.471910
vt 0.553571 0.471910
vt 0.535714 0.011236
vt 0.523810 0.011236
vt 0.535714 0.460674
vt 0.523810 0.460674
vt 0.541667 0.460674
vt 0.553571 0.011236
vt 0.553571 0.460674
vt 0.559524 0.460674
vt 0.559524 0.011236
vt 0.553571 -0.000000
vt 0.541667 0.011236
vt 0.541667 -0.000000
vt 0.541667 0.471910
vt 0.553571 0.471910
vt 0.535714 0.011236
vt 0.523810 0.011236
vt 0.535714 0.460674
vt 0.523810 0.460674
vt 0.541667 0.460674
vt 0.553571 0.011236
vt 0.553571 0.460674
vt 0.559524 0.460674
vt 0.559524 0.011236
vt 0.553571 -0.000000
vt 0.541667 0.011236
vt 0.541667 -0.000000
vt 0.541667 0.471910
vt 0.553571 0.471910
vt 0.535714 0.011236
vt 0.157738 0.320225
vt 0.175595 0.353933
vt 0.157738 0.353933
vt 0.160714 0.303371
vt 0.172619 0.292135
vt 0.172619 0.303371
vt 0.175595 0.320225
vt 0.181548 0.353933
vt 0.151786 0.320225
vt 0.175595 0.308989
vt 0.157738 0.365169
vt 0.160714 0.370787
vt 0.175595 0.365169
vt 0.172619 0.370787
vt 0.148810 0.325843
vt 0.151786 0.353933
vt 0.148810 0.348315
vt 0.157738 0.308989
vt 0.184524 0.348315
vt 0.181548 0.320225
vt 0.184524 0.325843
vt 0.160714 0.382022
vt 0.190476 0.348315
vt 0.142857 0.325843
vt 0.157738 0.320225
vt 0.175595 0.353933
vt 0.157738 0.353933
vt 0.160714 0.303371
vt 0.172619 0.292135
vt 0.172619 0.303371
vt 0.175595 0.320225
vt 0.181548 0.353933
vt 0.151786 0.320225
vt 0.175595 0.308989
vt 0.157738 0.365169
vt 0.160714 0.370787
vt 0.175595 0.365169
vt 0.172619 0.370787
vt 0.148810 0.325843
vt 0.151786 0.353933
vt 0.148810 0.348315
vt 0.157738 0.308989
vt 0.184524 0.348315
vt 0.181548 0.320225
vt 0.184524 0.325843
vt 0.160714 0.382022
vt 0.190476 0.348315
vt 0.142857 0.325843
vt 0.157738 0.320225
vt 0.175595 0.353933
vt 0.157738 0.353933
vt 0.160714 0.303371
vt 0.172619 0.292135
vt 0.172619 0.303371
vt 0.175595 0.320225
vt 0.181548 0.353933
vt 0.151786 0.320225
vt 0.175595 0.308989
vt 0.157738 0.365169
vt 0.160714 0.370787
vt 0.175595 0.365169
vt 0.172619 0.370787
vt 0.148810 0.325843
vt 0.151786 0.353933
vt 0.148810 0.348315
vt 0.157738 0.308989
vt 0.184524 0.348315
vt 0.181548 0.320225
vt 0.184524 0.325843
vt 0.160714 0.382022
vt 0.190476 0.348315
vt 0.142857 0.325843
vt 0.157738 0.320225
vt 0.175595 0.353933
vt 0.157738 0.353933
vt 0.160714 0.303371
vt 0.172619 0.292135
vt 0.172619 0.303371
vt 0.175595 0.320225
vt 0.181548 0.353933
vt 0.151786 0.320225
vt 0.175595 0.308989
vt 0.157738 0.365169
vt 0.160714 0.370787
vt 0.175595 0.365169
vt 0.172619 0.370787
vt 0.148810 0.325843
vt 0.151786 0.353933
vt 0.148810 0.348315
vt 0.157738 0.308989
vt 0.184524 0.348315
vt 0.181548 0.320225
vt 0.184524 0.325843
vt 0.160714 0.382022
vt 0.190476 0.348315
vt 0.142857 0.325843
vt 0.157738 0.320225
vt 0.175595 0.353933
vt 0.157738 0.353933
vt 0.160714 0.303371
vt 0.172619 0.292135
vt 0.172619 0.303371
vt 0.175595 0.320225
vt 0.181548 0.353933
vt 0.151786 0.320225
vt 0.175595 0.308989
vt 0.175595 0.365169
vt 0.157738 0.365169
vt 0.160714 0.370787
vt 0.172619 0.370787
vt 0.148810 0.325843
vt 0.151786 0.353933
vt 0.148810 0.348315
vt 0.157738 0.308989
vt 0.184524 0.348315
vt 0.181548 0.320225
vt 0.184524 0.325843
vt 0.160714 0.382022
vt 0.190476 0.348315
vt 0.142857 0.325843
vt 0.157738 0.320225
vt 0.175595 0.353933
vt 0.157738 0.353933
vt 0.160714 0.303371
vt 0.172619 0.292135
vt 0.172619 0.303371
vt 0.175595 0.320225
vt 0.181548 0.353933
vt 0.151786 0.320225
vt 0.175595 0.308989
vt 0.157738 0.365169
vt 0.160714 0.370787
vt 0.175595 0.365169
vt 0.172619 0.370787
vt 0.148810 0.325843
vt 0.151786 0.353933
vt 0.148810 0.348315
vt 0.157738 0.308989
vt 0.184524 0.348315
vt 0.181548 0.320225
vt 0.184524 0.325843
vt 0.160714 0.382022
vt 0.190476 0.348315
vt 0.142857 0.325843
vt 0.157738 0.320225
vt 0.175595 0.353933
vt 0.157738 0.353933
vt 0.160714 0.303371
vt 0.172619 0.292135
vt 0.172619 0.303371
vt 0.175595 0.320225
vt 0.181548 0.353933
vt 0.151786 0.320225
vt 0.175595 0.308989
vt 0.157738 0.365169
vt 0.160714 0.370787
vt 0.175595 0.365169
vt 0.172619 0.370787
vt 0.148810 0.325843
vt 0.151786 0.353933
vt 0.148810 0.348315
vt 0.157738 0.308989
vt 0.184524 0.348315
vt 0.181548 0.320225
vt 0.184524 0.325843
vt 0.160714 0.382022
vt 0.190476 0.348315
vt 0.142857 0.325843
vt 0.157738 0.320225
vt 0.175595 0.353933
vt 0.157738 0.353933
vt 0.160714 0.303371
vt 0.172619 0.292135
vt 0.172619 0.303371
vt 0.175595 0.320225
vt 0.181548 0.353933
vt 0.151786 0.320225
vt 0.175595 0.308989
vt 0.157738 0.365169
vt 0.160714 0.370787
vt 0.175595 0.365169
vt 0.172619 0.370787
vt 0.148810 0.325843
vt 0.151786 0.353933
vt 0.148810 0.348315
vt 0.157738 0.308989
vt 0.184524 0.348315
vt 0.181548 0.320225
vt 0.184524 0.325843
vt 0.160714 0.382022
vt 0.190476 0.348315
vt 0.142857 0.325843
vt 0.157738 0.320225
vt 0.175595 0.353933
vt 0.157738 0.353933
vt 0.160714 0.303371
vt 0.172619 0.292135
vt 0.172619 0.303371
vt 0.175595 0.320225
vt 0.181548 0.353933
vt 0.151786 0.320225
vt 0.175595 0.308989
vt 0.157738 0.365169
vt 0.160714 0.370787
vt 0.175595 0.365169
vt 0.172619 0.370787
vt 0.148810 0.325843
vt 0.151786 0.353933
vt 0.148810 0.348315
vt 0.157738 0.308989
vt 0.184524 0.348315
vt 0.181548 0.320225
vt 0.184524 0.325843
vt 0.160714 0.382022
vt 0.190476 0.348315
vt 0.142857 0.325843
vt 0.157738 0.320225
vt 0.175595 0.353933
vt 0.157738 0.353933
vt 0.160714 0.303371
vt 0.172619 0.292135
vt 0.172619 0.303371
vt 0.175595 0.320225
vt 0.181548 0.353933
vt 0.151786 0.320225
vt 0.175595 0.308989
vt 0.157738 0.365169
vt 0.160714 0.370787
vt 0.175595 0.365169
vt 0.172619 0.370787
vt 0.148810 0.325843
vt 0.151786 0.353933
vt 0.148810 0.348315
vt 0.157738 0.308989
vt 0.184524 0.348315
vt 0.181548 0.320225
vt 0.184524 0.325843
vt 0.160714 0.382022
vt 0.190476 0.348315
vt 0.142857 0.325843
vt 0.157738 0.320225
vt 0.175595 0.353933
vt 0.157738 0.353933
vt 0.160714 0.303371
vt 0.172619 0.292135
vt 0.172619 0.303371
vt 0.175595 0.320225
vt 0.181548 0.353933
vt 0.151786 0.320225
vt 0.175595 0.308989
vt 0.157738 0.365169
vt 0.160714 0.370787
vt 0.175595 0.365169
vt 0.172619 0.370787
vt 0.148810 0.325843
vt 0.151786 0.353933
vt 0.148810 0.348315
vt 0.157738 0.308989
vt 0.184524 0.348315
vt 0.181548 0.320225
vt 0.184524 0.325843
vt 0.160714 0.382022
vt 0.190476 0.348315
vt 0.142857 0.325843
vt 0.157738 0.320225
vt 0.175595 0.353933
vt 0.157738 0.353933
vt 0.160714 0.303371
vt 0.172619 0.292135
vt 0.172619 0.303371
vt 0.175595 0.320225
vt 0.181548 0.353933
vt 0.151786 0.320225
vt 0.175595 0.308989
vt 0.157738 0.365169
vt 0.160714 0.370787
vt 0.175595 0.365169
vt 0.172619 0.370787
vt 0.148810 0.325843
vt 0.151786 0.353933
vt 0.148810 0.348315
vt 0.157738 0.308989
vt 0.184524 0.348315
vt 0.181548 0.320225
vt 0.184524 0.325843
vt 0.160714 0.382022
vt 0.190476 0.348315
vt 0.142857 0.325843
vt 0.157738 0.320225
vt 0.175595 0.353933
vt 0.157738 0.353933
vt 0.160714 0.303371
vt 0.172619 0.292135
vt 0.172619 0.303371
vt 0.175595 0.320225
vt 0.181548 0.353933
vt 0.151786 0.320225
vt 0.175595 0.308989
vt 0.157738 0.365169
vt 0.160714 0.370787
vt 0.175595 0.365169
vt 0.172619 0.370787
vt 0.148810 0.325843
vt 0.151786 0.353933
vt 0.148810 0.348315
vt 0.157738 0.308989
vt 0.184524 0.348315
vt 0.181548 0.320225
vt 0.184524 0.325843
vt 0.160714 0.382022
vt 0.190476 0.348315
vt 0.142857 0.325843
vt 0.157738 0.320225
vt 0.175595 0.353933
vt 0.157738 0.353933
vt 0.160714 0.303371
vt 0.172619 0.292135
vt 0.172619 0.303371
vt 0.175595 0.320225
vt 0.181548 0.353933
vt 0.151786 0.320225
vt 0.175595 0.308989
vt 0.157738 0.365169
vt 0.160714 0.370787
vt 0.175595 0.365169
vt 0.172619 0.370787
vt 0.148810 0.325843
vt 0.151786 0.353933
vt 0.148810 0.348315
vt 0.157738 0.308989
vt 0.184524 0.348315
vt 0.181548 0.320225
vt 0.184524 0.325843
vt 0.160714 0.382022
vt 0.190476 0.348315
vt 0.142857 0.325843
vt 0.157738 0.320225
vt 0.175595 0.353933
vt 0.157738 0.353933
vt 0.160714 0.303371
vt 0.172619 0.292135
vt 0.172619 0.303371
vt 0.175595 0.320225
vt 0.181548 0.353933
vt 0.151786 0.320225
vt 0.175595 0.308989
vt 0.157738 0.365169
vt 0.160714 0.370787
vt 0.175595 0.365169
vt 0.172619 0.370787
vt 0.148810 0.325843
vt 0.151786 0.353933
vt 0.148810 0.348315
vt 0.157738 0.308989
vt 0.184524 0.348315
vt 0.181548 0.320225
vt 0.184524 0.325843
vt 0.160714 0.382022
vt 0.190476 0.348315
vt 0.142857 0.325843
vt 0.157738 0.320225
vt 0.175595 0.353933
vt 0.157738 0.353933
vt 0.160714 0.303371
vt 0.172619 0.292135
vt 0.172619 0.303371
vt 0.175595 0.320225
vt 0.181548 0.353933
vt 0.151786 0.320225
vt 0.175595 0.308989
vt 0.157738 0.365169
vt 0.160714 0.370787
vt 0.175595 0.365169
vt 0.172619 0.370787
vt 0.148810 0.325843
vt 0.151786 0.353933
vt 0.148810 0.348315
vt 0.157738 0.308989
vt 0.184524 0.348315
vt 0.181548 0.320225
vt 0.184524 0.325843
vt 0.160714 0.382022
vt 0.190476 0.348315
vt 0.142857 0.325843
vt 0.157738 0.320225
vt 0.175595 0.353933
vt 0.157738 0.353933
vt 0.160714 0.303371
vt 0.172619 0.292135
vt 0.172619 0.303371
vt 0.175595 0.320225
vt 0.181548 0.353933
vt 0.151786 0.320225
vt 0.175595 0.308989
vt 0.157738 0.365169
vt 0.160714 0.370787
vt 0.175595 0.365169
vt 0.172619 0.370787
vt 0.148810 0.325843
vt 0.151786 0.353933
vt 0.148810 0.348315
vt 0.157738 0.308989
vt 0.184524 0.348315
vt 0.181548 0.320225
vt 0.184524 0.325843
vt 0.160714 0.382022
vt 0.190476 0.348315
vt 0.142857 0.325843
vt 0.157738 0.320225
vt 0.175595 0.353933
vt 0.157738 0.353933
vt 0.160714 0.303371
vt 0.172619 0.292135
vt 0.172619 0.303371
vt 0.175595 0.320225
vt 0.181548 0.353933
vt 0.151786 0.320225
vt 0.175595 0.308989
vt 0.175595 0.365169
vt 0.157738 0.365169
vt 0.160714 0.370787
vt 0.172619 0.370787
vt 0.148810 0.325843
vt 0.151786 0.353933
vt 0.148810 0.348315
vt 0.157738 0.308989
vt 0.184524 0.348315
vt 0.181548 0.320225
vt 0.184524 0.325843
vt 0.172619 0.382022
vt 0.160714 0.382022
vt 0.190476 0.348315
vt 0.142857 0.325843
vt 0.157738 0.320225
vt 0.175595 0.353933
vt 0.157738 0.353933
vt 0.160714 0.303371
vt 0.172619 0.292135
vt 0.172619 0.303371
vt 0.175595 0.320225
vt 0.181548 0.353933
vt 0.151786 0.320225
vt 0.175595 0.308989
vt 0.157738 0.365169
vt 0.160714 0.370787
vt 0.175595 0.365169
vt 0.172619 0.370787
vt 0.148810 0.325843
vt 0.151786 0.353933
vt 0.148810 0.348315
vt 0.157738 0.308989
vt 0.184524 0.348315
vt 0.181548 0.320225
vt 0.184524 0.325843
vt 0.160714 0.382022
vt 0.190476 0.348315
vt 0.142857 0.325843
vt 0.095238 0.955056
vt 0.059524 1.000000
vt 0.059524 0.955056
vt 0.035714 0.955056
vt 0.000000 1.000000
vt 0.000000 0.955056
vt 0.035714 1.000000
vt 0.119048 0.955056
vt 0.095238 1.000000
vt 0.422619 0.949451
vt 0.428565 0.960674
vt 0.422619 0.971897
vt 0.410715 0.971897
vt 0.404769 0.960674
vt 0.410715 0.949451
vt 0.422619 0.949451
vt 0.428565 0.960674
vt 0.422619 0.971897
vt 0.404769 0.960674
vt 0.410715 0.949451
vt 0.416660 0.960674
vt 0.059524 1.000000
vt 0.095238 0.955056
vt 0.059524 0.955056
vt 0.000000 1.000000
vt 0.035714 0.955056
vt 0.000000 0.955056
vt 0.035714 1.000000
vt 0.095238 1.000000
vt 0.119048 0.955056
vt 0.059524 1.000000
vt 0.095238 0.955056
vt 0.059524 0.955056
vt 0.000000 1.000000
vt 0.035714 0.955056
vt 0.000000 0.955056
vt 0.035714 1.000000
vt 0.095238 1.000000
vt 0.119048 0.955056
vt 0.154762 0.247191
vt 0.154762 0.314607
vt 0.190476 0.292135
vt 0.154762 0.247191
vt 0.154762 0.314607
vt 0.190476 0.292135
vt 0.154762 0.247191
vt 0.154762 0.314607
vt 0.190476 0.292135
vt 0.154762 0.247191
vt 0.154762 0.314607
vt 0.190476 0.292135
vt 0.523810 0.494382
vt 0.309524 0.539326
vt 0.523810 0.494382
vt 0.309524 0.539326
vt 0.523810 0.494382
vt 0.309524 0.539326
vt 0.523810 0.494382
vt 0.309524 0.539326
vt 0.309524 0.539326
vt -0.000000 0.044944
vt 0.142857 0.359551
vt 0.190476 0.955056
vt 0.428571 0.000000
vt 0.840408 0.573083
vt 0.827355 0.665039
vt 0.845186 0.606742
vt 0.840408 0.640400
vt 0.809524 0.674058
vt 0.791693 0.665039
vt 0.778640 0.640400
vt 0.778640 0.573083
vt 0.809524 0.539425
vt 0.840408 0.775231
vt 0.827355 0.799871
vt 0.809524 0.808889
vt 0.791693 0.799871
vt 0.778640 0.775231
vt 0.773862 0.741573
vt 0.778640 0.707915
vt 0.809524 0.674256
vt 0.840408 0.707915
vt 0.911837 0.573083
vt 0.898783 0.665039
vt 0.916614 0.606742
vt 0.911837 0.640400
vt 0.880953 0.674058
vt 0.863122 0.665039
vt 0.850069 0.640400
vt 0.850069 0.573083
vt 0.880953 0.539425
vt 0.911836 0.775231
vt 0.898783 0.799871
vt 0.880953 0.808889
vt 0.863122 0.799871
vt 0.850069 0.775231
vt 0.845291 0.741573
vt 0.850069 0.707915
vt 0.880953 0.674256
vt 0.911836 0.707915
vt 0.768979 0.573083
vt 0.755926 0.665039
vt 0.773757 0.606742
vt 0.768979 0.640400
vt 0.738095 0.674058
vt 0.720265 0.665039
vt 0.707211 0.640400
vt 0.707211 0.573083
vt 0.738096 0.539425
vt 0.768979 0.775231
vt 0.755926 0.799871
vt 0.738095 0.808889
vt 0.707211 0.775231
vt 0.702434 0.741573
vt 0.707211 0.707915
vt 0.738095 0.674256
vt 0.755926 0.683275
vt 0.768979 0.707915
vt 0.983265 0.573083
vt 0.970212 0.665039
vt 0.988043 0.606742
vt 0.983265 0.640400
vt 0.952381 0.674058
vt 0.934550 0.665039
vt 0.921497 0.640400
vt 0.921497 0.573083
vt 0.952381 0.539425
vt 0.983265 0.775231
vt 0.970212 0.799871
vt 0.952381 0.808889
vt 0.921497 0.775231
vt 0.916719 0.741573
vt 0.921497 0.707915
vt 0.952381 0.674256
vt 0.970212 0.683275
vt 0.983265 0.707915
vt 0.151786 0.983146
vt 0.187500 0.983146
vt 0.223214 0.983146
vt 0.258929 0.983146
vt 0.418415 0.968610
vt 0.416674 0.960674
vt 0.418415 0.952738
vt 0.426823 0.952738
vt 0.426823 0.968610
vt 0.416660 0.960674
vt 0.414919 0.968610
vt 0.406511 0.968610
vt 0.406511 0.952738
vt 0.414919 0.952738
vt 0.119048 1.000000
vt 0.261905 0.926966
vt 0.261905 0.921348
vt 0.261905 0.915730
vt 0.261905 0.910112
vt 0.160714 0.292135
vt 0.172619 0.382022
vt 0.190476 0.325843
vt 0.142857 0.348315
vt 0.000000 0.955056
vt 0.035714 0.786517
vt 0.035714 0.382022
vt 0.238095 0.674157
vt 0.238095 0.539326
vt 0.238095 0.876405
vt 0.238095 0.808989
vt 0.261905 0.702247
vt 0.261905 0.735955
vt 0.261905 0.769663
vt 0.261905 0.780899
vt 0.261905 0.837079
vt 0.261905 0.848315
vt 0.261905 0.904494
vt 0.261905 0.938202
vt 0.261905 0.567416
vt 0.261905 0.601124
vt 0.261905 0.634831
vt 0.261905 0.646067
vt 0.345238 0.674157
vt 0.345238 0.539326
vt 0.345238 0.876405
vt 0.345238 0.808989
vt 0.369048 0.702247
vt 0.369048 0.735955
vt 0.369048 0.769663
vt 0.369048 0.780899
vt 0.369048 0.837079
vt 0.369048 0.848315
vt 0.369048 0.904494
vt 0.369048 0.938202
vt 0.369048 0.567416
vt 0.369048 0.601124
vt 0.369048 0.634831
vt 0.369048 0.646067
vt 0.187265 0.606718
vt 0.178559 0.623152
vt 0.166667 0.629167
vt 0.146068 0.606719
vt 0.142882 0.584270
vt 0.146068 0.561821
vt 0.166667 0.539372
vt 0.178559 0.545387
vt 0.187265 0.561821
vt 0.146068 0.696606
vt 0.142882 0.674157
vt 0.146068 0.651709
vt 0.154774 0.635275
vt 0.166667 0.629260
vt 0.187265 0.651709
vt 0.187265 0.696606
vt 0.178559 0.713040
vt 0.166667 0.719055
vt 0.035714 0.853933
vt 0.035714 0.853933
vt 0.035714 0.853933
vt 0.035714 0.853933
vt 0.428571 0.449438
vt 0.428571 0.449438
vt 0.428571 0.449438
vt 0.428571 0.449438
vt 0.428571 0.449438
vt 0.428571 0.449438
vt 0.428571 0.449438
vt 0.428571 0.449438
vt 0.428571 0.449438
vt 0.428571 0.449438
vt 0.428571 0.449438
vt 0.428571 0.449438
vt 0.511905 0.449438
vt 0.511905 0.449438
vt 0.511905 0.449438
vt 0.511905 0.449438
vt 0.511905 0.449438
vt 0.511905 0.449438
vt 0.511905 0.449438
vt 0.511905 0.449438
vt 0.511905 0.449438
vt 0.511905 0.449438
vt 0.511905 0.449438
vt 0.511905 0.449438
vt 0.440476 0.449438
vt 0.440476 0.449438
vt 0.440476 0.449438
vt 0.440476 0.449438
vt 0.440476 0.449438
vt 0.440476 0.449438
vt 0.440476 0.449438
vt 0.440476 0.449438
vt 0.440476 0.449438
vt 0.440476 0.449438
vt 0.440476 0.449438
vt 0.440476 0.449438
vt 0.160714 0.292135
vt 0.172619 0.382022
vt 0.190476 0.325843
vt 0.142857 0.348315
vt 0.160714 0.292135
vt 0.172619 0.382022
vt 0.190476 0.325843
vt 0.142857 0.348315
vt 0.160714 0.292135
vt 0.172619 0.382022
vt 0.190476 0.325843
vt 0.142857 0.348315
vt 0.160714 0.292135
vt 0.172619 0.382022
vt 0.190476 0.325843
vt 0.142857 0.348315
vt 0.160714 0.292135
vt 0.172619 0.382022
vt 0.190476 0.325843
vt 0.142857 0.348315
vt 0.160714 0.292135
vt 0.172619 0.382022
vt 0.190476 0.325843
vt 0.142857 0.348315
vt 0.160714 0.292135
vt 0.172619 0.382022
vt 0.190476 0.325843
vt 0.142857 0.348315
vt 0.160714 0.292135
vt 0.172619 0.382022
vt 0.190476 0.325843
vt 0.142857 0.348315
vt 0.160714 0.292135
vt 0.172619 0.382022
vt 0.190476 0.325843
vt 0.142857 0.348315
vt 0.160714 0.292135
vt 0.172619 0.382022
vt 0.190476 0.325843
vt 0.142857 0.348315
vt 0.160714 0.292135
vt 0.172619 0.382022
vt 0.190476 0.325843
vt 0.142857 0.348315
vt 0.160714 0.292135
vt 0.172619 0.382022
vt 0.190476 0.325843
vt 0.142857 0.348315
vt 0.160714 0.292135
vt 0.172619 0.382022
vt 0.190476 0.325843
vt 0.142857 0.348315
vt 0.160714 0.292135
vt 0.172619 0.382022
vt 0.190476 0.325843
vt 0.142857 0.348315
vt 0.160714 0.292135
vt 0.172619 0.382022
vt 0.190476 0.325843
vt 0.142857 0.348315
vt 0.160714 0.292135
vt 0.172619 0.382022
vt 0.190476 0.325843
vt 0.142857 0.348315
vt 0.160714 0.292135
vt 0.172619 0.382022
vt 0.190476 0.325843
vt 0.142857 0.348315
vt 0.160714 0.292135
vt 0.190476 0.325843
vt 0.142857 0.348315
vt 0.160714 0.292135
vt 0.172619 0.382022
vt 0.190476 0.325843
vt 0.142857 0.348315
vt 0.119048 1.000000
vt 0.418415 0.968610
vt 0.416674 0.960674
vt 0.418415 0.952738
vt 0.426823 0.952738
vt 0.426823 0.968610
vt 0.416660 0.960674
vt 0.414919 0.968610
vt 0.406511 0.968610
vt 0.406511 0.952738
vt 0.414919 0.952738
vt 0.418415 0.968610
vt 0.416674 0.960674
vt 0.418415 0.952738
vt 0.426823 0.952738
vt 0.426823 0.968610
vt 0.414919 0.968610
vt 0.410715 0.971897
vt 0.406511 0.968610
vt 0.406511 0.952738
vt 0.414919 0.952738
vt 0.119048 1.000000
vt 0.119048 1.000000
vt 0.577381 0.269663
vt 0.559524 0.539326
vt 0.559524 0.269663
vt 0.702381 0.269663
vt 0.684524 0.539326
vt 0.684524 0.269663
vt 0.738095 0.269663
vt 0.720238 0.539326
vt 0.720238 0.269663
vt 0.648810 0.269663
vt 0.630952 0.539326
vt 0.630952 0.269663
vt 0.595238 0.269663
vt 0.577381 0.539326
vt 0.702381 0.539326
vt 0.755952 0.269663
vt 0.738095 0.539326
vt 0.666667 0.269663
vt 0.648810 0.539326
vt 0.613095 0.269663
vt 0.595238 0.539326
vt 0.773810 0.269663
vt 0.755952 0.539326
vt 0.666667 0.539326
vt 0.613095 0.539326
vt 0.773810 0.269663
vt 0.791667 0.539326
vt 0.773810 0.539326
vt 0.916667 0.269663
vt 0.898810 0.539326
vt 0.898810 0.269663
vt 0.952381 0.269663
vt 0.934524 0.539326
vt 0.934524 0.269663
vt 0.863095 0.269663
vt 0.845238 0.539326
vt 0.845238 0.269663
vt 0.791667 0.269663
vt 0.809524 0.539326
vt 0.916667 0.539326
vt 0.970238 0.269663
vt 0.952381 0.539326
vt 0.880952 0.269663
vt 0.863095 0.539326
vt 0.827381 0.269663
vt 0.809524 0.269663
vt 0.988095 0.269663
vt 0.970238 0.539326
vt 0.880952 0.539326
vt 0.827381 0.539326
vt 0.577381 0.000000
vt 0.559524 0.269663
vt 0.559524 0.000000
vt 0.702381 0.000000
vt 0.684524 0.269663
vt 0.684524 0.000000
vt 0.738095 0.000000
vt 0.720238 0.269663
vt 0.720238 0.000000
vt 0.648810 0.000000
vt 0.630952 0.269663
vt 0.630952 0.000000
vt 0.595238 0.000000
vt 0.577381 0.269663
vt 0.702381 0.269663
vt 0.755952 0.000000
vt 0.738095 0.269663
vt 0.666667 0.000000
vt 0.648810 0.269663
vt 0.613095 0.000000
vt 0.595238 0.269663
vt 0.773810 0.000000
vt 0.755952 0.269663
vt 0.666667 0.269663
vt 0.613095 0.269663
vt 0.791667 0.000000
vt 0.773810 0.269663
vt 0.773810 0.000000
vt 0.916667 0.000000
vt 0.898810 0.269663
vt 0.898810 0.000000
vt 0.952381 0.000000
vt 0.934524 0.269663
vt 0.934524 0.000000
vt 0.863095 0.000000
vt 0.845238 0.269663
vt 0.845238 0.000000
vt 0.809524 0.000000
vt 0.791667 0.269663
vt 0.916667 0.269663
vt 0.970238 0.269663
vt 0.952381 0.269663
vt 0.880952 0.000000
vt 0.863095 0.269663
vt 0.827381 0.000000
vt 0.809524 0.269663
vt 0.988095 0.000000
vt 0.970238 0.000000
vt 0.880952 0.269663
vt 0.827381 0.269663
vt 0.785714 0.887640
vt 0.797619 0.898876
vt 0.785714 0.898876
vt 0.785714 0.820225
vt 0.797619 0.831461
vt 0.785714 0.831461
vt 0.785714 0.842697
vt 0.797619 0.853933
vt 0.785714 0.853933
vt 0.785714 0.865169
vt 0.797619 0.876405
vt 0.785714 0.876405
vt 0.797619 0.887640
vt 0.785714 0.808989
vt 0.797619 0.820225
vt 0.797619 0.842697
vt 0.797619 0.865169
vt 0.800595 0.876405
vt 0.806548 0.865169
vt 0.806548 0.876405
vt 0.806548 0.887640
vt 0.803571 0.887640
vt 0.800595 0.831461
vt 0.806548 0.842697
vt 0.803571 0.820225
vt 0.806548 0.831461
vt 0.806548 0.853933
vt 0.806548 0.820225
vt 0.812500 0.831461
vt 0.815476 0.842697
vt 0.815476 0.853933
vt 0.815476 0.865169
vt 0.812500 0.876405
vt 0.809524 0.887640
vt 0.806548 0.808989
vt 0.809524 0.820225
vt 0.806548 0.898876
vt 1.000000 0.820225
vt 0.892857 0.808989
vt 1.000000 0.808989
vt 1.000000 0.887640
vt 0.892857 0.876405
vt 1.000000 0.876405
vt 1.000000 0.865169
vt 0.892857 0.853933
vt 1.000000 0.853933
vt 1.000000 0.842697
vt 0.892857 0.831461
vt 1.000000 0.831461
vt 0.892857 0.820225
vt 1.000000 0.898876
vt 0.892857 0.887640
vt 0.892857 0.865169
vt 0.892857 0.842697
vt 0.889881 0.831461
vt 0.883929 0.842697
vt 0.883929 0.831461
vt 0.883929 0.820225
vt 0.886905 0.820225
vt 0.889881 0.876405
vt 0.883929 0.865169
vt 0.883929 0.853933
vt 0.883929 0.887640
vt 0.883929 0.876405
vt 0.877976 0.876405
vt 0.875000 0.865169
vt 0.875000 0.853933
vt 0.877976 0.831461
vt 0.880952 0.820225
vt 0.875000 0.842697
vt 0.886905 0.887640
vt 0.883929 0.898876
vt 0.880952 0.887640
vt 0.883929 0.808989
vt 0.875000 0.831461
vt 0.815476 0.831461
vt 0.875000 0.820225
vt 0.815476 0.820225
vt 0.875000 0.808989
vt 0.815476 0.808989
vt 0.815476 0.898876
vt 0.875000 0.887640
vt 0.875000 0.898876
vt 0.875000 0.876405
vt 0.815476 0.887640
vt 0.815476 0.876405
vt 0.452381 0.887640
vt 0.476190 0.898876
vt 0.452381 0.898876
vt 0.452381 0.820225
vt 0.476190 0.831461
vt 0.452381 0.831461
vt 0.452381 0.842697
vt 0.476190 0.853933
vt 0.452381 0.853933
vt 0.452381 0.865169
vt 0.476190 0.876405
vt 0.452381 0.876405
vt 0.476190 0.887640
vt 0.452381 0.808989
vt 0.476190 0.820225
vt 0.476190 0.842697
vt 0.476190 0.865169
vt 0.479167 0.876405
vt 0.485119 0.865169
vt 0.485119 0.876405
vt 0.485119 0.887640
vt 0.482143 0.887640
vt 0.485119 0.831461
vt 0.485119 0.842697
vt 0.485119 0.853933
vt 0.479167 0.831461
vt 0.485119 0.820225
vt 0.491071 0.831461
vt 0.494048 0.853933
vt 0.491071 0.876405
vt 0.488095 0.887640
vt 0.494048 0.842697
vt 0.494048 0.865169
vt 0.482143 0.820225
vt 0.485119 0.808989
vt 0.488095 0.820225
vt 0.485119 0.898876
vt 0.785714 0.820225
vt 0.666667 0.808989
vt 0.785714 0.808989
vt 0.785714 0.887640
vt 0.666667 0.876405
vt 0.785714 0.876405
vt 0.785714 0.865169
vt 0.666667 0.853933
vt 0.785714 0.853933
vt 0.785714 0.842697
vt 0.666667 0.831461
vt 0.785714 0.831461
vt 0.666667 0.820225
vt 0.785714 0.898876
vt 0.666667 0.887640
vt 0.666667 0.865169
vt 0.666667 0.842697
vt 0.663690 0.831461
vt 0.657738 0.842697
vt 0.657738 0.831461
vt 0.657738 0.820225
vt 0.660714 0.820225
vt 0.663690 0.876405
vt 0.657738 0.865169
vt 0.657738 0.853933
vt 0.657738 0.887640
vt 0.657738 0.876405
vt 0.651786 0.876405
vt 0.648810 0.853933
vt 0.648810 0.842697
vt 0.651786 0.831461
vt 0.654762 0.820225
vt 0.648810 0.865169
vt 0.660714 0.887640
vt 0.657738 0.898876
vt 0.654762 0.887640
vt 0.657738 0.808989
vt 0.648810 0.831461
vt 0.494048 0.831461
vt 0.648810 0.820225
vt 0.494048 0.820225
vt 0.648810 0.808989
vt 0.494048 0.808989
vt 0.494048 0.898876
vt 0.648810 0.887640
vt 0.648810 0.898876
vt 0.648810 0.876405
vt 0.494048 0.887640
vt 0.494048 0.876405
vt 0.404762 0.949438
vt 0.410714 0.943820
vt 0.410714 0.949438
vt 0.416667 0.949438
vt 0.422619 0.943820
vt 0.422619 0.949438
vt 0.428571 0.949438
vt 0.434524 0.943820
vt 0.434524 0.949438
vt 0.446429 0.949438
vt 0.452381 0.943820
vt 0.452381 0.949438
vt 0.416667 0.943820
vt 0.428571 0.943820
vt 0.440476 0.943820
vt 0.440476 0.949438
vt 0.446429 0.943820
vt 0.214286 0.741573
vt 0.202381 0.707865
vt 0.214286 0.707865
vt 0.214286 0.573034
vt 0.202381 0.539326
vt 0.214286 0.539326
vt 0.214286 0.876405
vt 0.202381 0.842697
vt 0.214286 0.842697
vt 0.214286 0.775281
vt 0.202381 0.741573
vt 0.214286 0.606742
vt 0.202381 0.573034
vt 0.214286 0.674157
vt 0.202381 0.640449
vt 0.214286 0.640449
vt 0.214286 0.910112
vt 0.202381 0.876405
vt 0.214286 0.808989
vt 0.202381 0.775281
vt 0.202381 0.606742
vt 0.202381 0.674157
vt 0.214286 0.943820
vt 0.202381 0.910112
vt 0.202381 0.808989
vt 0.392857 0.640449
vt 0.380952 0.674157
vt 0.380952 0.640449
vt 0.392857 0.876405
vt 0.380952 0.910112
vt 0.380952 0.876405
vt 0.392857 0.775281
vt 0.380952 0.808989
vt 0.380952 0.775281
vt 0.392857 0.606742
vt 0.380952 0.606742
vt 0.392857 0.674157
vt 0.380952 0.707865
vt 0.392857 0.910112
vt 0.380952 0.943820
vt 0.392857 0.808989
vt 0.380952 0.842697
vt 0.392857 0.707865
vt 0.380952 0.741573
vt 0.392857 0.539326
vt 0.380952 0.573034
vt 0.380952 0.539326
vt 0.392857 0.842697
vt 0.392857 0.741573
vt 0.392857 0.573034
vt 0.190476 0.668539
vt 0.190476 0.646067
vt 0.190476 0.679775
vt 0.190476 0.713483
vt 0.190476 0.769663
vt 0.190476 0.747191
vt 0.190476 0.780899
vt 0.190476 0.814607
vt 0.190476 0.870786
vt 0.190476 0.848315
vt 0.190476 0.882023
vt 0.202381 0.943820
vt 0.190476 0.915730
vt 0.190476 0.544944
vt 0.190476 0.578652
vt 0.190476 0.612360
vt 0.333333 0.629214
vt 0.261905 0.651685
vt 0.261905 0.629214
vt 0.333333 0.651685
vt 0.261905 0.674157
vt 0.333333 0.674157
vt 0.261905 0.696629
vt 0.333333 0.696629
vt 0.261905 0.719101
vt 0.333333 0.719101
vt 0.261905 0.741573
vt 0.333333 0.741573
vt 0.261905 0.764045
vt 0.333333 0.764045
vt 0.261905 0.786517
vt 0.333333 0.786517
vt 0.261905 0.808989
vt 0.333333 0.539326
vt 0.261905 0.561798
vt 0.261905 0.539326
vt 0.333333 0.561798
vt 0.261905 0.584270
vt 0.333333 0.584270
vt 0.261905 0.606742
vt 0.333333 0.606742
vt 0.404762 0.702247
vt 0.404762 0.713483
vt 0.404762 0.769663
vt 0.404762 0.780899
vt 0.404762 0.814607
vt 0.404762 0.870786
vt 0.404762 0.882023
vt 0.404762 0.915730
vt 0.392857 0.943820
vt 0.404762 0.544944
vt 0.404762 0.578652
vt 0.404762 0.612360
vt 0.404762 0.668539
vt 0.767857 0.977528
vt 0.779762 0.988764
vt 0.767857 0.988764
vt 0.767857 0.910112
vt 0.779762 0.921348
vt 0.767857 0.921348
vt 0.767857 0.932584
vt 0.779762 0.943820
vt 0.767857 0.943820
vt 0.767857 0.955056
vt 0.779762 0.966292
vt 0.767857 0.966292
vt 0.779762 0.977528
vt 0.767857 0.898876
vt 0.779762 0.910112
vt 0.779762 0.932584
vt 0.779762 0.955056
vt 0.788690 0.966292
vt 0.782738 0.966292
vt 0.788690 0.977528
vt 0.785714 0.977528
vt 0.788690 0.921348
vt 0.788690 0.932584
vt 0.788690 0.955056
vt 0.782738 0.921348
vt 0.788690 0.910112
vt 0.788690 0.943820
vt 0.794643 0.921348
vt 0.797619 0.932584
vt 0.797619 0.943820
vt 0.797619 0.955056
vt 0.794643 0.966292
vt 0.791667 0.977528
vt 0.785714 0.910112
vt 0.788690 0.898876
vt 0.791667 0.910112
vt 0.788690 0.988764
vt 0.940476 0.910112
vt 0.869048 0.898876
vt 0.940476 0.898876
vt 0.940476 0.977528
vt 0.869048 0.966292
vt 0.940476 0.966292
vt 0.940476 0.955056
vt 0.869048 0.943820
vt 0.940476 0.943820
vt 0.940476 0.932584
vt 0.869048 0.921348
vt 0.940476 0.921348
vt 0.869048 0.910112
vt 0.940476 0.988764
vt 0.869048 0.977528
vt 0.869048 0.955056
vt 0.869048 0.932584
vt 0.866071 0.921348
vt 0.860119 0.932584
vt 0.860119 0.921348
vt 0.860119 0.910112
vt 0.863095 0.910112
vt 0.866071 0.966292
vt 0.860119 0.955056
vt 0.860119 0.977528
vt 0.860119 0.966292
vt 0.860119 0.943820
vt 0.854167 0.966292
vt 0.851190 0.955056
vt 0.851190 0.943820
vt 0.851190 0.932584
vt 0.854167 0.921348
vt 0.857143 0.910112
vt 0.863095 0.977528
vt 0.860119 0.988764
vt 0.857143 0.977528
vt 0.860119 0.898876
vt 0.851190 0.921348
vt 0.797619 0.921348
vt 0.851190 0.910112
vt 0.797619 0.910112
vt 0.851190 0.898876
vt 0.797619 0.898876
vt 0.797619 0.977528
vt 0.851190 0.988764
vt 0.797619 0.988764
vt 0.851190 0.966292
vt 0.797619 0.966292
vt 0.452381 0.977528
vt 0.476190 0.988764
vt 0.452381 0.988764
vt 0.452381 0.910112
vt 0.476190 0.921348
vt 0.452381 0.921348
vt 0.452381 0.932584
vt 0.476190 0.943820
vt 0.452381 0.943820
vt 0.452381 0.955056
vt 0.476190 0.966292
vt 0.452381 0.966292
vt 0.476190 0.977528
vt 0.452381 0.898876
vt 0.476190 0.910112
vt 0.476190 0.932584
vt 0.476190 0.955056
vt 0.485119 0.966292
vt 0.479167 0.966292
vt 0.485119 0.977528
vt 0.482143 0.977528
vt 0.479167 0.921348
vt 0.485119 0.932584
vt 0.485119 0.955056
vt 0.485119 0.910112
vt 0.485119 0.921348
vt 0.485119 0.943820
vt 0.491071 0.921348
vt 0.494048 0.943820
vt 0.494048 0.955056
vt 0.491071 0.966292
vt 0.488095 0.977528
vt 0.494048 0.932584
vt 0.482143 0.910112
vt 0.485119 0.898876
vt 0.488095 0.910112
vt 0.485119 0.988764
vt 0.744048 0.910112
vt 0.660714 0.898876
vt 0.744048 0.898876
vt 0.744048 0.977528
vt 0.660714 0.966292
vt 0.744048 0.966292
vt 0.744048 0.955056
vt 0.660714 0.943820
vt 0.744048 0.943820
vt 0.744048 0.932584
vt 0.660714 0.921348
vt 0.744048 0.921348
vt 0.660714 0.910112
vt 0.744048 0.988764
vt 0.660714 0.977528
vt 0.660714 0.955056
vt 0.660714 0.932584
vt 0.651786 0.921348
vt 0.657738 0.921348
vt 0.651786 0.910112
vt 0.654762 0.910112
vt 0.657738 0.966292
vt 0.651786 0.955056
vt 0.651786 0.932584
vt 0.651786 0.977528
vt 0.651786 0.966292
vt 0.651786 0.943820
vt 0.645833 0.966292
vt 0.642857 0.943820
vt 0.642857 0.932584
vt 0.645833 0.921348
vt 0.648810 0.910112
vt 0.642857 0.955056
vt 0.654762 0.977528
vt 0.651786 0.988764
vt 0.648810 0.977528
vt 0.651786 0.898876
vt 0.642857 0.921348
vt 0.494048 0.921348
vt 0.642857 0.910112
vt 0.494048 0.910112
vt 0.642857 0.898876
vt 0.494048 0.898876
vt 0.494048 0.977528
vt 0.642857 0.988764
vt 0.494048 0.988764
vt 0.642857 0.966292
vt 0.494048 0.966292
vt 0.943452 0.898876
vt 0.949405 0.910112
vt 0.946429 0.910112
vt 0.747024 0.898876
vt 0.752976 0.910112
vt 0.750000 0.910112
vt 0.949405 0.966292
vt 0.752976 0.955056
vt 0.752976 0.966292
vt 0.949405 0.977528
vt 0.752976 0.977528
vt 0.943452 0.943820
vt 0.949405 0.932584
vt 0.949405 0.943820
vt 0.750000 0.932584
vt 0.752976 0.943820
vt 0.747024 0.943820
vt 0.949405 0.988764
vt 0.943452 0.988764
vt 0.752976 0.988764
vt 0.747024 0.988764
vt 0.949405 0.955056
vt 0.949405 0.898876
vt 0.952381 0.910112
vt 0.958333 0.966292
vt 0.761905 0.977528
vt 0.755952 0.932584
vt 0.758929 0.943820
vt 0.958333 0.977528
vt 0.758929 0.988764
vt 0.952381 0.932584
vt 0.955357 0.943820
vt 0.761905 0.955056
vt 0.955357 0.988764
vt 0.752976 0.898876
vt 0.755952 0.910112
vt 0.958333 0.955056
vt 0.761905 0.966292
vt 0.752976 0.921348
vt 0.752976 0.932584
vt 0.949405 0.921348
vt 0.946429 0.932584
vt 0.767857 0.966292
vt 0.958333 0.943820
vt 0.964286 0.955056
vt 0.958333 0.921348
vt 0.964286 0.932584
vt 0.958333 0.932584
vt 0.767857 0.977528
vt 0.964286 0.966292
vt 0.761905 0.988764
vt 0.767857 0.988764
vt 0.964286 0.977528
vt 0.964286 0.910112
vt 0.964286 0.921348
vt 0.761905 0.898876
vt 0.767857 0.910112
vt 0.761905 0.910112
vt 0.958333 0.988764
vt 0.964286 0.988764
vt 0.761905 0.921348
vt 0.767857 0.932584
vt 0.761905 0.932584
vt 0.958333 0.898876
vt 0.958333 0.910112
vt 0.761905 0.943820
vt 0.767857 0.943820
vt 0.767857 0.921348
vt 0.767857 0.955056
vt 0.964286 0.943820
vt 0.297619 0.870786
vt 0.303571 0.882023
vt 0.297619 0.882023
vt 0.297619 0.870786
vt 0.303571 0.882023
vt 0.297619 0.882023
vt 0.285714 0.865169
vt 0.279762 0.882023
vt 0.279762 0.865169
vt 0.285714 0.865169
vt 0.279762 0.882023
vt 0.279762 0.865169
vt 0.291667 0.865169
vt 0.285714 0.882023
vt 0.291667 0.865169
vt 0.285714 0.882023
vt 0.273810 0.870786
vt 0.267857 0.882023
vt 0.267857 0.876405
vt 0.273810 0.870786
vt 0.267857 0.882023
vt 0.267857 0.876405
vt 0.273810 0.882023
vt 0.273810 0.882023
vt 0.291667 0.882023
vt 0.291667 0.882023
vt 0.273810 0.893258
vt 0.267857 0.887640
vt 0.285714 0.898876
vt 0.279762 0.898876
vt 0.297619 0.893258
vt 0.279762 0.898876
vt 0.273810 0.893258
vt 0.297619 0.893258
vt 0.291667 0.898876
vt 0.267857 0.887640
vt 0.291667 0.898876
vt 0.285714 0.898876
vt 0.309524 0.882023
vt 0.303571 0.876405
vt 0.303571 0.887640
vt 0.261905 0.882023
vt 0.309524 0.882023
vt 0.303571 0.876405
vt 0.303571 0.887640
vt 0.261905 0.882023
vt 0.285714 0.910112
vt 0.297619 0.898876
vt 0.291667 0.910112
vt 0.309524 0.898876
vt 0.303571 0.910112
vt 0.303571 0.898876
vt 0.279762 0.910112
vt 0.285714 0.910112
vt 0.273810 0.910112
vt 0.273810 0.898876
vt 0.279762 0.910112
vt 0.267857 0.898876
vt 0.261905 0.910112
vt 0.261905 0.898876
vt 0.267857 0.910112
vt 0.267857 0.898876
vt 0.273810 0.910112
vt 0.273810 0.898876
vt 0.309524 0.898876
vt 0.303571 0.910112
vt 0.303571 0.898876
vt 0.267857 0.910112
vt 0.297619 0.910112
vt 0.297619 0.898876
vt 0.261905 0.910112
vt 0.261905 0.898876
vt 0.291667 0.910112
vt 0.297619 0.910112
vt 0.297619 0.808989
vt 0.297619 0.865169
vt 0.297619 0.865169
vt 0.303571 0.808989
vt 0.303571 0.865169
vt 0.303571 0.808989
vt 0.303571 0.865169
vt 0.309524 0.808989
vt 0.309524 0.865169
vt 0.261905 0.865169
vt 0.267857 0.808989
vt 0.267857 0.865169
vt 0.309524 0.808989
vt 0.309524 0.865169
vt 0.261905 0.865169
vt 0.267857 0.808989
vt 0.267857 0.865169
vt 0.273810 0.808989
vt 0.273810 0.865169
vt 0.273810 0.808989
vt 0.273810 0.865169
vt 0.279762 0.808989
vt 0.279762 0.808989
vt 0.285714 0.808989
vt 0.285714 0.808989
vt 0.291667 0.808989
vt 0.291667 0.808989
vt 0.297619 0.808989
vt 0.511905 0.606742
vt 0.488095 0.617977
vt 0.488095 0.606742
vt 0.511905 0.584270
vt 0.488095 0.595506
vt 0.488095 0.584270
vt 0.511905 0.573034
vt 0.488095 0.573034
vt 0.511905 0.550562
vt 0.488095 0.561798
vt 0.488095 0.550562
vt 0.511905 0.617977
vt 0.488095 0.629214
vt 0.511905 0.595506
vt 0.511905 0.561798
vt 0.511905 0.539326
vt 0.488095 0.539326
vt 0.511905 0.606742
vt 0.488095 0.617977
vt 0.488095 0.606742
vt 0.511905 0.584270
vt 0.488095 0.595506
vt 0.488095 0.584270
vt 0.511905 0.573034
vt 0.488095 0.573034
vt 0.511905 0.550562
vt 0.488095 0.561798
vt 0.488095 0.550562
vt 0.511905 0.617977
vt 0.488095 0.629214
vt 0.511905 0.595506
vt 0.511905 0.561798
vt 0.511905 0.539326
vt 0.488095 0.539326
vt 0.511905 0.606742
vt 0.488095 0.617977
vt 0.488095 0.606742
vt 0.511905 0.584270
vt 0.488095 0.595506
vt 0.488095 0.584270
vt 0.511905 0.573034
vt 0.488095 0.573034
vt 0.511905 0.550562
vt 0.488095 0.561798
vt 0.488095 0.550562
vt 0.511905 0.617977
vt 0.488095 0.629214
vt 0.511905 0.595506
vt 0.511905 0.561798
vt 0.511905 0.539326
vt 0.488095 0.539326
vt 0.511905 0.606742
vt 0.488095 0.617977
vt 0.488095 0.606742
vt 0.511905 0.584270
vt 0.488095 0.595506
vt 0.488095 0.584270
vt 0.511905 0.573034
vt 0.488095 0.573034
vt 0.511905 0.550562
vt 0.488095 0.561798
vt 0.488095 0.550562
vt 0.511905 0.617977
vt 0.488095 0.629214
vt 0.511905 0.595506
vt 0.511905 0.561798
vt 0.511905 0.539326
vt 0.488095 0.539326
vt 0.785714 0.887640
vt 0.797619 0.898876
vt 0.785714 0.898876
vt 0.785714 0.820225
vt 0.797619 0.831461
vt 0.785714 0.831461
vt 0.785714 0.842697
vt 0.797619 0.853933
vt 0.785714 0.853933
vt 0.785714 0.865169
vt 0.797619 0.876405
vt 0.785714 0.876405
vt 0.797619 0.887640
vt 0.785714 0.808989
vt 0.797619 0.820225
vt 0.797619 0.842697
vt 0.797619 0.865169
vt 0.800595 0.876405
vt 0.806548 0.865169
vt 0.806548 0.876405
vt 0.806548 0.887640
vt 0.803571 0.887640
vt 0.806548 0.831461
vt 0.806548 0.842697
vt 0.803571 0.820225
vt 0.800595 0.831461
vt 0.806548 0.853933
vt 0.806548 0.820225
vt 0.812500 0.831461
vt 0.815476 0.842697
vt 0.815476 0.853933
vt 0.815476 0.865169
vt 0.812500 0.876405
vt 0.809524 0.887640
vt 0.806548 0.808989
vt 0.809524 0.820225
vt 0.806548 0.898876
vt 1.000000 0.820225
vt 0.892857 0.808989
vt 1.000000 0.808989
vt 1.000000 0.887640
vt 0.892857 0.876405
vt 1.000000 0.876405
vt 1.000000 0.865169
vt 0.892857 0.853933
vt 1.000000 0.853933
vt 1.000000 0.842697
vt 0.892857 0.831461
vt 1.000000 0.831461
vt 0.892857 0.820225
vt 1.000000 0.898876
vt 0.892857 0.887640
vt 0.892857 0.865169
vt 0.892857 0.842697
vt 0.889881 0.831461
vt 0.883929 0.842697
vt 0.883929 0.831461
vt 0.883929 0.820225
vt 0.886905 0.820225
vt 0.883929 0.876405
vt 0.883929 0.865169
vt 0.886905 0.887640
vt 0.889881 0.876405
vt 0.883929 0.853933
vt 0.883929 0.887640
vt 0.877976 0.876405
vt 0.875000 0.853933
vt 0.875000 0.842697
vt 0.877976 0.831461
vt 0.880952 0.820225
vt 0.875000 0.865169
vt 0.883929 0.898876
vt 0.880952 0.887640
vt 0.883929 0.808989
vt 0.875000 0.831461
vt 0.815476 0.831461
vt 0.875000 0.820225
vt 0.815476 0.820225
vt 0.875000 0.808989
vt 0.815476 0.808989
vt 0.815476 0.898876
vt 0.875000 0.887640
vt 0.875000 0.898876
vt 0.875000 0.876405
vt 0.815476 0.887640
vt 0.815476 0.876405
vt 0.452381 0.887640
vt 0.476190 0.898876
vt 0.452381 0.898876
vt 0.452381 0.820225
vt 0.476190 0.831461
vt 0.452381 0.831461
vt 0.452381 0.842697
vt 0.476190 0.853933
vt 0.452381 0.853933
vt 0.452381 0.865169
vt 0.476190 0.876405
vt 0.452381 0.876405
vt 0.476190 0.887640
vt 0.452381 0.808989
vt 0.476190 0.820225
vt 0.476190 0.842697
vt 0.476190 0.865169
vt 0.479167 0.876405
vt 0.485119 0.865169
vt 0.485119 0.876405
vt 0.485119 0.887640
vt 0.482143 0.887640
vt 0.485119 0.831461
vt 0.485119 0.842697
vt 0.482143 0.820225
vt 0.479167 0.831461
vt 0.485119 0.853933
vt 0.485119 0.820225
vt 0.491071 0.831461
vt 0.494048 0.842697
vt 0.494048 0.853933
vt 0.494048 0.865169
vt 0.491071 0.876405
vt 0.488095 0.887640
vt 0.485119 0.808989
vt 0.488095 0.820225
vt 0.485119 0.898876
vt 0.785714 0.820225
vt 0.666667 0.808989
vt 0.785714 0.808989
vt 0.785714 0.887640
vt 0.666667 0.876405
vt 0.785714 0.876405
vt 0.785714 0.865169
vt 0.666667 0.853933
vt 0.785714 0.853933
vt 0.785714 0.842697
vt 0.666667 0.831461
vt 0.785714 0.831461
vt 0.666667 0.820225
vt 0.785714 0.898876
vt 0.666667 0.887640
vt 0.666667 0.865169
vt 0.666667 0.842697
vt 0.663690 0.831461
vt 0.657738 0.842697
vt 0.657738 0.831461
vt 0.657738 0.820225
vt 0.660714 0.820225
vt 0.657738 0.876405
vt 0.657738 0.865169
vt 0.657738 0.853933
vt 0.663690 0.876405
vt 0.657738 0.887640
vt 0.651786 0.876405
vt 0.648810 0.865169
vt 0.648810 0.853933
vt 0.648810 0.842697
vt 0.651786 0.831461
vt 0.654762 0.820225
vt 0.660714 0.887640
vt 0.657738 0.898876
vt 0.654762 0.887640
vt 0.657738 0.808989
vt 0.648810 0.831461
vt 0.494048 0.831461
vt 0.648810 0.820225
vt 0.494048 0.820225
vt 0.648810 0.808989
vt 0.494048 0.808989
vt 0.494048 0.887640
vt 0.648810 0.898876
vt 0.494048 0.898876
vt 0.648810 0.876405
vt 0.494048 0.876405
vt 0.785714 0.887640
vt 0.797619 0.898876
vt 0.785714 0.898876
vt 0.785714 0.820225
vt 0.797619 0.831461
vt 0.785714 0.831461
vt 0.785714 0.842697
vt 0.797619 0.853933
vt 0.785714 0.853933
vt 0.785714 0.865169
vt 0.797619 0.876405
vt 0.785714 0.876405
vt 0.797619 0.887640
vt 0.785714 0.808989
vt 0.797619 0.820225
vt 0.797619 0.842697
vt 0.797619 0.865169
vt 0.800595 0.876405
vt 0.806548 0.865169
vt 0.806548 0.876405
vt 0.806548 0.887640
vt 0.803571 0.887640
vt 0.806548 0.831461
vt 0.806548 0.842697
vt 0.800595 0.831461
vt 0.806548 0.820225
vt 0.806548 0.853933
vt 0.812500 0.831461
vt 0.815476 0.842697
vt 0.815476 0.853933
vt 0.815476 0.865169
vt 0.812500 0.876405
vt 0.809524 0.887640
vt 0.803571 0.820225
vt 0.806548 0.808989
vt 0.809524 0.820225
vt 0.806548 0.898876
vt 1.000000 0.820225
vt 0.892857 0.808989
vt 1.000000 0.808989
vt 1.000000 0.887640
vt 0.892857 0.876405
vt 1.000000 0.876405
vt 1.000000 0.865169
vt 0.892857 0.853933
vt 1.000000 0.853933
vt 1.000000 0.842697
vt 0.892857 0.831461
vt 1.000000 0.831461
vt 0.892857 0.820225
vt 1.000000 0.898876
vt 0.892857 0.887640
vt 0.892857 0.865169
vt 0.892857 0.842697
vt 0.889881 0.831461
vt 0.883929 0.842697
vt 0.883929 0.831461
vt 0.883929 0.820225
vt 0.886905 0.820225
vt 0.889881 0.876405
vt 0.883929 0.865169
vt 0.886905 0.887640
vt 0.883929 0.876405
vt 0.883929 0.853933
vt 0.883929 0.887640
vt 0.877976 0.876405
vt 0.875000 0.865169
vt 0.875000 0.853933
vt 0.877976 0.831461
vt 0.880952 0.820225
vt 0.875000 0.842697
vt 0.883929 0.898876
vt 0.880952 0.887640
vt 0.883929 0.808989
vt 0.875000 0.831461
vt 0.815476 0.831461
vt 0.875000 0.820225
vt 0.815476 0.820225
vt 0.875000 0.808989
vt 0.815476 0.808989
vt 0.815476 0.898876
vt 0.875000 0.887640
vt 0.875000 0.898876
vt 0.875000 0.876405
vt 0.815476 0.887640
vt 0.815476 0.876405
vt 0.452381 0.887640
vt 0.476190 0.898876
vt 0.452381 0.898876
vt 0.452381 0.820225
vt 0.476190 0.831461
vt 0.452381 0.831461
vt 0.452381 0.842697
vt 0.476190 0.853933
vt 0.452381 0.853933
vt 0.452381 0.865169
vt 0.476190 0.876405
vt 0.452381 0.876405
vt 0.476190 0.887640
vt 0.452381 0.808989
vt 0.476190 0.820225
vt 0.476190 0.842697
vt 0.476190 0.865169
vt 0.485119 0.876405
vt 0.479167 0.876405
vt 0.485119 0.887640
vt 0.482143 0.887640
vt 0.479167 0.831461
vt 0.485119 0.842697
vt 0.485119 0.865169
vt 0.485119 0.820225
vt 0.485119 0.831461
vt 0.485119 0.853933
vt 0.491071 0.831461
vt 0.494048 0.842697
vt 0.494048 0.853933
vt 0.494048 0.865169
vt 0.491071 0.876405
vt 0.488095 0.887640
vt 0.482143 0.820225
vt 0.485119 0.808989
vt 0.488095 0.820225
vt 0.485119 0.898876
vt 0.785714 0.820225
vt 0.666667 0.808989
vt 0.785714 0.808989
vt 0.785714 0.887640
vt 0.666667 0.876405
vt 0.785714 0.876405
vt 0.785714 0.865169
vt 0.666667 0.853933
vt 0.785714 0.853933
vt 0.785714 0.842697
vt 0.666667 0.831461
vt 0.785714 0.831461
vt 0.666667 0.820225
vt 0.785714 0.898876
vt 0.666667 0.887640
vt 0.666667 0.865169
vt 0.666667 0.842697
vt 0.663690 0.831461
vt 0.657738 0.842697
vt 0.657738 0.831461
vt 0.660714 0.820225
vt 0.657738 0.820225
vt 0.663690 0.876405
vt 0.657738 0.865169
vt 0.657738 0.887640
vt 0.657738 0.876405
vt 0.657738 0.853933
vt 0.651786 0.876405
vt 0.648810 0.853933
vt 0.648810 0.842697
vt 0.651786 0.831461
vt 0.654762 0.820225
vt 0.648810 0.865169
vt 0.660714 0.887640
vt 0.657738 0.898876
vt 0.654762 0.887640
vt 0.657738 0.808989
vt 0.648810 0.831461
vt 0.494048 0.831461
vt 0.648810 0.820225
vt 0.494048 0.820225
vt 0.648810 0.808989
vt 0.494048 0.808989
vt 0.494048 0.887640
vt 0.648810 0.898876
vt 0.494048 0.898876
vt 0.648810 0.876405
vt 0.494048 0.876405
vt 0.785714 0.887640
vt 0.797619 0.898876
vt 0.785714 0.898876
vt 0.785714 0.820225
vt 0.797619 0.831461
vt 0.785714 0.831461
vt 0.785714 0.842697
vt 0.797619 0.853933
vt 0.785714 0.853933
vt 0.785714 0.865169
vt 0.797619 0.876405
vt 0.785714 0.876405
vt 0.797619 0.887640
vt 0.785714 0.808989
vt 0.797619 0.820225
vt 0.797619 0.842697
vt 0.797619 0.865169
vt 0.800595 0.876405
vt 0.806548 0.865169
vt 0.806548 0.876405
vt 0.806548 0.887640
vt 0.803571 0.887640
vt 0.806548 0.831461
vt 0.806548 0.842697
vt 0.800595 0.831461
vt 0.806548 0.820225
vt 0.806548 0.853933
vt 0.812500 0.831461
vt 0.815476 0.842697
vt 0.815476 0.853933
vt 0.815476 0.865169
vt 0.812500 0.876405
vt 0.809524 0.887640
vt 0.803571 0.820225
vt 0.806548 0.808989
vt 0.809524 0.820225
vt 0.806548 0.898876
vt 1.000000 0.820225
vt 0.892857 0.808989
vt 1.000000 0.808989
vt 1.000000 0.887640
vt 0.892857 0.876405
vt 1.000000 0.876405
vt 1.000000 0.865169
vt 0.892857 0.853933
vt 1.000000 0.853933
vt 1.000000 0.842697
vt 0.892857 0.831461
vt 1.000000 0.831461
vt 0.892857 0.820225
vt 1.000000 0.898876
vt 0.892857 0.887640
vt 0.892857 0.865169
vt 0.892857 0.842697
vt 0.889881 0.831461
vt 0.883929 0.842697
vt 0.883929 0.831461
vt 0.883929 0.820225
vt 0.886905 0.820225
vt 0.889881 0.876405
vt 0.883929 0.865169
vt 0.883929 0.853933
vt 0.883929 0.887640
vt 0.883929 0.876405
vt 0.877976 0.876405
vt 0.875000 0.865169
vt 0.875000 0.853933
vt 0.875000 0.842697
vt 0.877976 0.831461
vt 0.880952 0.820225
vt 0.886905 0.887640
vt 0.883929 0.898876
vt 0.880952 0.887640
vt 0.883929 0.808989
vt 0.875000 0.831461
vt 0.815476 0.831461
vt 0.875000 0.820225
vt 0.815476 0.820225
vt 0.875000 0.808989
vt 0.815476 0.808989
vt 0.815476 0.898876
vt 0.875000 0.887640
vt 0.875000 0.898876
vt 0.875000 0.876405
vt 0.815476 0.887640
vt 0.815476 0.876405
vt 0.452381 0.887640
vt 0.476190 0.898876
vt 0.452381 0.898876
vt 0.452381 0.820225
vt 0.476190 0.831461
vt 0.452381 0.831461
vt 0.452381 0.842697
vt 0.476190 0.853933
vt 0.452381 0.853933
vt 0.452381 0.865169
vt 0.476190 0.876405
vt 0.452381 0.876405
vt 0.476190 0.887640
vt 0.452381 0.808989
vt 0.476190 0.820225
vt 0.476190 0.842697
vt 0.476190 0.865169
vt 0.485119 0.876405
vt 0.479167 0.876405
vt 0.482143 0.887640
vt 0.485119 0.887640
vt 0.485119 0.831461
vt 0.485119 0.842697
vt 0.485119 0.865169
vt 0.479167 0.831461
vt 0.485119 0.820225
vt 0.485119 0.853933
vt 0.491071 0.831461
vt 0.494048 0.853933
vt 0.494048 0.865169
vt 0.491071 0.876405
vt 0.488095 0.887640
vt 0.494048 0.842697
vt 0.482143 0.820225
vt 0.485119 0.808989
vt 0.488095 0.820225
vt 0.485119 0.898876
vt 0.785714 0.820225
vt 0.666667 0.808989
vt 0.785714 0.808989
vt 0.785714 0.887640
vt 0.666667 0.876405
vt 0.785714 0.876405
vt 0.785714 0.865169
vt 0.666667 0.853933
vt 0.785714 0.853933
vt 0.785714 0.842697
vt 0.666667 0.831461
vt 0.785714 0.831461
vt 0.666667 0.820225
vt 0.785714 0.898876
vt 0.666667 0.887640
vt 0.666667 0.865169
vt 0.666667 0.842697
vt 0.663690 0.831461
vt 0.657738 0.842697
vt 0.657738 0.831461
vt 0.657738 0.820225
vt 0.660714 0.820225
vt 0.657738 0.876405
vt 0.657738 0.865169
vt 0.657738 0.853933
vt 0.663690 0.876405
vt 0.657738 0.887640
vt 0.651786 0.876405
vt 0.648810 0.853933
vt 0.648810 0.842697
vt 0.651786 0.831461
vt 0.654762 0.820225
vt 0.648810 0.865169
vt 0.660714 0.887640
vt 0.657738 0.898876
vt 0.654762 0.887640
vt 0.657738 0.808989
vt 0.648810 0.831461
vt 0.494048 0.831461
vt 0.648810 0.820225
vt 0.494048 0.820225
vt 0.648810 0.808989
vt 0.494048 0.808989
vt 0.494048 0.887640
vt 0.648810 0.898876
vt 0.494048 0.898876
vt 0.648810 0.876405
vt 0.494048 0.876405
vt 0.404762 0.949438
vt 0.410714 0.943820
vt 0.410714 0.949438
vt 0.416667 0.949438
vt 0.422619 0.943820
vt 0.422619 0.949438
vt 0.428571 0.949438
vt 0.434524 0.943820
vt 0.434524 0.949438
vt 0.446429 0.949438
vt 0.452381 0.943820
vt 0.452381 0.949438
vt 0.416667 0.943820
vt 0.428571 0.943820
vt 0.440476 0.943820
vt 0.440476 0.949438
vt 0.446429 0.943820
vt 0.404762 0.949438
vt 0.410714 0.943820
vt 0.410714 0.949438
vt 0.416667 0.949438
vt 0.422619 0.943820
vt 0.422619 0.949438
vt 0.428571 0.949438
vt 0.434524 0.943820
vt 0.434524 0.949438
vt 0.446429 0.949438
vt 0.452381 0.943820
vt 0.452381 0.949438
vt 0.416667 0.943820
vt 0.428571 0.943820
vt 0.440476 0.943820
vt 0.440476 0.949438
vt 0.446429 0.943820
vt 0.773810 0.539326
vt 0.988095 0.539326
vt 0.773810 0.269663
vt 0.988095 0.269663
vt 0.797619 0.808989
vt 0.892857 0.898876
vt 0.476190 0.808989
vt 0.666667 0.898876
vt 0.404762 0.943820
vt 0.190476 0.702247
vt 0.190476 0.735955
vt 0.190476 0.803371
vt 0.190476 0.837079
vt 0.190476 0.904494
vt 0.190476 0.938202
vt 0.190476 0.567416
vt 0.190476 0.601124
vt 0.190476 0.634831
vt 0.333333 0.808989
vt 0.404762 0.679775
vt 0.404762 0.735955
vt 0.404762 0.747191
vt 0.404762 0.803371
vt 0.404762 0.837079
vt 0.404762 0.848315
vt 0.404762 0.904494
vt 0.404762 0.938202
vt 0.404762 0.567416
vt 0.404762 0.601124
vt 0.404762 0.634831
vt 0.404762 0.646067
vt 0.779762 0.898876
vt 0.869048 0.988764
vt 0.851190 0.977528
vt 0.476190 0.898876
vt 0.660714 0.988764
vt 0.642857 0.977528
vt 0.955357 0.898876
vt 0.758929 0.898876
vt 0.767857 0.898876
vt 0.964286 0.898876
vt 0.309524 0.910112
vt 0.309524 0.910112
vt 0.261905 0.808989
vt 0.261905 0.808989
vt 0.511905 0.629214
vt 0.511905 0.629214
vt 0.511905 0.629214
vt 0.511905 0.629214
vt 0.797619 0.808989
vt 0.892857 0.898876
vt 0.476190 0.808989
vt 0.666667 0.898876
vt 0.648810 0.887640
vt 0.797619 0.808989
vt 0.892857 0.898876
vt 0.476190 0.808989
vt 0.666667 0.898876
vt 0.648810 0.887640
vt 0.797619 0.808989
vt 0.892857 0.898876
vt 0.476190 0.808989
vt 0.666667 0.898876
vt 0.648810 0.887640
vt 0.404762 0.943820
vt 0.404762 0.943820
vn 0.0000 -1.0000 0.0000
vn 0.0000 1.0000 0.0000
vn 0.0000 0.0000 -1.0000
vn 1.0000 0.0000 0.0000
vn 0.0000 0.0000 1.0000
vn -1.0000 0.0000 0.0000
vn 0.0000 0.5000 -0.8660
vn 0.0000 0.8660 0.5000
vn 0.0000 -0.8660 -0.5000
vn 0.0000 -0.5000 0.8660
vn 0.0000 0.8660 -0.5000
vn 0.0000 0.5000 0.8660
vn 0.0000 -0.5000 -0.8660
vn 0.0000 -0.8660 0.5000
vn -0.8660 0.0000 0.5000
vn 0.5000 -0.0000 -0.8660
vn 0.8660 -0.0000 -0.5000
vn -0.5000 0.0000 -0.8660
vn 0.8660 0.0000 0.5000
vn 0.5000 0.0000 0.8660
vn -0.5000 0.0000 0.8660
vn -0.8660 0.0000 -0.5000
vn 0.7071 0.0000 -0.7071
vn 0.7071 -0.7071 -0.0000
vn 0.7071 0.0000 0.7071
vn -0.0473 0.0196 0.9987
vn -0.7071 0.0000 0.7071
vn -0.9824 0.1866 -0.0000
vn -0.7071 0.0000 -0.7071
vn -0.0473 0.0196 -0.9987
vn 0.6737 -0.1363 -0.7263
vn 0.6737 -0.1363 0.7263
vn -0.7194 0.1448 0.6794
vn -0.7194 0.1448 -0.6794
vn -0.5294 0.5294 -0.6630
vn -0.0671 0.0671 -0.9955
vn 0.4617 -0.4617 -0.7574
vn -0.5294 0.5294 0.6630
vn -0.0671 0.0671 0.9955
vn -0.7071 0.7071 -0.0000
vn 0.4617 -0.4617 0.7574
vn -0.0196 0.0473 0.9987
vn -0.1448 0.7194 0.6794
vn -0.1866 0.9824 -0.0000
vn -0.1448 0.7194 -0.6794
vn -0.0196 0.0473 -0.9987
vn 0.1363 -0.6737 -0.7263
vn 0.1363 -0.6737 0.7263
vn -0.7071 -0.7071 -0.0000
vn 0.0473 0.0196 -0.9987
vn 0.9824 0.1866 0.0000
vn 0.0473 0.0196 0.9987
vn -0.6737 -0.1363 0.7263
vn -0.6737 -0.1363 -0.7263
vn 0.7194 0.1448 -0.6794
vn 0.7194 0.1448 0.6794
vn 0.5294 0.5294 0.6630
vn 0.0671 0.0671 0.9955
vn -0.4617 -0.4617 0.7574
vn 0.5294 0.5293 -0.6630
vn 0.7071 0.7071 -0.0000
vn -0.4617 -0.4617 -0.7574
vn 0.0671 0.0671 -0.9955
vn 0.0196 0.0473 -0.9987
vn 0.1448 0.7194 -0.6794
vn 0.1866 0.9824 0.0000
vn 0.0196 0.0473 0.9987
vn -0.1363 -0.6737 0.7263
vn 0.1448 0.7194 0.6794
vn -0.1363 -0.6737 -0.7263
vn 0.5294 0.5294 -0.6630
vn 0.0000 -0.7071 0.7071
vn 0.0000 0.7071 0.7071
vn 0.0000 0.7071 -0.7071
vn 0.0000 -0.7071 -0.7071
vn -0.7071 0.3536 -0.6124
vn -0.7071 0.6124 -0.3536
vn -0.7071 0.6124 0.3536
vn -0.7071 0.3536 0.6124
vn -0.7071 -0.3536 0.6124
vn -0.7071 -0.6124 0.3536
vn -0.7071 -0.6124 -0.3536
vn -0.7071 -0.3536 -0.6124
vn 0.7071 0.3536 -0.6124
vn 0.7071 0.6124 -0.3536
vn 0.7071 0.6124 0.3536
vn 0.7071 0.3536 0.6124
vn 0.7071 -0.3536 0.6124
vn 0.7071 -0.6124 0.3536
vn 0.7071 -0.6124 -0.3536
vn 0.7071 -0.3536 -0.6124
vn 0.9987 0.0196 0.0473
vn -0.0000 0.1866 0.9824
vn -0.9987 0.0196 0.0473
vn -0.7263 -0.1363 -0.6737
vn 0.7263 -0.1363 -0.6737
vn 0.6794 0.1448 0.7194
vn -0.6794 0.1448 0.7194
vn -0.9955 0.0671 0.0671
vn -0.7574 -0.4617 -0.4617
vn 0.9955 0.0671 0.0671
vn 0.6630 0.5294 0.5294
vn -0.6630 0.5293 0.5294
vn 0.7574 -0.4617 -0.4617
vn 0.9987 0.0473 0.0196
vn 0.6794 0.7194 0.1448
vn -0.0000 0.9824 0.1866
vn -0.6794 0.7194 0.1448
vn -0.9987 0.0473 0.0196
vn -0.7263 -0.6737 -0.1363
vn 0.7263 -0.6737 -0.1363
vn 0.6737 0.1363 0.7263
vn -0.0473 -0.0196 0.9987
vn -0.7194 -0.1448 0.6794
vn -0.9987 0.0196 -0.0473
vn -0.9824 -0.1866 0.0000
vn -0.7194 -0.1448 -0.6794
vn 0.0000 0.1866 -0.9824
vn -0.0473 -0.0196 -0.9987
vn 0.6737 0.1363 -0.7263
vn 0.9987 0.0196 -0.0473
vn 0.7263 -0.1363 0.6737
vn -0.7263 -0.1363 0.6737
vn -0.6794 0.1448 -0.7194
vn 0.6794 0.1448 -0.7194
vn 0.6630 0.5293 -0.5294
vn 0.9955 0.0671 -0.0671
vn 0.7574 -0.4617 0.4617
vn -0.6630 0.5294 -0.5294
vn -0.7574 -0.4617 0.4617
vn -0.9955 0.0671 -0.0671
vn -0.9987 0.0473 -0.0196
vn -0.6794 0.7194 -0.1448
vn 0.0000 0.9824 -0.1866
vn 0.6794 0.7194 -0.1448
vn 0.9987 0.0473 -0.0196
vn 0.7263 -0.6737 0.1363
vn -0.7263 -0.6737 0.1363
vn -0.6630 0.5294 0.5294
vn 0.6630 0.5294 -0.5294
vn 0.4617 0.4617 0.7574
vn -0.5294 -0.5294 -0.6630
vn -0.5294 -0.5294 0.6630
vn 0.4617 0.4617 -0.7574
vn -0.0671 -0.0671 -0.9955
vn -0.0671 -0.0671 0.9955
vn 0.1363 0.6737 0.7263
vn -0.1866 -0.9824 0.0000
vn -0.1448 -0.7194 0.6794
vn 0.1363 0.6737 -0.7263
vn -0.0196 -0.0473 -0.9987
vn -0.0196 -0.0473 0.9987
vn -0.1448 -0.7194 -0.6794
vn 0.5293 0.5293 -0.6630
o Base
s 1
f 3/1/1 2/2/1 1/3/1
f 6/4/2 7/5/2 5/6/2
f 4/7/3 6/4/3 2/2/3
f 2/2/4 5/6/4 1/3/4
f 1/8/5 7/9/5 3/10/5
f 3/10/6 8/11/6 4/7/6
f 11/12/1 10/13/1 9/14/1
f 14/15/2 15/16/2 13/17/2
f 12/18/3 14/15/3 10/13/3
f 10/13/4 13/17/4 9/14/4
f 9/19/5 15/20/5 11/21/5
f 11/21/6 16/22/6 12/18/6
f 19/23/1 18/24/1 17/25/1
f 22/26/2 23/27/2 21/28/2
f 20/29/3 22/26/3 18/24/3
f 18/24/4 21/28/4 17/25/4
f 17/30/5 23/31/5 19/32/5
f 19/32/6 24/33/6 20/29/6
f 27/34/1 26/35/1 25/36/1
f 30/37/2 31/38/2 29/39/2
f 28/40/3 30/37/3 26/35/3
f 26/35/4 29/39/4 25/36/4
f 25/41/5 31/42/5 27/43/5
f 27/43/6 32/44/6 28/40/6
f 35/45/1 34/46/1 33/47/1
f 39/48/6 36/49/6 35/45/6
f 38/50/4 33/47/4 34/46/4
f 40/51/2 37/52/2 38/50/2
f 43/53/1 42/54/1 41/55/1
f 47/56/4 44/57/4 43/53/4
f 46/58/6 41/55/6 42/54/6
f 48/59/2 45/60/2 46/58/2
f 51/61/1 50/62/1 49/63/1
f 55/64/5 52/65/5 51/61/5
f 54/66/3 49/63/3 50/62/3
f 56/67/2 53/68/2 54/66/2
f 59/69/1 58/70/1 57/71/1
f 63/72/3 60/73/3 59/69/3
f 62/74/5 57/71/5 58/70/5
f 64/75/2 61/76/2 62/74/2
f 67/77/1 66/78/1 65/79/1
f 71/80/2 69/81/2 70/82/2
f 65/83/6 69/81/6 67/84/6
f 67/85/3 72/86/3 68/87/3
f 66/88/5 70/82/5 65/89/5
f 68/90/4 71/80/4 66/78/4
f 75/91/1 74/92/1 73/93/1
f 79/94/2 77/95/2 78/96/2
f 76/97/4 79/94/4 74/98/4
f 73/93/6 77/95/6 75/91/6
f 75/99/3 80/100/3 76/101/3
f 74/102/5 78/96/5 73/103/5
f 83/104/6 82/105/6 81/106/6
f 86/107/4 87/108/4 85/109/4
f 81/110/5 87/108/5 83/104/5
f 83/104/2 88/111/2 84/112/2
f 84/112/3 86/113/3 82/114/3
f 82/105/1 85/115/1 81/106/1
f 91/116/5 393/117/5 89/118/5
f 395/119/3 95/120/3 94/121/3
f 397/122/6 93/123/6 90/124/6
f 393/117/6 94/125/6 89/126/6
f 89/127/1 95/120/1 91/128/1
f 91/129/4 396/130/4 394/131/4
f 103/132/1 101/133/1 99/134/1
f 117/135/2 119/136/2 110/137/2
f 127/138/1 125/139/1 123/140/1
f 141/141/2 143/142/2 134/143/2
f 151/144/1 149/145/1 147/146/1
f 161/147/2 165/148/2 158/149/2
f 175/150/1 173/151/1 171/152/1
f 185/153/2 189/154/2 182/155/2
f 197/156/2 200/157/2 198/158/2
f 194/159/3 200/157/3 196/160/3
f 193/161/6 198/158/6 194/162/6
f 195/163/5 197/156/5 193/164/5
f 196/165/4 199/166/4 195/167/4
f 206/168/2 213/169/2 205/170/2
f 203/171/2 212/172/2 204/173/2
f 201/174/6 211/175/6 203/171/6
f 202/176/1 209/177/1 201/178/1
f 204/173/4 210/179/4 202/176/4
f 205/170/5 210/179/5 206/168/5
f 208/180/5 211/175/5 207/181/5
f 207/182/5 209/183/5 205/184/5
f 206/185/5 212/172/5 208/186/5
f 208/186/6 214/187/6 206/185/6
f 207/181/1 216/188/1 208/180/1
f 205/184/4 215/189/4 207/182/4
f 343/190/6 341/191/6 339/192/6
f 347/193/4 349/194/4 351/195/4
f 355/196/3 360/197/3 356/198/3
f 354/199/5 358/200/5 353/201/5
f 356/198/4 359/202/4 354/199/4
f 353/203/6 357/204/6 355/196/6
f 361/205/5 364/206/5 362/207/5
f 365/208/5 368/209/5 366/210/5
f 369/211/5 372/212/5 370/213/5
f 373/214/5 376/215/5 374/216/5
f 378/217/4 379/218/4 377/219/4
f 383/220/1 392/221/1 384/222/1
f 380/223/3 385/224/3 379/218/3
f 377/219/5 387/225/5 378/217/5
f 378/217/1 388/226/1 380/223/1
f 379/218/2 386/227/2 377/219/2
f 382/228/6 385/229/6 381/230/6
f 383/231/6 386/232/6 382/233/6
f 384/222/6 387/234/6 383/220/6
f 381/235/6 388/236/6 384/237/6
f 381/230/2 390/238/2 382/228/2
f 384/237/3 389/239/3 381/235/3
f 382/233/5 391/240/5 383/231/5
f 398/241/5 90/242/5 92/243/5
f 400/244/4 92/243/4 96/245/4
f 93/123/3 400/246/3 96/247/3
f 396/130/2 393/117/2 394/131/2
f 401/248/1 404/249/1 402/250/1
f 404/251/4 406/252/4 402/253/4
f 402/254/5 405/255/5 401/256/5
f 401/257/6 407/258/6 403/259/6
f 403/260/3 408/261/3 404/262/3
f 408/263/2 405/255/2 406/264/2
f 458/265/4 483/266/4 459/267/4
f 481/268/4 458/269/4 457/270/4
f 468/271/4 481/268/4 457/272/4
f 467/273/4 492/274/4 468/275/4
f 466/276/4 491/277/4 467/278/4
f 465/279/4 490/280/4 466/281/4
f 464/282/4 489/283/4 465/284/4
f 487/285/4 464/286/4 463/287/4
f 462/288/4 487/285/4 463/289/4
f 485/290/4 462/291/4 461/292/4
f 484/293/4 461/294/4 460/295/4
f 483/266/4 460/296/4 459/297/4
f 506/298/6 495/299/6 494/300/6
f 507/301/6 496/302/6 495/299/6
f 508/303/6 497/304/6 496/302/6
f 497/304/6 510/305/6 498/306/6
f 510/307/6 499/308/6 498/306/6
f 499/308/6 512/309/6 500/310/6
f 512/311/6 501/312/6 500/310/6
f 513/313/6 502/314/6 501/312/6
f 514/315/6 503/316/6 502/317/6
f 515/318/6 504/319/6 503/316/6
f 516/320/6 493/321/6 504/319/6
f 493/321/6 506/322/6 494/300/6
f 518/323/4 531/324/4 519/325/4
f 529/326/4 518/327/4 517/328/4
f 528/329/4 529/326/4 517/330/4
f 527/331/4 540/332/4 528/333/4
f 526/334/4 539/335/4 527/336/4
f 525/337/4 538/338/4 526/339/4
f 524/340/4 537/341/4 525/342/4
f 535/343/4 524/344/4 523/345/4
f 522/346/4 535/343/4 523/347/4
f 533/348/4 522/349/4 521/350/4
f 532/351/4 521/352/4 520/353/4
f 531/324/4 520/354/4 519/355/4
f 554/356/6 543/357/6 542/358/6
f 555/359/6 544/360/6 543/357/6
f 556/361/6 545/362/6 544/360/6
f 545/362/6 558/363/6 546/364/6
f 558/365/6 547/366/6 546/364/6
f 547/366/6 560/367/6 548/368/6
f 560/369/6 549/370/6 548/368/6
f 561/371/6 550/372/6 549/370/6
f 562/373/6 551/374/6 550/375/6
f 563/376/6 552/377/6 551/374/6
f 564/378/6 541/379/6 552/377/6
f 541/379/6 554/380/6 542/358/6
f 473/381/4 477/382/4 469/383/4
f 573/384/6 571/385/6 567/386/6
f 578/387/4 584/388/4 580/389/4
f 579/390/6 581/391/6 577/392/6
f 580/389/3 583/393/3 579/390/3
f 577/394/5 582/395/5 578/387/5
f 586/396/4 592/397/4 588/398/4
f 587/399/6 589/400/6 585/401/6
f 588/398/3 591/402/3 587/399/3
f 585/403/5 590/404/5 586/396/5
f 594/405/4 600/406/4 596/407/4
f 595/408/6 597/409/6 593/410/6
f 596/407/3 599/411/3 595/408/3
f 593/412/5 598/413/5 594/405/5
f 602/414/4 608/415/4 604/416/4
f 603/417/6 605/418/6 601/419/6
f 604/416/3 607/420/3 603/417/3
f 601/421/5 606/422/5 602/414/5
f 778/423/3 773/424/3 774/425/3
f 780/426/2 774/425/2 776/427/2
f 777/428/1 775/429/1 773/424/1
f 779/430/5 776/427/5 775/431/5
f 786/432/5 781/433/5 782/434/5
f 788/435/1 782/434/1 784/436/1
f 785/437/2 783/438/2 781/433/2
f 787/439/3 784/436/3 783/440/3
f 794/441/2 789/442/2 790/443/2
f 796/444/5 790/443/5 792/445/5
f 793/446/3 791/447/3 789/442/3
f 795/448/1 792/445/1 791/449/1
f 802/450/1 797/451/1 798/452/1
f 804/453/3 798/452/3 800/454/3
f 801/455/5 799/456/5 797/451/5
f 803/457/2 800/454/2 799/458/2
f 810/459/7 805/460/7 806/461/7
f 812/462/8 806/461/8 808/463/8
f 809/464/9 807/465/9 805/460/9
f 811/466/10 808/463/10 807/467/10
f 818/468/10 813/469/10 814/470/10
f 820/471/9 814/470/9 816/472/9
f 817/473/8 815/474/8 813/469/8
f 819/475/7 816/472/7 815/476/7
f 826/477/8 821/478/8 822/479/8
f 828/480/10 822/479/10 824/481/10
f 825/482/7 823/483/7 821/478/7
f 827/484/9 824/481/9 823/485/9
f 834/486/9 829/487/9 830/488/9
f 836/489/7 830/488/7 832/490/7
f 833/491/10 831/492/10 829/487/10
f 835/493/8 832/490/8 831/494/8
f 842/495/11 837/496/11 838/497/11
f 844/498/12 838/497/12 840/499/12
f 841/500/13 839/501/13 837/496/13
f 843/502/14 840/499/14 839/503/14
f 850/504/14 845/505/14 846/506/14
f 852/507/13 846/506/13 848/508/13
f 849/509/12 847/510/12 845/505/12
f 851/511/11 848/508/11 847/512/11
f 858/513/12 853/514/12 854/515/12
f 860/516/14 854/515/14 856/517/14
f 857/518/11 855/519/11 853/514/11
f 859/520/13 856/517/13 855/521/13
f 866/522/13 861/523/13 862/524/13
f 868/525/11 862/524/11 864/526/11
f 865/527/14 863/528/14 861/523/14
f 867/529/12 864/526/12 863/530/12
f 874/531/3 869/532/3 870/533/3
f 876/534/2 870/533/2 872/535/2
f 873/536/1 871/537/1 869/532/1
f 875/538/5 872/535/5 871/539/5
f 882/540/5 877/541/5 878/542/5
f 884/543/1 878/542/1 880/544/1
f 881/545/2 879/546/2 877/541/2
f 883/547/3 880/544/3 879/548/3
f 890/549/2 885/550/2 886/551/2
f 892/552/5 886/551/5 888/553/5
f 889/554/3 887/555/3 885/550/3
f 891/556/1 888/553/1 887/557/1
f 898/558/1 893/559/1 894/560/1
f 900/561/3 894/560/3 896/562/3
f 897/563/5 895/564/5 893/559/5
f 899/565/2 896/562/2 895/566/2
f 906/567/7 901/568/7 902/569/7
f 908/570/8 902/569/8 904/571/8
f 905/572/9 903/573/9 901/568/9
f 907/574/10 904/571/10 903/575/10
f 914/576/10 909/577/10 910/578/10
f 916/579/9 910/578/9 912/580/9
f 913/581/8 911/582/8 909/577/8
f 915/583/7 912/580/7 911/584/7
f 922/585/8 917/586/8 918/587/8
f 924/588/10 918/587/10 920/589/10
f 921/590/7 919/591/7 917/586/7
f 923/592/9 920/589/9 919/593/9
f 930/594/9 925/595/9 926/596/9
f 932/597/7 926/596/7 928/598/7
f 929/599/10 927/600/10 925/595/10
f 931/601/8 928/598/8 927/602/8
f 938/603/11 933/604/11 934/605/11
f 940/606/12 934/605/12 936/607/12
f 937/608/13 935/609/13 933/604/13
f 939/610/14 936/607/14 935/611/14
f 946/612/14 941/613/14 942/614/14
f 948/615/13 942/614/13 944/616/13
f 945/617/12 943/618/12 941/613/12
f 947/619/11 944/616/11 943/620/11
f 954/621/12 949/622/12 950/623/12
f 956/624/14 950/623/14 952/625/14
f 953/626/11 951/627/11 949/622/11
f 955/628/13 952/625/13 951/629/13
f 962/630/13 957/631/13 958/632/13
f 964/633/11 958/632/11 960/634/11
f 961/635/14 959/636/14 957/631/14
f 963/637/12 960/634/12 959/638/12
f 1173/639/8 1127/640/8 1125/641/8
f 1162/642/2 1113/643/2 1114/644/2
f 1188/645/12 1138/646/12 1140/647/12
f 1175/648/7 1128/649/7 1127/650/7
f 1161/651/3 1115/652/3 1113/643/3
f 1190/653/14 1141/654/14 1142/655/14
f 1176/656/9 1126/657/9 1128/649/9
f 1163/658/1 1116/659/1 1115/660/1
f 1189/661/12 1143/662/12 1141/654/12
f 1178/663/8 1129/664/8 1130/665/8
f 1164/666/5 1114/644/5 1116/659/5
f 1191/667/11 1144/668/11 1143/669/11
f 1177/670/7 1131/671/7 1129/664/7
f 1166/672/1 1117/673/1 1118/674/1
f 1192/675/13 1142/655/13 1144/668/13
f 1179/676/9 1132/677/9 1131/678/9
f 1165/679/5 1119/680/5 1117/673/5
f 1194/681/12 1145/682/12 1146/683/12
f 1154/684/3 1105/685/3 1106/686/3
f 1180/687/10 1130/665/10 1132/677/10
f 1167/688/2 1120/689/2 1119/690/2
f 1193/691/11 1147/692/11 1145/682/11
f 1153/693/1 1107/694/1 1105/685/1
f 1182/695/9 1133/696/9 1134/697/9
f 1168/698/3 1118/674/3 1120/689/3
f 1195/699/13 1148/700/13 1147/701/13
f 1155/702/5 1108/703/5 1107/704/5
f 1181/705/10 1135/706/10 1133/696/10
f 1170/707/7 1121/708/7 1122/709/7
f 1196/710/14 1146/683/14 1148/700/14
f 1156/711/2 1106/686/2 1108/703/2
f 1183/712/8 1136/713/8 1135/714/8
f 1169/715/9 1123/716/9 1121/708/9
f 1198/717/13 1149/718/13 1150/719/13
f 1158/720/5 1109/721/5 1110/722/5
f 1184/723/7 1134/697/7 1136/713/7
f 1171/724/10 1124/725/10 1123/726/10
f 1197/727/14 1151/728/14 1149/718/14
f 1157/729/2 1111/730/2 1109/721/2
f 1186/731/11 1137/732/11 1138/646/11
f 1172/733/8 1122/709/8 1124/725/8
f 1199/734/12 1152/735/12 1151/736/12
f 1159/737/3 1112/738/3 1111/739/3
f 1185/740/13 1139/741/13 1137/732/13
f 1174/742/10 1125/641/10 1126/657/10
f 1200/743/11 1150/719/11 1152/735/11
f 1160/744/1 1110/722/1 1112/738/1
f 1187/745/14 1140/647/14 1139/746/14
f 1203/747/1 1202/748/1 1201/749/1
f 1207/750/2 1205/751/2 1206/752/2
f 1201/753/6 1205/751/6 1203/754/6
f 1203/755/3 1208/756/3 1204/757/3
f 1202/758/5 1206/752/5 1201/759/5
f 1204/760/4 1207/750/4 1202/748/4
f 1211/761/1 1210/762/1 1209/763/1
f 1215/764/2 1213/765/2 1214/766/2
f 1209/767/6 1213/765/6 1211/768/6
f 1211/769/3 1216/770/3 1212/771/3
f 1210/772/5 1214/766/5 1209/773/5
f 1212/774/4 1215/764/4 1210/762/4
f 1219/775/1 1218/776/1 1217/777/1
f 1223/778/2 1221/779/2 1222/780/2
f 1217/781/6 1221/779/6 1219/782/6
f 1219/783/3 1224/784/3 1220/785/3
f 1218/786/5 1222/780/5 1217/787/5
f 1220/788/4 1223/778/4 1218/776/4
f 1227/789/1 1226/790/1 1225/791/1
f 1231/792/2 1229/793/2 1230/794/2
f 1225/795/6 1229/793/6 1227/796/6
f 1227/797/3 1232/798/3 1228/799/3
f 1226/800/5 1230/794/5 1225/801/5
f 1228/802/4 1231/792/4 1226/790/4
f 1234/803/4 1235/804/4 1233/805/4
f 1239/806/1 1248/807/1 1240/808/1
f 1236/809/3 1241/810/3 1235/804/3
f 1233/805/5 1243/811/5 1234/803/5
f 1234/803/1 1244/812/1 1236/809/1
f 1235/804/2 1242/813/2 1233/805/2
f 1238/814/6 1241/815/6 1237/816/6
f 1239/817/6 1242/818/6 1238/819/6
f 1240/808/6 1243/820/6 1239/806/6
f 1237/821/6 1244/822/6 1240/823/6
f 1237/816/2 1246/824/2 1238/814/2
f 1240/823/3 1245/825/3 1237/821/3
f 1238/819/5 1247/826/5 1239/817/5
f 1250/827/4 1251/828/4 1249/829/4
f 1255/830/1 1264/831/1 1256/832/1
f 1252/833/3 1257/834/3 1251/828/3
f 1249/829/5 1259/835/5 1250/827/5
f 1250/827/1 1260/836/1 1252/833/1
f 1251/828/2 1258/837/2 1249/829/2
f 1254/838/6 1257/839/6 1253/840/6
f 1255/841/6 1258/842/6 1254/843/6
f 1256/832/6 1259/844/6 1255/830/6
f 1253/845/6 1260/846/6 1256/847/6
f 1253/840/2 1262/848/2 1254/838/2
f 1256/847/3 1261/849/3 1253/845/3
f 1254/843/5 1263/850/5 1255/841/5
f 1266/851/4 1267/852/4 1265/853/4
f 1271/854/1 1280/855/1 1272/856/1
f 1268/857/3 1273/858/3 1267/852/3
f 1265/853/5 1275/859/5 1266/851/5
f 1266/851/1 1276/860/1 1268/857/1
f 1267/852/2 1274/861/2 1265/853/2
f 1270/862/6 1273/863/6 1269/864/6
f 1271/865/6 1274/866/6 1270/867/6
f 1272/856/6 1275/868/6 1271/854/6
f 1269/869/6 1276/870/6 1272/871/6
f 1269/864/2 1278/872/2 1270/862/2
f 1272/871/3 1277/873/3 1269/869/3
f 1270/867/5 1279/874/5 1271/865/5
f 1282/875/4 1283/876/4 1281/877/4
f 1287/878/1 1296/879/1 1288/880/1
f 1284/881/3 1289/882/3 1283/876/3
f 1281/877/5 1291/883/5 1282/875/5
f 1282/875/1 1292/884/1 1284/881/1
f 1283/876/2 1290/885/2 1281/877/2
f 1286/886/6 1289/887/6 1285/888/6
f 1287/889/6 1290/890/6 1286/891/6
f 1288/880/6 1291/892/6 1287/878/6
f 1285/893/6 1292/894/6 1288/895/6
f 1285/888/2 1294/896/2 1286/886/2
f 1288/895/3 1293/897/3 1285/893/3
f 1286/891/5 1295/898/5 1287/889/5
f 1298/899/6 1299/900/6 1297/901/6
f 1303/902/1 1312/903/1 1304/904/1
f 1300/905/5 1305/906/5 1299/900/5
f 1297/901/3 1307/907/3 1298/899/3
f 1298/899/1 1308/908/1 1300/905/1
f 1297/901/2 1305/909/2 1306/910/2
f 1302/911/4 1305/909/4 1301/912/4
f 1303/913/4 1306/914/4 1302/915/4
f 1304/904/4 1307/916/4 1303/902/4
f 1301/917/4 1308/918/4 1304/919/4
f 1301/912/2 1310/920/2 1302/911/2
f 1304/919/5 1309/921/5 1301/917/5
f 1302/915/3 1311/922/3 1303/913/3
f 1314/923/6 1315/924/6 1313/925/6
f 1319/926/1 1328/927/1 1320/928/1
f 1316/929/5 1321/930/5 1315/924/5
f 1313/925/3 1323/931/3 1314/923/3
f 1314/923/1 1324/932/1 1316/929/1
f 1315/924/2 1322/933/2 1313/925/2
f 1318/934/4 1321/935/4 1317/936/4
f 1319/937/4 1322/938/4 1318/939/4
f 1320/928/4 1323/940/4 1319/926/4
f 1317/941/4 1324/942/4 1320/943/4
f 1317/936/2 1326/944/2 1318/934/2
f 1320/943/5 1325/945/5 1317/941/5
f 1318/939/3 1327/946/3 1319/937/3
f 1330/947/6 1331/948/6 1329/949/6
f 1335/950/1 1344/951/1 1336/952/1
f 1332/953/5 1337/954/5 1331/948/5
f 1329/949/3 1339/955/3 1330/947/3
f 1330/947/1 1340/956/1 1332/953/1
f 1331/948/2 1338/957/2 1329/949/2
f 1334/958/4 1337/959/4 1333/960/4
f 1335/961/4 1338/962/4 1334/963/4
f 1336/952/4 1339/964/4 1335/950/4
f 1333/965/4 1340/966/4 1336/967/4
f 1333/960/2 1342/968/2 1334/958/2
f 1336/967/5 1341/969/5 1333/965/5
f 1334/963/3 1343/970/3 1335/961/3
f 1346/971/6 1347/972/6 1345/973/6
f 1351/974/1 1360/975/1 1352/976/1
f 1348/977/5 1353/978/5 1347/972/5
f 1345/973/3 1355/979/3 1346/971/3
f 1346/971/1 1356/980/1 1348/977/1
f 1347/972/2 1354/981/2 1345/973/2
f 1350/982/4 1353/983/4 1349/984/4
f 1351/985/4 1354/986/4 1350/987/4
f 1352/976/4 1355/988/4 1351/974/4
f 1349/989/4 1356/990/4 1352/991/4
f 1349/984/2 1358/992/2 1350/982/2
f 1352/991/5 1357/993/5 1349/989/5
f 1350/987/3 1359/994/3 1351/985/3
f 1362/995/6 1363/996/6 1361/997/6
f 1367/998/1 1376/999/1 1368/1000/1
f 1364/1001/5 1369/1002/5 1363/996/5
f 1361/997/3 1371/1003/3 1362/995/3
f 1362/995/1 1372/1004/1 1364/1001/1
f 1363/996/2 1370/1005/2 1361/997/2
f 1366/1006/4 1369/1007/4 1365/1008/4
f 1367/1009/4 1370/1010/4 1366/1011/4
f 1368/1000/4 1371/1012/4 1367/998/4
f 1365/1013/4 1372/1014/4 1368/1015/4
f 1365/1008/2 1374/1016/2 1366/1006/2
f 1368/1015/5 1373/1017/5 1365/1013/5
f 1366/1011/3 1375/1018/3 1367/1009/3
f 1378/1019/3 1379/1020/3 1377/1021/3
f 1383/1022/1 1392/1023/1 1384/1024/1
f 1380/1025/6 1385/1026/6 1379/1020/6
f 1377/1021/4 1387/1027/4 1378/1019/4
f 1378/1019/1 1388/1028/1 1380/1025/1
f 1379/1020/2 1386/1029/2 1377/1021/2
f 1382/1030/5 1385/1031/5 1381/1032/5
f 1383/1033/5 1386/1034/5 1382/1035/5
f 1384/1024/5 1387/1036/5 1383/1022/5
f 1381/1037/5 1388/1038/5 1384/1039/5
f 1381/1032/2 1390/1040/2 1382/1030/2
f 1384/1039/6 1389/1041/6 1381/1037/6
f 1382/1035/4 1391/1042/4 1383/1033/4
f 1394/1043/3 1395/1044/3 1393/1045/3
f 1399/1046/1 1408/1047/1 1400/1048/1
f 1396/1049/6 1401/1050/6 1395/1044/6
f 1393/1045/4 1403/1051/4 1394/1043/4
f 1394/1043/1 1404/1052/1 1396/1049/1
f 1395/1044/2 1402/1053/2 1393/1045/2
f 1398/1054/5 1401/1055/5 1397/1056/5
f 1399/1057/5 1402/1058/5 1398/1059/5
f 1400/1048/5 1403/1060/5 1399/1046/5
f 1397/1061/5 1404/1062/5 1400/1063/5
f 1397/1056/2 1406/1064/2 1398/1054/2
f 1400/1063/6 1405/1065/6 1397/1061/6
f 1398/1059/4 1407/1066/4 1399/1057/4
f 1410/1067/3 1411/1068/3 1409/1069/3
f 1415/1070/1 1424/1071/1 1416/1072/1
f 1412/1073/6 1417/1074/6 1411/1068/6
f 1409/1069/4 1419/1075/4 1410/1067/4
f 1410/1067/1 1420/1076/1 1412/1073/1
f 1411/1068/2 1418/1077/2 1409/1069/2
f 1414/1078/5 1417/1079/5 1413/1080/5
f 1415/1081/5 1418/1082/5 1414/1083/5
f 1416/1072/5 1419/1084/5 1415/1070/5
f 1413/1085/5 1420/1086/5 1416/1087/5
f 1413/1080/2 1422/1088/2 1414/1078/2
f 1416/1087/6 1421/1089/6 1413/1085/6
f 1414/1083/4 1423/1090/4 1415/1081/4
f 1426/1091/3 1427/1092/3 1425/1093/3
f 1431/1094/1 1440/1095/1 1432/1096/1
f 1428/1097/6 1433/1098/6 1427/1092/6
f 1425/1093/4 1435/1099/4 1426/1091/4
f 1426/1091/1 1436/1100/1 1428/1097/1
f 1427/1092/2 1434/1101/2 1425/1093/2
f 1430/1102/5 1433/1103/5 1429/1104/5
f 1431/1105/5 1434/1106/5 1430/1107/5
f 1432/1096/5 1435/1108/5 1431/1094/5
f 1429/1109/5 1436/1110/5 1432/1111/5
f 1429/1104/2 1438/1112/2 1430/1102/2
f 1432/1111/6 1437/1113/6 1429/1109/6
f 1430/1107/4 1439/1114/4 1431/1105/4
f 1442/1115/3 1443/1116/3 1441/1117/3
f 1447/1118/1 1456/1119/1 1448/1120/1
f 1444/1121/6 1449/1122/6 1443/1116/6
f 1441/1117/4 1451/1123/4 1442/1115/4
f 1442/1115/1 1452/1124/1 1444/1121/1
f 1443/1116/2 1450/1125/2 1441/1117/2
f 1446/1126/5 1449/1127/5 1445/1128/5
f 1447/1129/5 1450/1130/5 1446/1131/5
f 1448/1120/5 1451/1132/5 1447/1118/5
f 1445/1133/5 1452/1134/5 1448/1135/5
f 1445/1128/2 1454/1136/2 1446/1126/2
f 1448/1135/6 1453/1137/6 1445/1133/6
f 1446/1131/4 1455/1138/4 1447/1129/4
f 1458/1139/5 1459/1140/5 1457/1141/5
f 1463/1142/1 1472/1143/1 1464/1144/1
f 1460/1145/4 1465/1146/4 1459/1140/4
f 1457/1141/6 1467/1147/6 1458/1139/6
f 1458/1139/1 1468/1148/1 1460/1145/1
f 1459/1140/2 1466/1149/2 1457/1141/2
f 1462/1150/3 1465/1151/3 1461/1152/3
f 1463/1153/3 1466/1154/3 1462/1155/3
f 1464/1144/3 1467/1156/3 1463/1142/3
f 1461/1157/3 1468/1158/3 1464/1159/3
f 1461/1152/2 1470/1160/2 1462/1150/2
f 1464/1159/4 1469/1161/4 1461/1157/4
f 1462/1155/6 1471/1162/6 1463/1153/6
f 1474/1163/5 1475/1164/5 1473/1165/5
f 1479/1166/1 1488/1167/1 1480/1168/1
f 1476/1169/4 1481/1170/4 1475/1164/4
f 1473/1165/6 1483/1171/6 1474/1163/6
f 1474/1163/1 1484/1172/1 1476/1169/1
f 1475/1164/2 1482/1173/2 1473/1165/2
f 1478/1174/3 1481/1175/3 1477/1176/3
f 1479/1177/3 1482/1178/3 1478/1179/3
f 1480/1168/3 1483/1180/3 1479/1166/3
f 1477/1181/3 1484/1182/3 1480/1183/3
f 1477/1176/2 1486/1184/2 1478/1174/2
f 1480/1183/4 1485/1185/4 1477/1181/4
f 1478/1179/6 1487/1186/6 1479/1177/6
f 1490/1187/5 1491/1188/5 1489/1189/5
f 1495/1190/1 1504/1191/1 1496/1192/1
f 1492/1193/4 1497/1194/4 1491/1188/4
f 1489/1189/6 1499/1195/6 1490/1187/6
f 1490/1187/1 1500/1196/1 1492/1193/1
f 1491/1188/2 1498/1197/2 1489/1189/2
f 1494/1198/3 1497/1199/3 1493/1200/3
f 1495/1201/3 1498/1202/3 1494/1203/3
f 1496/1192/3 1499/1204/3 1495/1190/3
f 1493/1205/3 1500/1206/3 1496/1207/3
f 1493/1200/2 1502/1208/2 1494/1198/2
f 1496/1207/4 1501/1209/4 1493/1205/4
f 1494/1203/6 1503/1210/6 1495/1201/6
f 1506/1211/5 1507/1212/5 1505/1213/5
f 1511/1214/1 1520/1215/1 1512/1216/1
f 1508/1217/4 1513/1218/4 1507/1212/4
f 1505/1213/6 1515/1219/6 1506/1211/6
f 1506/1211/1 1516/1220/1 1508/1217/1
f 1505/1213/2 1513/1221/2 1514/1222/2
f 1510/1223/3 1513/1221/3 1509/1224/3
f 1511/1225/3 1514/1226/3 1510/1227/3
f 1512/1216/3 1515/1228/3 1511/1214/3
f 1509/1229/3 1516/1230/3 1512/1231/3
f 1510/1223/2 1517/1232/2 1518/1233/2
f 1512/1231/4 1517/1234/4 1509/1229/4
f 1510/1227/6 1519/1235/6 1511/1225/6
f 1522/1236/5 1523/1237/5 1521/1238/5
f 1527/1239/1 1536/1240/1 1528/1241/1
f 1524/1242/4 1529/1243/4 1523/1237/4
f 1521/1238/6 1531/1244/6 1522/1236/6
f 1522/1236/1 1532/1245/1 1524/1242/1
f 1523/1237/2 1530/1246/2 1521/1238/2
f 1526/1247/3 1529/1248/3 1525/1249/3
f 1527/1250/3 1530/1251/3 1526/1252/3
f 1528/1241/3 1531/1253/3 1527/1239/3
f 1525/1254/3 1532/1255/3 1528/1256/3
f 1525/1249/2 1534/1257/2 1526/1247/2
f 1528/1256/4 1533/1258/4 1525/1254/4
f 1526/1252/6 1535/1259/6 1527/1250/6
f 1779/1260/3 1784/1261/3 1780/1262/3
f 1778/1263/5 1782/1264/5 1777/1265/5
f 1780/1262/4 1783/1266/4 1778/1263/4
f 1777/1267/6 1781/1268/6 1779/1260/6
f 1911/1269/6 1909/1270/6 1907/1271/6
f 1915/1272/4 1917/1273/4 1919/1274/4
f 1927/1275/6 1925/1276/6 1923/1277/6
f 1933/1278/4 1935/1279/4 1930/1280/4
f 1944/1281/5 1939/1282/5 1940/1283/5
f 1942/1284/3 1938/1285/3 1937/1286/3
f 1943/1287/6 1940/1283/6 1938/1285/6
f 1941/1288/4 1937/1289/4 1939/1282/4
f 1952/1290/5 1947/1291/5 1948/1292/5
f 1950/1293/3 1946/1294/3 1945/1295/3
f 1951/1296/6 1948/1292/6 1946/1294/6
f 1949/1297/4 1945/1298/4 1947/1291/4
f 3/1/1 4/1299/1 2/2/1
f 6/4/2 8/1300/2 7/5/2
f 4/7/3 8/11/3 6/4/3
f 2/2/4 6/4/4 5/6/4
f 1/8/5 5/1301/5 7/9/5
f 3/10/6 7/9/6 8/11/6
f 11/12/1 12/1302/1 10/13/1
f 14/15/2 16/1303/2 15/16/2
f 12/18/3 16/22/3 14/15/3
f 10/13/4 14/15/4 13/17/4
f 9/19/5 13/1304/5 15/20/5
f 11/21/6 15/20/6 16/22/6
f 19/23/1 20/1305/1 18/24/1
f 22/26/2 24/1306/2 23/27/2
f 20/29/3 24/33/3 22/26/3
f 18/24/4 22/26/4 21/28/4
f 17/30/5 21/1307/5 23/31/5
f 19/32/6 23/31/6 24/33/6
f 27/34/1 28/1308/1 26/35/1
f 30/37/2 32/1309/2 31/38/2
f 28/40/3 32/44/3 30/37/3
f 26/35/4 30/37/4 29/39/4
f 25/41/5 29/1310/5 31/42/5
f 27/43/6 31/42/6 32/44/6
f 35/45/1 36/49/1 34/46/1
f 39/48/6 40/1311/6 36/49/6
f 38/50/4 37/52/4 33/47/4
f 40/51/2 39/1312/2 37/52/2
f 43/53/1 44/57/1 42/54/1
f 47/56/4 48/1313/4 44/57/4
f 46/58/6 45/60/6 41/55/6
f 48/59/2 47/1314/2 45/60/2
f 51/61/1 52/65/1 50/62/1
f 55/64/5 56/1315/5 52/65/5
f 54/66/3 53/68/3 49/63/3
f 56/67/2 55/1316/2 53/68/2
f 59/69/1 60/73/1 58/70/1
f 63/72/3 64/1317/3 60/73/3
f 62/74/5 61/76/5 57/71/5
f 64/75/2 63/1318/2 61/76/2
f 67/77/1 68/90/1 66/78/1
f 71/80/2 72/86/2 69/81/2
f 65/83/6 70/82/6 69/81/6
f 67/85/3 69/81/3 72/86/3
f 66/88/5 71/80/5 70/82/5
f 68/90/4 72/86/4 71/80/4
f 75/91/1 76/1319/1 74/92/1
f 79/94/2 80/100/2 77/95/2
f 76/97/4 80/100/4 79/94/4
f 73/93/6 78/96/6 77/95/6
f 75/99/3 77/95/3 80/100/3
f 74/102/5 79/94/5 78/96/5
f 83/104/6 84/112/6 82/105/6
f 86/107/4 88/111/4 87/108/4
f 81/110/5 85/1320/5 87/108/5
f 83/104/2 87/108/2 88/111/2
f 84/112/3 88/111/3 86/113/3
f 82/105/1 86/1321/1 85/115/1
f 91/116/5 394/131/5 393/117/5
f 395/119/3 396/130/3 95/120/3
f 397/122/6 399/1322/6 93/123/6
f 393/117/6 395/119/6 94/125/6
f 89/127/1 94/121/1 95/120/1
f 91/129/4 95/1323/4 396/130/4
f 99/134/1 98/1324/1 107/1325/1
f 98/1324/1 97/1326/1 107/1325/1
f 97/1326/1 108/1327/1 107/1325/1
f 107/1325/1 106/1328/1 105/1329/1
f 105/1329/1 104/1330/1 103/132/1
f 103/132/1 102/1331/1 101/133/1
f 101/133/1 100/1332/1 99/134/1
f 107/1325/1 105/1329/1 99/134/1
f 105/1329/1 103/132/1 99/134/1
f 110/137/2 109/1333/2 111/1334/2
f 111/1334/2 112/1335/2 113/1336/2
f 113/1336/2 114/1337/2 115/1338/2
f 115/1338/2 116/1339/2 113/1336/2
f 116/1339/2 117/135/2 113/1336/2
f 117/135/2 118/1340/2 119/136/2
f 119/136/2 120/1341/2 110/137/2
f 110/137/2 111/1334/2 117/135/2
f 111/1334/2 113/1336/2 117/135/2
f 123/140/1 122/1342/1 131/1343/1
f 122/1342/1 121/1344/1 131/1343/1
f 121/1344/1 132/1345/1 131/1343/1
f 131/1343/1 130/1346/1 129/1347/1
f 129/1347/1 128/1348/1 127/138/1
f 127/138/1 126/1349/1 125/139/1
f 125/139/1 124/1350/1 123/140/1
f 131/1343/1 129/1347/1 123/140/1
f 129/1347/1 127/138/1 123/140/1
f 134/143/2 133/1351/2 135/1352/2
f 135/1352/2 136/1353/2 137/1354/2
f 137/1354/2 138/1355/2 139/1356/2
f 139/1356/2 140/1357/2 137/1354/2
f 140/1357/2 141/141/2 137/1354/2
f 141/141/2 142/1358/2 143/142/2
f 143/142/2 144/1359/2 134/143/2
f 134/143/2 135/1352/2 141/141/2
f 135/1352/2 137/1354/2 141/141/2
f 147/146/1 146/1360/1 155/1361/1
f 146/1360/1 145/1362/1 155/1361/1
f 145/1362/1 156/1363/1 155/1361/1
f 155/1361/1 154/1364/1 153/1365/1
f 153/1365/1 152/1366/1 151/144/1
f 151/144/1 150/1367/1 149/145/1
f 149/145/1 148/1368/1 147/146/1
f 155/1361/1 153/1365/1 147/146/1
f 153/1365/1 151/144/1 147/146/1
f 158/149/2 157/1369/2 159/1370/2
f 159/1370/2 160/1371/2 161/147/2
f 161/147/2 162/1372/2 163/1373/2
f 163/1373/2 164/1374/2 161/147/2
f 164/1374/2 165/148/2 161/147/2
f 165/148/2 166/1375/2 158/149/2
f 166/1375/2 167/1376/2 158/149/2
f 167/1376/2 168/1377/2 158/149/2
f 158/149/2 159/1370/2 161/147/2
f 171/152/1 170/1378/1 179/1379/1
f 170/1378/1 169/1380/1 179/1379/1
f 169/1380/1 180/1381/1 179/1379/1
f 179/1379/1 178/1382/1 177/1383/1
f 177/1383/1 176/1384/1 175/150/1
f 175/150/1 174/1385/1 173/151/1
f 173/151/1 172/1386/1 171/152/1
f 179/1379/1 177/1383/1 171/152/1
f 177/1383/1 175/150/1 171/152/1
f 182/155/2 181/1387/2 183/1388/2
f 183/1388/2 184/1389/2 185/153/2
f 185/153/2 186/1390/2 187/1391/2
f 187/1391/2 188/1392/2 185/153/2
f 188/1392/2 189/154/2 185/153/2
f 189/154/2 190/1393/2 182/155/2
f 190/1393/2 191/1394/2 182/155/2
f 191/1394/2 192/1395/2 182/155/2
f 182/155/2 183/1388/2 185/153/2
f 197/156/2 199/166/2 200/157/2
f 194/159/3 198/158/3 200/157/3
f 193/161/6 197/156/6 198/158/6
f 195/163/5 199/166/5 197/156/5
f 196/165/4 200/157/4 199/166/4
f 206/168/2 214/1396/2 213/169/2
f 203/171/2 211/175/2 212/172/2
f 201/174/6 209/183/6 211/175/6
f 202/176/1 210/179/1 209/177/1
f 204/173/4 212/172/4 210/179/4
f 205/170/5 209/177/5 210/179/5
f 208/180/5 212/172/5 211/175/5
f 207/182/5 211/175/5 209/183/5
f 206/185/5 210/179/5 212/172/5
f 208/186/6 216/1397/6 214/187/6
f 207/181/1 215/1398/1 216/188/1
f 205/184/4 213/1399/4 215/189/4
f 339/192/6 338/1400/6 337/1401/6
f 337/1401/6 344/1402/6 343/190/6
f 343/190/6 342/1403/6 341/191/6
f 341/191/6 340/1404/6 339/192/6
f 339/192/6 337/1401/6 343/190/6
f 346/1405/4 345/1406/4 347/193/4
f 347/193/4 348/1407/4 349/194/4
f 349/194/4 350/1408/4 351/195/4
f 351/195/4 352/1409/4 346/1405/4
f 346/1405/4 347/193/4 351/195/4
f 355/196/3 357/204/3 360/197/3
f 354/199/5 359/202/5 358/200/5
f 356/198/4 360/197/4 359/202/4
f 353/203/6 358/1410/6 357/204/6
f 361/205/5 363/1411/5 364/206/5
f 365/208/5 367/1412/5 368/209/5
f 369/211/5 371/1413/5 372/212/5
f 373/214/5 375/1414/5 376/215/5
f 378/217/4 380/223/4 379/218/4
f 383/220/1 391/1415/1 392/221/1
f 380/223/3 388/236/3 385/224/3
f 377/219/5 386/232/5 387/225/5
f 378/217/1 387/234/1 388/226/1
f 379/218/2 385/229/2 386/227/2
f 382/228/6 386/227/6 385/229/6
f 383/231/6 387/225/6 386/232/6
f 384/222/6 388/226/6 387/234/6
f 381/235/6 385/224/6 388/236/6
f 381/230/2 389/1416/2 390/238/2
f 384/237/3 392/1417/3 389/239/3
f 382/233/5 390/1418/5 391/240/5
f 398/241/5 397/1419/5 90/242/5
f 400/244/4 398/241/4 92/243/4
f 93/123/3 399/1322/3 400/246/3
f 396/130/2 395/119/2 393/117/2
f 401/248/1 403/1420/1 404/249/1
f 404/251/4 408/261/4 406/252/4
f 402/254/5 406/264/5 405/255/5
f 401/257/6 405/255/6 407/258/6
f 403/260/3 407/1421/3 408/261/3
f 408/263/2 407/258/2 405/255/2
f 458/265/4 482/1422/4 483/266/4
f 481/268/4 482/1422/4 458/269/4
f 468/271/4 492/274/4 481/268/4
f 467/273/4 491/277/4 492/274/4
f 466/276/4 490/1423/4 491/277/4
f 465/279/4 489/283/4 490/280/4
f 464/282/4 488/1424/4 489/283/4
f 487/285/4 488/1424/4 464/286/4
f 462/288/4 486/1425/4 487/285/4
f 485/290/4 486/1425/4 462/291/4
f 484/293/4 485/290/4 461/294/4
f 483/266/4 484/293/4 460/296/4
f 506/298/6 507/1426/6 495/299/6
f 507/301/6 508/1427/6 496/302/6
f 508/303/6 509/1428/6 497/304/6
f 497/304/6 509/1429/6 510/305/6
f 510/307/6 511/1430/6 499/308/6
f 499/308/6 511/1431/6 512/309/6
f 512/311/6 513/1432/6 501/312/6
f 513/313/6 514/1433/6 502/314/6
f 514/315/6 515/1434/6 503/316/6
f 515/318/6 516/1435/6 504/319/6
f 516/320/6 505/1436/6 493/321/6
f 493/321/6 505/1437/6 506/322/6
f 518/323/4 530/1438/4 531/324/4
f 529/326/4 530/1438/4 518/327/4
f 528/329/4 540/332/4 529/326/4
f 527/331/4 539/335/4 540/332/4
f 526/334/4 538/1439/4 539/335/4
f 525/337/4 537/341/4 538/338/4
f 524/340/4 536/1440/4 537/341/4
f 535/343/4 536/1440/4 524/344/4
f 522/346/4 534/1441/4 535/343/4
f 533/348/4 534/1441/4 522/349/4
f 532/351/4 533/348/4 521/352/4
f 531/324/4 532/351/4 520/354/4
f 554/356/6 555/1442/6 543/357/6
f 555/359/6 556/1443/6 544/360/6
f 556/361/6 557/1444/6 545/362/6
f 545/362/6 557/1445/6 558/363/6
f 558/365/6 559/1446/6 547/366/6
f 547/366/6 559/1447/6 560/367/6
f 560/369/6 561/1448/6 549/370/6
f 561/371/6 562/1449/6 550/372/6
f 562/373/6 563/1450/6 551/374/6
f 563/376/6 564/1451/6 552/377/6
f 564/378/6 553/1452/6 541/379/6
f 541/379/6 553/1453/6 554/380/6
f 469/383/4 470/1454/4 471/1455/4
f 471/1455/4 472/1456/4 469/383/4
f 472/1456/4 473/381/4 469/383/4
f 473/381/4 474/1457/4 475/1458/4
f 475/1458/4 476/1459/4 477/382/4
f 477/382/4 478/1460/4 469/383/4
f 478/1460/4 479/1461/4 469/383/4
f 479/1461/4 480/1462/4 469/383/4
f 473/381/4 475/1458/4 477/382/4
f 567/386/6 566/1463/6 565/1464/6
f 565/1464/6 576/1465/6 567/386/6
f 576/1465/6 575/1466/6 567/386/6
f 575/1466/6 574/1467/6 573/384/6
f 573/384/6 572/1468/6 571/385/6
f 571/385/6 570/1469/6 569/1470/6
f 569/1470/6 568/1471/6 571/385/6
f 568/1471/6 567/386/6 571/385/6
f 575/1466/6 573/384/6 567/386/6
f 578/387/4 582/395/4 584/388/4
f 579/390/6 583/393/6 581/391/6
f 580/389/3 584/388/3 583/393/3
f 577/394/5 581/1472/5 582/395/5
f 586/396/4 590/404/4 592/397/4
f 587/399/6 591/402/6 589/400/6
f 588/398/3 592/397/3 591/402/3
f 585/403/5 589/1473/5 590/404/5
f 594/405/4 598/413/4 600/406/4
f 595/408/6 599/411/6 597/409/6
f 596/407/3 600/406/3 599/411/3
f 593/412/5 597/1474/5 598/413/5
f 602/414/4 606/422/4 608/415/4
f 603/417/6 607/420/6 605/418/6
f 604/416/3 608/415/3 607/420/3
f 601/421/5 605/1475/5 606/422/5
f 778/423/3 777/428/3 773/424/3
f 780/426/2 778/423/2 774/425/2
f 777/428/1 779/1476/1 775/429/1
f 779/430/5 780/426/5 776/427/5
f 786/432/5 785/437/5 781/433/5
f 788/435/1 786/432/1 782/434/1
f 785/437/2 787/1477/2 783/438/2
f 787/439/3 788/435/3 784/436/3
f 794/441/2 793/446/2 789/442/2
f 796/444/5 794/441/5 790/443/5
f 793/446/3 795/1478/3 791/447/3
f 795/448/1 796/444/1 792/445/1
f 802/450/1 801/455/1 797/451/1
f 804/453/3 802/450/3 798/452/3
f 801/455/5 803/1479/5 799/456/5
f 803/457/2 804/453/2 800/454/2
f 810/459/7 809/464/7 805/460/7
f 812/462/8 810/459/8 806/461/8
f 809/464/9 811/1480/9 807/465/9
f 811/466/10 812/462/10 808/463/10
f 818/468/10 817/473/10 813/469/10
f 820/471/9 818/468/9 814/470/9
f 817/473/8 819/1481/8 815/474/8
f 819/475/7 820/471/7 816/472/7
f 826/477/8 825/482/8 821/478/8
f 828/480/10 826/477/10 822/479/10
f 825/482/7 827/1482/7 823/483/7
f 827/484/9 828/480/9 824/481/9
f 834/486/9 833/491/9 829/487/9
f 836/489/7 834/486/7 830/488/7
f 833/491/10 835/1483/10 831/492/10
f 835/493/8 836/489/8 832/490/8
f 842/495/11 841/500/11 837/496/11
f 844/498/12 842/495/12 838/497/12
f 841/500/13 843/1484/13 839/501/13
f 843/502/14 844/498/14 840/499/14
f 850/504/14 849/509/14 845/505/14
f 852/507/13 850/504/13 846/506/13
f 849/509/12 851/1485/12 847/510/12
f 851/511/11 852/507/11 848/508/11
f 858/513/12 857/518/12 853/514/12
f 860/516/14 858/513/14 854/515/14
f 857/518/11 859/1486/11 855/519/11
f 859/520/13 860/516/13 856/517/13
f 866/522/13 865/527/13 861/523/13
f 868/525/11 866/522/11 862/524/11
f 865/527/14 867/1487/14 863/528/14
f 867/529/12 868/525/12 864/526/12
f 874/531/3 873/536/3 869/532/3
f 876/534/2 874/531/2 870/533/2
f 873/536/1 875/1488/1 871/537/1
f 875/538/5 876/534/5 872/535/5
f 882/540/5 881/545/5 877/541/5
f 884/543/1 882/540/1 878/542/1
f 881/545/2 883/1489/2 879/546/2
f 883/547/3 884/543/3 880/544/3
f 890/549/2 889/554/2 885/550/2
f 892/552/5 890/549/5 886/551/5
f 889/554/3 891/1490/3 887/555/3
f 891/556/1 892/552/1 888/553/1
f 898/558/1 897/563/1 893/559/1
f 900/561/3 898/558/3 894/560/3
f 897/563/5 899/1491/5 895/564/5
f 899/565/2 900/561/2 896/562/2
f 906/567/7 905/572/7 901/568/7
f 908/570/8 906/567/8 902/569/8
f 905/572/9 907/1492/9 903/573/9
f 907/574/10 908/570/10 904/571/10
f 914/576/10 913/581/10 909/577/10
f 916/579/9 914/576/9 910/578/9
f 913/581/8 915/1493/8 911/582/8
f 915/583/7 916/579/7 912/580/7
f 922/585/8 921/590/8 917/586/8
f 924/588/10 922/585/10 918/587/10
f 921/590/7 923/1494/7 919/591/7
f 923/592/9 924/588/9 920/589/9
f 930/594/9 929/599/9 925/595/9
f 932/597/7 930/594/7 926/596/7
f 929/599/10 931/1495/10 927/600/10
f 931/601/8 932/597/8 928/598/8
f 938/603/11 937/608/11 933/604/11
f 940/606/12 938/603/12 934/605/12
f 937/608/13 939/1496/13 935/609/13
f 939/610/14 940/606/14 936/607/14
f 946/612/14 945/617/14 941/613/14
f 948/615/13 946/612/13 942/614/13
f 945/617/12 947/1497/12 943/618/12
f 947/619/11 948/615/11 944/616/11
f 954/621/12 953/626/12 949/622/12
f 956/624/14 954/621/14 950/623/14
f 953/626/11 955/1498/11 951/627/11
f 955/628/13 956/624/13 952/625/13
f 962/630/13 961/635/13 957/631/13
f 964/633/11 962/630/11 958/632/11
f 961/635/14 963/1499/14 959/636/14
f 963/637/12 964/633/12 960/634/12
f 1173/639/8 1175/1500/8 1127/640/8
f 1162/642/2 1161/651/2 1113/643/2
f 1188/645/12 1186/731/12 1138/646/12
f 1175/648/7 1176/656/7 1128/649/7
f 1161/651/3 1163/1501/3 1115/652/3
f 1190/653/14 1189/661/14 1141/654/14
f 1176/656/9 1174/742/9 1126/657/9
f 1163/658/1 1164/666/1 1116/659/1
f 1189/661/12 1191/1502/12 1143/662/12
f 1178/663/8 1177/670/8 1129/664/8
f 1164/666/5 1162/642/5 1114/644/5
f 1191/667/11 1192/675/11 1144/668/11
f 1177/670/7 1179/1503/7 1131/671/7
f 1166/672/1 1165/679/1 1117/673/1
f 1192/675/13 1190/653/13 1142/655/13
f 1179/676/9 1180/687/9 1132/677/9
f 1165/679/5 1167/1504/5 1119/680/5
f 1194/681/12 1193/691/12 1145/682/12
f 1154/684/3 1153/693/3 1105/685/3
f 1180/687/10 1178/663/10 1130/665/10
f 1167/688/2 1168/698/2 1120/689/2
f 1193/691/11 1195/1505/11 1147/692/11
f 1153/693/1 1155/1506/1 1107/694/1
f 1182/695/9 1181/705/9 1133/696/9
f 1168/698/3 1166/672/3 1118/674/3
f 1195/699/13 1196/710/13 1148/700/13
f 1155/702/5 1156/711/5 1108/703/5
f 1181/705/10 1183/1507/10 1135/706/10
f 1170/707/7 1169/715/7 1121/708/7
f 1196/710/14 1194/681/14 1146/683/14
f 1156/711/2 1154/684/2 1106/686/2
f 1183/712/8 1184/723/8 1136/713/8
f 1169/715/9 1171/1508/9 1123/716/9
f 1198/717/13 1197/727/13 1149/718/13
f 1158/720/5 1157/729/5 1109/721/5
f 1184/723/7 1182/695/7 1134/697/7
f 1171/724/10 1172/733/10 1124/725/10
f 1197/727/14 1199/1509/14 1151/728/14
f 1157/729/2 1159/1510/2 1111/730/2
f 1186/731/11 1185/740/11 1137/732/11
f 1172/733/8 1170/707/8 1122/709/8
f 1199/734/12 1200/743/12 1152/735/12
f 1159/737/3 1160/744/3 1112/738/3
f 1185/740/13 1187/1511/13 1139/741/13
f 1174/742/10 1173/639/10 1125/641/10
f 1200/743/11 1198/717/11 1150/719/11
f 1160/744/1 1158/720/1 1110/722/1
f 1187/745/14 1188/645/14 1140/647/14
f 1203/747/1 1204/760/1 1202/748/1
f 1207/750/2 1208/756/2 1205/751/2
f 1201/753/6 1206/752/6 1205/751/6
f 1203/755/3 1205/751/3 1208/756/3
f 1202/758/5 1207/750/5 1206/752/5
f 1204/760/4 1208/756/4 1207/750/4
f 1211/761/1 1212/774/1 1210/762/1
f 1215/764/2 1216/770/2 1213/765/2
f 1209/767/6 1214/766/6 1213/765/6
f 1211/769/3 1213/765/3 1216/770/3
f 1210/772/5 1215/764/5 1214/766/5
f 1212/774/4 1216/770/4 1215/764/4
f 1219/775/1 1220/788/1 1218/776/1
f 1223/778/2 1224/784/2 1221/779/2
f 1217/781/6 1222/780/6 1221/779/6
f 1219/783/3 1221/779/3 1224/784/3
f 1218/786/5 1223/778/5 1222/780/5
f 1220/788/4 1224/784/4 1223/778/4
f 1227/789/1 1228/802/1 1226/790/1
f 1231/792/2 1232/798/2 1229/793/2
f 1225/795/6 1230/794/6 1229/793/6
f 1227/797/3 1229/793/3 1232/798/3
f 1226/800/5 1231/792/5 1230/794/5
f 1228/802/4 1232/798/4 1231/792/4
f 1234/803/4 1236/809/4 1235/804/4
f 1239/806/1 1247/1512/1 1248/807/1
f 1236/809/3 1244/822/3 1241/810/3
f 1233/805/5 1242/818/5 1243/811/5
f 1234/803/1 1243/820/1 1244/812/1
f 1235/804/2 1241/815/2 1242/813/2
f 1238/814/6 1242/813/6 1241/815/6
f 1239/817/6 1243/811/6 1242/818/6
f 1240/808/6 1244/812/6 1243/820/6
f 1237/821/6 1241/810/6 1244/822/6
f 1237/816/2 1245/1513/2 1246/824/2
f 1240/823/3 1248/1514/3 1245/825/3
f 1238/819/5 1246/1515/5 1247/826/5
f 1250/827/4 1252/833/4 1251/828/4
f 1255/830/1 1263/1516/1 1264/831/1
f 1252/833/3 1260/846/3 1257/834/3
f 1249/829/5 1258/842/5 1259/835/5
f 1250/827/1 1259/844/1 1260/836/1
f 1251/828/2 1257/839/2 1258/837/2
f 1254/838/6 1258/837/6 1257/839/6
f 1255/841/6 1259/835/6 1258/842/6
f 1256/832/6 1260/836/6 1259/844/6
f 1253/845/6 1257/834/6 1260/846/6
f 1253/840/2 1261/1517/2 1262/848/2
f 1256/847/3 1264/1518/3 1261/849/3
f 1254/843/5 1262/1519/5 1263/850/5
f 1266/851/4 1268/857/4 1267/852/4
f 1271/854/1 1279/1520/1 1280/855/1
f 1268/857/3 1276/870/3 1273/858/3
f 1265/853/5 1274/866/5 1275/859/5
f 1266/851/1 1275/868/1 1276/860/1
f 1267/852/2 1273/863/2 1274/861/2
f 1270/862/6 1274/861/6 1273/863/6
f 1271/865/6 1275/859/6 1274/866/6
f 1272/856/6 1276/860/6 1275/868/6
f 1269/869/6 1273/858/6 1276/870/6
f 1269/864/2 1277/1521/2 1278/872/2
f 1272/871/3 1280/1522/3 1277/873/3
f 1270/867/5 1278/1523/5 1279/874/5
f 1282/875/4 1284/881/4 1283/876/4
f 1287/878/1 1295/1524/1 1296/879/1
f 1284/881/3 1292/894/3 1289/882/3
f 1281/877/5 1290/890/5 1291/883/5
f 1282/875/1 1291/892/1 1292/884/1
f 1283/876/2 1289/887/2 1290/885/2
f 1286/886/6 1290/885/6 1289/887/6
f 1287/889/6 1291/883/6 1290/890/6
f 1288/880/6 1292/884/6 1291/892/6
f 1285/893/6 1289/882/6 1292/894/6
f 1285/888/2 1293/1525/2 1294/896/2
f 1288/895/3 1296/1526/3 1293/897/3
f 1286/891/5 1294/1527/5 1295/898/5
f 1298/899/6 1300/905/6 1299/900/6
f 1303/902/1 1311/1528/1 1312/903/1
f 1300/905/5 1308/918/5 1305/906/5
f 1297/901/3 1306/914/3 1307/907/3
f 1298/899/1 1307/916/1 1308/908/1
f 1297/901/2 1299/900/2 1305/909/2
f 1302/911/4 1306/910/4 1305/909/4
f 1303/913/4 1307/907/4 1306/914/4
f 1304/904/4 1308/908/4 1307/916/4
f 1301/917/4 1305/906/4 1308/918/4
f 1301/912/2 1309/1529/2 1310/920/2
f 1304/919/5 1312/1530/5 1309/921/5
f 1302/915/3 1310/1531/3 1311/922/3
f 1314/923/6 1316/929/6 1315/924/6
f 1319/926/1 1327/1532/1 1328/927/1
f 1316/929/5 1324/942/5 1321/930/5
f 1313/925/3 1322/938/3 1323/931/3
f 1314/923/1 1323/940/1 1324/932/1
f 1315/924/2 1321/935/2 1322/933/2
f 1318/934/4 1322/933/4 1321/935/4
f 1319/937/4 1323/931/4 1322/938/4
f 1320/928/4 1324/932/4 1323/940/4
f 1317/941/4 1321/930/4 1324/942/4
f 1317/936/2 1325/1533/2 1326/944/2
f 1320/943/5 1328/1534/5 1325/945/5
f 1318/939/3 1326/1535/3 1327/946/3
f 1330/947/6 1332/953/6 1331/948/6
f 1335/950/1 1343/1536/1 1344/951/1
f 1332/953/5 1340/966/5 1337/954/5
f 1329/949/3 1338/962/3 1339/955/3
f 1330/947/1 1339/964/1 1340/956/1
f 1331/948/2 1337/959/2 1338/957/2
f 1334/958/4 1338/957/4 1337/959/4
f 1335/961/4 1339/955/4 1338/962/4
f 1336/952/4 1340/956/4 1339/964/4
f 1333/965/4 1337/954/4 1340/966/4
f 1333/960/2 1341/1537/2 1342/968/2
f 1336/967/5 1344/1538/5 1341/969/5
f 1334/963/3 1342/1539/3 1343/970/3
f 1346/971/6 1348/977/6 1347/972/6
f 1351/974/1 1359/1540/1 1360/975/1
f 1348/977/5 1356/990/5 1353/978/5
f 1345/973/3 1354/986/3 1355/979/3
f 1346/971/1 1355/988/1 1356/980/1
f 1347/972/2 1353/983/2 1354/981/2
f 1350/982/4 1354/981/4 1353/983/4
f 1351/985/4 1355/979/4 1354/986/4
f 1352/976/4 1356/980/4 1355/988/4
f 1349/989/4 1353/978/4 1356/990/4
f 1349/984/2 1357/1541/2 1358/992/2
f 1352/991/5 1360/1542/5 1357/993/5
f 1350/987/3 1358/1543/3 1359/994/3
f 1362/995/6 1364/1001/6 1363/996/6
f 1367/998/1 1375/1544/1 1376/999/1
f 1364/1001/5 1372/1014/5 1369/1002/5
f 1361/997/3 1370/1010/3 1371/1003/3
f 1362/995/1 1371/1012/1 1372/1004/1
f 1363/996/2 1369/1007/2 1370/1005/2
f 1366/1006/4 1370/1005/4 1369/1007/4
f 1367/1009/4 1371/1003/4 1370/1010/4
f 1368/1000/4 1372/1004/4 1371/1012/4
f 1365/1013/4 1369/1002/4 1372/1014/4
f 1365/1008/2 1373/1545/2 1374/1016/2
f 1368/1015/5 1376/1546/5 1373/1017/5
f 1366/1011/3 1374/1547/3 1375/1018/3
f 1378/1019/3 1380/1025/3 1379/1020/3
f 1383/1022/1 1391/1548/1 1392/1023/1
f 1380/1025/6 1388/1038/6 1385/1026/6
f 1377/1021/4 1386/1034/4 1387/1027/4
f 1378/1019/1 1387/1036/1 1388/1028/1
f 1379/1020/2 1385/1031/2 1386/1029/2
f 1382/1030/5 1386/1029/5 1385/1031/5
f 1383/1033/5 1387/1027/5 1386/1034/5
f 1384/1024/5 1388/1028/5 1387/1036/5
f 1381/1037/5 1385/1026/5 1388/1038/5
f 1381/1032/2 1389/1549/2 1390/1040/2
f 1384/1039/6 1392/1550/6 1389/1041/6
f 1382/1035/4 1390/1551/4 1391/1042/4
f 1394/1043/3 1396/1049/3 1395/1044/3
f 1399/1046/1 1407/1552/1 1408/1047/1
f 1396/1049/6 1404/1062/6 1401/1050/6
f 1393/1045/4 1402/1058/4 1403/1051/4
f 1394/1043/1 1403/1060/1 1404/1052/1
f 1395/1044/2 1401/1055/2 1402/1053/2
f 1398/1054/5 1402/1053/5 1401/1055/5
f 1399/1057/5 1403/1051/5 1402/1058/5
f 1400/1048/5 1404/1052/5 1403/1060/5
f 1397/1061/5 1401/1050/5 1404/1062/5
f 1397/1056/2 1405/1553/2 1406/1064/2
f 1400/1063/6 1408/1554/6 1405/1065/6
f 1398/1059/4 1406/1555/4 1407/1066/4
f 1410/1067/3 1412/1073/3 1411/1068/3
f 1415/1070/1 1423/1556/1 1424/1071/1
f 1412/1073/6 1420/1086/6 1417/1074/6
f 1409/1069/4 1418/1082/4 1419/1075/4
f 1410/1067/1 1419/1084/1 1420/1076/1
f 1411/1068/2 1417/1079/2 1418/1077/2
f 1414/1078/5 1418/1077/5 1417/1079/5
f 1415/1081/5 1419/1075/5 1418/1082/5
f 1416/1072/5 1420/1076/5 1419/1084/5
f 1413/1085/5 1417/1074/5 1420/1086/5
f 1413/1080/2 1421/1557/2 1422/1088/2
f 1416/1087/6 1424/1558/6 1421/1089/6
f 1414/1083/4 1422/1559/4 1423/1090/4
f 1426/1091/3 1428/1097/3 1427/1092/3
f 1431/1094/1 1439/1560/1 1440/1095/1
f 1428/1097/6 1436/1110/6 1433/1098/6
f 1425/1093/4 1434/1106/4 1435/1099/4
f 1426/1091/1 1435/1108/1 1436/1100/1
f 1427/1092/2 1433/1103/2 1434/1101/2
f 1430/1102/5 1434/1101/5 1433/1103/5
f 1431/1105/5 1435/1099/5 1434/1106/5
f 1432/1096/5 1436/1100/5 1435/1108/5
f 1429/1109/5 1433/1098/5 1436/1110/5
f 1429/1104/2 1437/1561/2 1438/1112/2
f 1432/1111/6 1440/1562/6 1437/1113/6
f 1430/1107/4 1438/1563/4 1439/1114/4
f 1442/1115/3 1444/1121/3 1443/1116/3
f 1447/1118/1 1455/1564/1 1456/1119/1
f 1444/1121/6 1452/1134/6 1449/1122/6
f 1441/1117/4 1450/1130/4 1451/1123/4
f 1442/1115/1 1451/1132/1 1452/1124/1
f 1443/1116/2 1449/1127/2 1450/1125/2
f 1446/1126/5 1450/1125/5 1449/1127/5
f 1447/1129/5 1451/1123/5 1450/1130/5
f 1448/1120/5 1452/1124/5 1451/1132/5
f 1445/1133/5 1449/1122/5 1452/1134/5
f 1445/1128/2 1453/1565/2 1454/1136/2
f 1448/1135/6 1456/1566/6 1453/1137/6
f 1446/1131/4 1454/1567/4 1455/1138/4
f 1458/1139/5 1460/1145/5 1459/1140/5
f 1463/1142/1 1471/1568/1 1472/1143/1
f 1460/1145/4 1468/1158/4 1465/1146/4
f 1457/1141/6 1466/1154/6 1467/1147/6
f 1458/1139/1 1467/1156/1 1468/1148/1
f 1459/1140/2 1465/1151/2 1466/1149/2
f 1462/1150/3 1466/1149/3 1465/1151/3
f 1463/1153/3 1467/1147/3 1466/1154/3
f 1464/1144/3 1468/1148/3 1467/1156/3
f 1461/1157/3 1465/1146/3 1468/1158/3
f 1461/1152/2 1469/1569/2 1470/1160/2
f 1464/1159/4 1472/1570/4 1469/1161/4
f 1462/1155/6 1470/1571/6 1471/1162/6
f 1474/1163/5 1476/1169/5 1475/1164/5
f 1479/1166/1 1487/1572/1 1488/1167/1
f 1476/1169/4 1484/1182/4 1481/1170/4
f 1473/1165/6 1482/1178/6 1483/1171/6
f 1474/1163/1 1483/1180/1 1484/1172/1
f 1475/1164/2 1481/1175/2 1482/1173/2
f 1478/1174/3 1482/1173/3 1481/1175/3
f 1479/1177/3 1483/1171/3 1482/1178/3
f 1480/1168/3 1484/1172/3 1483/1180/3
f 1477/1181/3 1481/1170/3 1484/1182/3
f 1477/1176/2 1485/1573/2 1486/1184/2
f 1480/1183/4 1488/1574/4 1485/1185/4
f 1478/1179/6 1486/1575/6 1487/1186/6
f 1490/1187/5 1492/1193/5 1491/1188/5
f 1495/1190/1 1503/1576/1 1504/1191/1
f 1492/1193/4 1500/1206/4 1497/1194/4
f 1489/1189/6 1498/1202/6 1499/1195/6
f 1490/1187/1 1499/1204/1 1500/1196/1
f 1491/1188/2 1497/1199/2 1498/1197/2
f 1494/1198/3 1498/1197/3 1497/1199/3
f 1495/1201/3 1499/1195/3 1498/1202/3
f 1496/1192/3 1500/1196/3 1499/1204/3
f 1493/1205/3 1497/1194/3 1500/1206/3
f 1493/1200/2 1501/1577/2 1502/1208/2
f 1496/1207/4 1504/1578/4 1501/1209/4
f 1494/1203/6 1502/1579/6 1503/1210/6
f 1506/1211/5 1508/1217/5 1507/1212/5
f 1511/1214/1 1519/1580/1 1520/1215/1
f 1508/1217/4 1516/1230/4 1513/1218/4
f 1505/1213/6 1514/1226/6 1515/1219/6
f 1506/1211/1 1515/1228/1 1516/1220/1
f 1505/1213/2 1507/1212/2 1513/1221/2
f 1510/1223/3 1514/1222/3 1513/1221/3
f 1511/1225/3 1515/1219/3 1514/1226/3
f 1512/1216/3 1516/1220/3 1515/1228/3
f 1509/1229/3 1513/1218/3 1516/1230/3
f 1510/1223/2 1509/1224/2 1517/1232/2
f 1512/1231/4 1520/1581/4 1517/1234/4
f 1510/1227/6 1518/1582/6 1519/1235/6
f 1522/1236/5 1524/1242/5 1523/1237/5
f 1527/1239/1 1535/1583/1 1536/1240/1
f 1524/1242/4 1532/1255/4 1529/1243/4
f 1521/1238/6 1530/1251/6 1531/1244/6
f 1522/1236/1 1531/1253/1 1532/1245/1
f 1523/1237/2 1529/1248/2 1530/1246/2
f 1526/1247/3 1530/1246/3 1529/1248/3
f 1527/1250/3 1531/1244/3 1530/1251/3
f 1528/1241/3 1532/1245/3 1531/1253/3
f 1525/1254/3 1529/1243/3 1532/1255/3
f 1525/1249/2 1533/1584/2 1534/1257/2
f 1528/1256/4 1536/1585/4 1533/1258/4
f 1526/1252/6 1534/1586/6 1535/1259/6
f 1779/1260/3 1781/1268/3 1784/1261/3
f 1778/1263/5 1783/1266/5 1782/1264/5
f 1780/1262/4 1784/1261/4 1783/1266/4
f 1777/1267/6 1782/1587/6 1781/1268/6
f 1907/1271/6 1906/1588/6 1905/1589/6
f 1905/1589/6 1912/1590/6 1911/1269/6
f 1911/1269/6 1910/1591/6 1909/1270/6
f 1909/1270/6 1908/1592/6 1907/1271/6
f 1907/1271/6 1905/1589/6 1911/1269/6
f 1914/1593/4 1913/1594/4 1915/1272/4
f 1915/1272/4 1916/1595/4 1917/1273/4
f 1917/1273/4 1918/1596/4 1919/1274/4
f 1919/1274/4 1920/1597/4 1914/1593/4
f 1914/1593/4 1915/1272/4 1919/1274/4
f 1923/1277/6 1922/1598/6 1921/1599/6
f 1921/1599/6 1928/1600/6 1927/1275/6
f 1927/1275/6 1926/1601/6 1925/1276/6
f 1925/1276/6 1924/1602/6 1923/1277/6
f 1923/1277/6 1921/1599/6 1927/1275/6
f 1930/1280/4 1929/1603/4 1931/1604/4
f 1931/1604/4 1932/1605/4 1933/1278/4
f 1933/1278/4 1934/1606/4 1935/1279/4
f 1935/1279/4 1936/1607/4 1930/1280/4
f 1930/1280/4 1931/1604/4 1933/1278/4
f 1944/1281/5 1941/1288/5 1939/1282/5
f 1942/1284/3 1943/1287/3 1938/1285/3
f 1943/1287/6 1944/1281/6 1940/1283/6
f 1941/1288/4 1942/1608/4 1937/1289/4
f 1952/1290/5 1949/1297/5 1947/1291/5
f 1950/1293/3 1951/1296/3 1946/1294/3
f 1951/1296/6 1952/1290/6 1948/1292/6
f 1949/1297/4 1950/1609/4 1945/1298/4
f 101/1610/15 112/1611/6 100/1612/6
f 108/1613/16 119/1614/17 107/1615/17
f 98/1616/18 110/1617/3 97/1618/3
f 105/1619/19 116/1620/20 104/1621/20
f 102/1622/21 113/1623/15 101/1610/15
f 97/1618/3 120/1624/16 108/1613/16
f 99/1625/22 109/1626/18 98/1616/18
f 106/1627/4 117/1628/19 105/1619/19
f 103/1629/5 114/1630/21 102/1622/21
f 100/1631/6 111/1632/22 99/1625/22
f 107/1615/17 118/1633/4 106/1627/4
f 104/1621/20 115/1634/5 103/1629/5
f 124/1635/6 137/1636/15 136/1637/6
f 132/1638/16 143/1639/17 131/1640/17
f 122/1641/18 134/1642/3 121/1643/3
f 129/1644/19 140/1645/20 128/1646/20
f 125/1647/15 138/1648/21 137/1636/15
f 121/1643/3 144/1649/16 132/1638/16
f 123/1650/22 133/1651/18 122/1641/18
f 130/1652/4 141/1653/19 129/1644/19
f 127/1654/5 138/1648/21 126/1655/21
f 124/1656/6 135/1657/22 123/1650/22
f 130/1652/4 143/1639/17 142/1658/4
f 128/1646/20 139/1659/5 127/1654/5
f 149/1660/15 160/1661/6 148/1662/6
f 156/1663/16 167/1664/17 155/1665/17
f 146/1666/18 158/1667/3 145/1668/3
f 153/1669/19 164/1670/20 152/1671/20
f 150/1672/21 161/1673/15 149/1660/15
f 145/1668/3 168/1674/16 156/1663/16
f 147/1675/22 157/1676/18 146/1666/18
f 154/1677/4 165/1678/19 153/1669/19
f 151/1679/5 162/1680/21 150/1672/21
f 148/1681/6 159/1682/22 147/1675/22
f 155/1665/17 166/1683/4 154/1677/4
f 152/1671/20 163/1684/5 151/1679/5
f 173/1685/15 184/1686/6 172/1687/6
f 180/1688/16 191/1689/17 179/1690/17
f 170/1691/18 182/1692/3 169/1693/3
f 177/1694/19 188/1695/20 176/1696/20
f 174/1697/21 185/1698/15 173/1685/15
f 169/1693/3 192/1699/16 180/1688/16
f 170/1691/18 183/1700/22 181/1701/18
f 178/1702/4 189/1703/19 177/1694/19
f 175/1704/5 186/1705/21 174/1697/21
f 172/1706/6 183/1700/22 171/1707/22
f 178/1702/4 191/1689/17 190/1708/4
f 176/1696/20 187/1709/5 175/1704/5
f 224/1710/23 231/1711/24 223/1712/4
f 222/1713/25 229/1714/26 221/1715/5
f 220/1716/27 227/1717/28 219/1718/6
f 218/1719/29 225/1720/30 217/1721/3
f 217/1721/3 232/1722/31 224/1710/23
f 223/1723/4 230/1724/32 222/1713/25
f 221/1715/5 228/1725/33 220/1716/27
f 219/1718/6 226/1726/34 218/1719/29
f 225/1727/30 234/1728/35 233/1729/36
f 225/1727/30 239/1730/37 232/1731/31
f 229/1732/26 236/1733/38 228/1725/33
f 227/1717/28 234/1728/35 226/1726/34
f 230/1734/32 237/1735/39 229/1732/26
f 228/1725/33 235/1736/40 227/1717/28
f 238/1737/41 244/1738/42 237/1735/39
f 235/1736/40 243/1739/43 242/1740/44
f 233/1729/36 241/1741/45 240/1742/46
f 239/1730/37 240/1742/46 246/1743/47
f 237/1735/39 243/1739/43 236/1733/38
f 235/1736/40 241/1741/45 234/1728/35
f 230/1734/32 231/1744/24 238/1737/41
f 238/1737/41 231/1744/24 245/1745/48
f 232/1731/31 239/1730/37 231/1746/24
f 239/1730/37 246/1743/47 231/1746/24
f 254/1747/27 261/1748/49 253/1749/6
f 252/1750/29 259/1751/50 251/1752/3
f 250/1753/23 257/1754/51 249/1755/4
f 248/1756/25 255/1757/52 247/1758/5
f 247/1758/5 262/1759/53 254/1747/27
f 253/1760/6 260/1761/54 252/1750/29
f 251/1752/3 258/1762/55 250/1753/23
f 249/1755/4 256/1763/56 248/1756/25
f 255/1764/52 264/1765/57 263/1766/58
f 255/1764/52 269/1767/59 262/1768/53
f 259/1769/50 266/1770/60 258/1762/55
f 256/1763/56 265/1771/61 264/1765/57
f 259/1769/50 268/1772/62 267/1773/63
f 258/1762/55 265/1771/61 257/1754/51
f 268/1772/62 274/1774/64 267/1773/63
f 265/1771/61 273/1775/65 272/1776/66
f 264/1765/57 270/1777/67 263/1766/58
f 263/1766/58 276/1778/68 269/1767/59
f 267/1773/63 273/1775/65 266/1770/60
f 265/1771/61 271/1779/69 264/1765/57
f 260/1780/54 261/1781/49 268/1772/62
f 268/1772/62 261/1781/49 275/1782/70
f 262/1768/53 269/1767/59 261/1783/49
f 269/1767/59 276/1778/68 261/1783/49
f 272/1776/66 241/1741/45 242/1740/44
f 271/1779/69 242/1740/44 243/1739/43
f 270/1784/67 243/1739/43 244/1785/42
f 276/1786/68 244/1785/42 245/1787/48
f 261/1788/49 245/1787/48 231/1789/24
f 231/1790/24 275/1791/70 261/1792/49
f 274/1793/64 246/1794/47 240/1795/46
f 273/1775/65 240/1795/46 241/1741/45
f 284/1796/23 291/1797/24 283/1798/4
f 282/1799/25 289/1800/26 281/1801/5
f 280/1802/27 287/1803/28 279/1804/6
f 278/1805/29 285/1806/30 277/1807/3
f 277/1807/3 292/1808/31 284/1796/23
f 283/1809/4 290/1810/32 282/1799/25
f 281/1801/5 288/1811/33 280/1802/27
f 279/1804/6 286/1812/34 278/1805/29
f 285/1813/30 294/1814/35 293/1815/36
f 285/1813/30 299/1816/37 292/1817/31
f 288/1811/33 297/1818/39 296/1819/38
f 286/1812/34 295/1820/40 294/1814/35
f 289/1821/26 298/1822/41 297/1818/39
f 287/1803/28 296/1819/38 295/1820/40
f 298/1822/41 304/1823/42 297/1818/39
f 296/1819/38 302/1824/44 295/1820/40
f 294/1814/35 300/1825/46 293/1815/36
f 299/1816/37 300/1825/46 306/1826/47
f 297/1818/39 303/1827/43 296/1819/38
f 295/1820/40 301/1828/45 294/1814/35
f 290/1829/32 291/1830/24 298/1822/41
f 298/1822/41 291/1830/24 305/1831/48
f 292/1817/31 299/1816/37 291/1832/24
f 299/1816/37 306/1826/47 291/1832/24
f 314/1833/27 321/1834/49 313/1835/6
f 312/1836/29 319/1837/50 311/1838/3
f 310/1839/23 317/1840/51 309/1841/4
f 308/1842/25 315/1843/52 307/1844/5
f 307/1844/5 322/1845/53 314/1833/27
f 313/1846/6 320/1847/54 312/1836/29
f 311/1838/3 318/1848/55 310/1839/23
f 309/1841/4 316/1849/56 308/1842/25
f 315/1850/52 324/1851/57 323/1852/58
f 315/1850/52 329/1853/59 322/1854/53
f 319/1855/50 326/1856/71 318/1848/55
f 316/1849/56 325/1857/61 324/1851/57
f 319/1855/50 328/1858/62 327/1859/63
f 318/1848/55 325/1857/61 317/1840/51
f 328/1858/62 334/1860/64 327/1859/63
f 326/1856/71 332/1861/66 325/1857/61
f 323/1852/58 331/1862/69 330/1863/67
f 329/1853/59 330/1863/67 336/1864/68
f 326/1856/71 334/1860/64 333/1865/65
f 325/1857/61 331/1862/69 324/1851/57
f 320/1866/54 321/1867/49 328/1858/62
f 328/1858/62 321/1867/49 335/1868/70
f 322/1854/53 329/1853/59 321/1869/49
f 329/1853/59 336/1864/68 321/1869/49
f 332/1861/66 301/1828/45 302/1824/44
f 303/1827/43 332/1861/66 302/1824/44
f 330/1870/67 303/1827/43 304/1871/42
f 336/1872/68 304/1871/42 305/1873/48
f 321/1874/49 305/1873/48 291/1875/24
f 291/1876/24 335/1877/70 321/1878/49
f 334/1879/64 306/1880/47 300/1881/46
f 333/1865/65 300/1881/46 301/1828/45
f 343/1882/1 350/1883/72 342/1884/72
f 341/1885/5 348/1886/73 340/1887/73
f 339/1888/2 345/1889/74 338/1890/74
f 344/1891/75 351/1892/1 343/1893/1
f 342/1884/72 349/1894/5 341/1885/5
f 340/1887/73 347/1895/2 339/1888/2
f 338/1890/74 346/1896/3 337/1897/3
f 337/1897/3 352/1898/75 344/1891/75
f 412/1899/2 435/1900/11 411/1901/11
f 419/1902/9 442/1903/1 418/1904/1
f 416/1905/10 439/1906/5 415/1907/5
f 413/1908/8 436/1909/2 412/1899/2
f 420/1910/13 443/1911/9 419/1902/9
f 410/1912/7 433/1913/3 409/1914/3
f 417/1915/14 440/1916/10 416/1905/10
f 414/1917/12 437/1918/8 413/1908/8
f 409/1914/3 444/1919/13 420/1910/13
f 411/1901/11 434/1920/7 410/1912/7
f 418/1921/1 441/1922/14 417/1915/14
f 415/1907/5 438/1923/12 414/1917/12
f 445/1924/3 422/1925/7 421/1926/3
f 452/1927/10 429/1928/14 428/1929/10
f 449/1930/8 426/1931/12 425/1932/8
f 456/1933/13 421/1926/3 432/1934/13
f 446/1935/7 423/1936/11 422/1925/7
f 453/1937/14 430/1938/1 429/1928/14
f 450/1939/12 427/1940/5 426/1931/12
f 447/1941/11 424/1942/2 423/1936/11
f 454/1943/1 431/1944/9 430/1945/1
f 451/1946/5 428/1929/10 427/1940/5
f 448/1947/2 425/1932/8 424/1942/2
f 455/1948/9 432/1934/13 431/1944/9
f 458/265/76 411/1901/77 410/1912/76
f 459/297/77 412/1899/40 411/1901/77
f 412/1899/40 461/294/78 413/1908/78
f 461/292/78 414/1917/79 413/1908/78
f 462/288/79 415/1907/27 414/1917/79
f 415/1907/27 464/286/80 416/1905/80
f 464/282/80 417/1915/81 416/1905/80
f 465/279/81 418/1921/49 417/1915/81
f 466/276/49 419/1902/82 418/1904/49
f 467/273/82 420/1910/83 419/1902/82
f 420/1910/83 457/272/29 409/1914/29
f 409/1914/29 458/269/76 410/1912/76
f 433/1913/23 470/1949/84 469/1950/23
f 435/1900/85 470/1951/84 434/1920/84
f 436/1909/61 471/1952/85 435/1900/85
f 436/1909/61 473/1953/86 472/1954/61
f 438/1923/87 473/1955/86 437/1918/86
f 439/1906/25 474/1956/87 438/1923/87
f 439/1906/25 476/1957/88 475/1958/25
f 441/1922/89 476/1959/88 440/1916/88
f 442/1960/24 477/1961/89 441/1922/89
f 443/1911/90 478/1962/24 442/1903/24
f 444/1919/91 479/1963/90 443/1911/90
f 433/1913/23 480/1964/91 444/1919/91
f 490/1423/1 503/316/9 491/277/9
f 487/285/5 500/310/10 488/1424/10
f 484/293/2 497/304/8 485/290/8
f 491/277/9 504/319/13 492/274/13
f 481/268/3 494/300/7 482/1422/7
f 488/1424/10 501/312/14 489/283/14
f 485/290/8 498/306/12 486/1425/12
f 492/274/13 493/321/3 481/268/3
f 482/1422/7 495/299/11 483/266/11
f 489/283/14 502/314/1 490/280/1
f 486/1425/12 499/308/5 487/285/5
f 483/266/11 496/302/2 484/293/2
f 538/1439/1 551/374/9 539/335/9
f 535/343/5 548/368/10 536/1440/10
f 532/351/2 545/362/8 533/348/8
f 539/335/9 552/377/13 540/332/13
f 529/326/3 542/358/7 530/1438/7
f 536/1440/10 549/370/14 537/341/14
f 533/348/8 546/364/12 534/1441/12
f 540/332/13 541/379/3 529/326/3
f 530/1438/7 543/357/11 531/324/11
f 537/341/14 550/372/1 538/338/1
f 534/1441/12 547/366/5 535/343/5
f 531/324/11 544/360/2 532/351/2
f 423/1936/85 554/356/84 422/1925/84
f 424/1942/61 555/359/85 423/1936/85
f 424/1942/61 557/1444/86 556/361/61
f 426/1931/87 557/1445/86 425/1932/86
f 427/1940/25 558/365/87 426/1931/87
f 427/1940/25 560/367/88 559/1447/25
f 429/1928/89 560/369/88 428/1929/88
f 430/1938/24 561/371/89 429/1928/89
f 431/1944/90 562/373/24 430/1945/24
f 432/1934/91 563/376/90 431/1944/90
f 432/1934/91 553/1452/23 564/378/91
f 421/1926/23 554/380/84 553/1453/23
f 518/1965/7 507/1966/11 506/1967/7
f 519/1968/11 508/1969/2 507/1966/11
f 520/1970/2 509/1971/8 508/1969/2
f 521/1972/8 510/1973/12 509/1971/8
f 522/1974/12 511/1975/5 510/1973/12
f 523/1976/5 512/1977/10 511/1975/5
f 524/1978/10 513/1979/14 512/1977/10
f 525/1980/14 514/1981/1 513/1979/14
f 526/1982/1 515/1983/9 514/1984/1
f 527/1985/9 516/1986/13 515/1983/9
f 528/1987/13 505/1988/3 516/1986/13
f 517/1989/3 506/1967/7 505/1988/3
f 446/1935/76 567/1990/77 447/1941/77
f 567/1991/77 448/1947/40 447/1941/77
f 448/1947/40 569/1992/78 449/1930/78
f 569/1993/78 450/1939/79 449/1930/78
f 570/1994/79 451/1946/27 450/1939/79
f 451/1946/27 572/1995/80 452/1927/80
f 572/1996/80 453/1937/81 452/1927/80
f 573/1997/81 454/1998/49 453/1937/81
f 574/1999/49 455/1948/82 454/1943/49
f 575/2000/82 456/1933/83 455/1948/82
f 576/2001/83 445/1924/29 456/1933/83
f 445/1924/29 566/2002/76 446/1935/76
f 616/2003/29 623/2004/75 615/2005/3
f 614/2006/23 621/2007/92 613/2008/4
f 612/2009/25 619/2010/93 611/2011/5
f 610/2012/27 617/2013/94 609/2014/6
f 609/2014/6 624/2015/95 616/2003/29
f 615/2016/3 622/2017/96 614/2006/23
f 613/2008/4 620/2018/97 612/2009/25
f 611/2011/5 618/2019/98 610/2012/27
f 618/2019/98 625/2020/99 617/2021/94
f 617/2021/94 631/2022/100 624/2023/95
f 620/2018/97 629/2024/101 628/2025/102
f 619/2010/93 626/2026/103 618/2019/98
f 621/2027/92 630/2028/104 629/2024/101
f 619/2010/93 628/2025/102 627/2029/73
f 630/2028/104 636/2030/105 629/2024/101
f 627/2029/73 635/2031/106 634/2032/107
f 625/2020/99 633/2033/108 632/2034/109
f 631/2022/100 632/2034/109 638/2035/110
f 629/2024/101 635/2031/106 628/2025/102
f 627/2029/73 633/2033/108 626/2026/103
f 622/2036/96 623/2037/75 630/2028/104
f 630/2028/104 623/2037/75 637/2038/111
f 624/2023/95 631/2022/100 623/2039/75
f 631/2022/100 638/2035/110 623/2039/75
f 646/2040/112 653/2041/72 645/2042/113
f 644/2043/114 651/2044/115 643/2045/116
f 642/2046/117 649/2047/118 641/2048/119
f 640/2049/120 647/2050/121 639/2051/61
f 639/2051/61 654/2052/122 646/2040/112
f 645/2053/113 652/2054/123 644/2043/114
f 643/2045/116 650/2055/124 642/2046/117
f 641/2048/119 648/2056/125 640/2049/120
f 647/2057/121 656/2058/126 655/2059/127
f 647/2057/121 661/2060/128 654/2061/122
f 651/2062/115 658/2063/129 650/2055/124
f 649/2047/118 656/2058/126 648/2056/125
f 651/2062/115 660/2064/130 659/2065/131
f 650/2055/124 657/2066/74 649/2047/118
f 660/2064/130 666/2067/132 659/2065/131
f 657/2066/74 665/2068/133 664/2069/134
f 655/2059/127 663/2070/135 662/2071/136
f 661/2060/128 662/2071/136 668/2072/137
f 659/2065/131 665/2068/133 658/2063/129
f 657/2066/74 663/2070/135 656/2058/126
f 652/2073/123 653/2074/72 660/2064/130
f 660/2064/130 653/2074/72 667/2075/138
f 654/2061/122 661/2060/128 653/2076/72
f 661/2060/128 668/2072/137 653/2076/72
f 664/2069/134 633/2033/108 634/2032/107
f 663/2070/135 634/2032/107 635/2031/106
f 662/2077/136 635/2031/106 636/2078/105
f 668/2079/137 636/2078/105 637/2080/111
f 653/2081/72 637/2080/111 623/2082/75
f 638/2083/110 653/2084/72 623/2085/75
f 666/2086/132 638/2083/110 632/2087/109
f 665/2068/133 632/2087/109 633/2033/108
f 676/2088/29 683/2089/75 675/2090/3
f 674/2091/23 681/2092/92 673/2093/4
f 672/2094/25 679/2095/93 671/2096/5
f 670/2097/27 677/2098/94 669/2099/6
f 669/2099/6 684/2100/95 676/2088/29
f 675/2101/3 682/2102/96 674/2091/23
f 673/2093/4 680/2103/97 672/2094/25
f 671/2096/5 678/2104/98 670/2097/27
f 678/2104/98 685/2105/99 677/2106/94
f 677/2106/94 691/2107/100 684/2108/95
f 681/2109/92 688/2110/102 680/2103/97
f 679/2095/93 686/2111/139 678/2104/98
f 681/2109/92 690/2112/104 689/2113/101
f 680/2103/97 687/2114/73 679/2095/93
f 690/2112/104 696/2115/105 689/2113/101
f 688/2110/102 694/2116/107 687/2114/73
f 685/2105/99 693/2117/108 692/2118/109
f 691/2107/100 692/2118/109 698/2119/110
f 689/2113/101 695/2120/106 688/2110/102
f 687/2114/73 693/2117/108 686/2111/139
f 682/2121/96 683/2122/75 690/2112/104
f 690/2112/104 683/2122/75 697/2123/111
f 684/2108/95 691/2107/100 683/2124/75
f 691/2107/100 698/2119/110 683/2124/75
f 706/2125/112 713/2126/72 705/2127/113
f 704/2128/114 711/2129/115 703/2130/116
f 702/2131/117 709/2132/118 701/2133/119
f 700/2134/120 707/2135/121 699/2136/61
f 699/2136/61 714/2137/122 706/2125/112
f 705/2138/113 712/2139/123 704/2128/114
f 703/2130/116 710/2140/124 702/2131/117
f 701/2133/119 708/2141/125 700/2134/120
f 708/2141/125 715/2142/127 707/2143/121
f 707/2143/121 721/2144/128 714/2145/122
f 711/2146/115 718/2147/129 710/2140/124
f 709/2132/118 716/2148/140 708/2141/125
f 711/2146/115 720/2149/130 719/2150/131
f 709/2132/118 718/2147/129 717/2151/74
f 720/2149/130 726/2152/132 719/2150/131
f 718/2147/129 724/2153/134 717/2151/74
f 715/2142/127 723/2154/135 722/2155/136
f 721/2144/128 722/2155/136 728/2156/137
f 719/2150/131 725/2157/133 718/2147/129
f 716/2148/140 724/2153/134 723/2154/135
f 712/2158/123 713/2159/72 720/2149/130
f 720/2149/130 713/2159/72 727/2160/138
f 714/2145/122 721/2144/128 713/2161/72
f 721/2144/128 728/2156/137 713/2161/72
f 724/2153/134 693/2117/108 694/2116/107
f 723/2154/135 694/2116/107 695/2120/106
f 722/2162/136 695/2120/106 696/2163/105
f 728/2164/137 696/2163/105 697/2165/111
f 713/2166/72 697/2165/111 683/2167/75
f 698/2168/110 713/2169/72 683/2170/75
f 726/2171/132 698/2168/110 692/2172/109
f 725/2157/133 692/2172/109 693/2117/108
f 645/2173/113 735/2174/141 646/2175/112
f 705/2176/113 742/2177/141 706/2178/112
f 642/2046/117 732/2179/49 643/2045/116
f 703/2130/116 738/2180/142 739/2181/49
f 643/2045/116 733/2182/143 644/2043/114
f 703/2130/116 740/2183/143 704/2128/114
f 641/2184/119 729/2185/144 730/2186/145
f 700/2187/120 737/2188/145 701/2189/119
f 644/2043/114 734/2190/146 645/2191/113
f 704/2128/114 741/2192/146 705/2193/113
f 641/2184/119 731/2194/142 642/2046/117
f 701/2189/119 738/2180/142 702/2131/117
f 734/2195/146 749/2196/147 735/2174/141
f 731/2194/142 746/2197/148 732/2179/49
f 739/2181/49 754/2198/149 740/2183/143
f 737/2188/145 750/2199/150 751/2200/151
f 732/2179/49 747/2201/149 733/2182/143
f 741/2192/146 754/2198/149 755/2202/152
f 730/2186/145 743/2203/150 744/2204/151
f 737/2188/145 752/2205/153 738/2180/142
f 734/2190/146 747/2201/149 748/2206/152
f 741/2207/146 756/2208/147 742/2177/141
f 730/2186/145 745/2209/153 731/2194/142
f 739/2181/49 752/2205/153 753/2210/148
f 699/2211/61 736/2212/144 700/2187/120
f 736/2212/144 699/2211/61 750/2199/150
f 706/2178/112 742/2177/141 699/2211/61
f 742/2177/141 756/2208/147 699/2211/61
f 639/2213/61 729/2185/144 640/2214/120
f 729/2185/144 639/2213/61 743/2203/150
f 646/2175/112 735/2174/141 639/2213/61
f 735/2174/141 749/2196/147 639/2213/61
f 752/2205/153 769/2215/1 753/2210/148
f 744/2216/151 761/2217/75 745/2209/153
f 639/2218/61 759/2219/74 743/2220/150
f 753/2210/148 770/2221/72 754/2198/149
f 745/2209/153 762/2222/1 746/2197/148
f 755/2223/152 770/2221/72 771/2224/5
f 746/2197/148 763/2225/72 747/2201/149
f 639/2218/61 765/2226/73 757/2227/2
f 755/2228/152 772/2229/73 756/2230/147
f 748/2231/152 763/2225/72 764/2232/5
f 699/2233/61 766/2234/74 750/2235/150
f 748/2236/152 765/2226/73 749/2237/147
f 751/2238/151 766/2234/74 767/2239/3
f 699/2233/61 772/2229/73 758/2240/2
f 751/2238/151 768/2241/75 752/2205/153
f 744/2216/151 759/2219/74 760/2242/3
f 970/2243/50 988/2244/62 989/2245/63
f 978/2246/50 981/2247/62 982/2248/63
f 968/2249/51 992/2250/57 967/2251/56
f 976/2252/51 985/2253/57 975/2254/56
f 969/2255/55 991/2256/61 968/2249/51
f 977/2257/55 984/2258/61 976/2252/51
f 966/2259/52 994/2260/59 965/2261/53
f 974/2262/52 987/2263/59 973/2264/53
f 974/2262/52 985/2253/57 986/2265/58
f 967/2251/56 993/2266/58 966/2259/52
f 977/2257/55 982/2248/63 983/2267/71
f 969/2255/55 989/2245/63 990/2268/71
f 987/2263/59 1000/2269/67 1001/2270/68
f 983/2267/71 998/2271/66 984/2258/61
f 991/2256/61 1006/2272/69 992/2250/57
f 988/2244/62 1003/2273/64 989/2245/63
f 984/2258/61 999/2274/69 985/2253/57
f 993/2266/58 1006/2272/69 1007/2275/67
f 981/2247/62 996/2276/64 982/2248/63
f 990/2268/71 1003/2273/64 1004/2277/65
f 986/2265/58 999/2274/69 1000/2269/67
f 994/2260/59 1007/2275/67 1008/2278/68
f 983/2267/71 996/2276/64 997/2279/65
f 990/2268/71 1005/2280/66 991/2256/61
f 972/2281/49 988/2244/62 971/2282/54
f 988/2244/62 972/2281/49 1002/2283/70
f 965/2261/53 994/2260/59 972/2284/49
f 994/2260/59 1008/2278/68 972/2284/49
f 980/2285/49 981/2247/62 979/2286/54
f 981/2247/62 980/2285/49 995/2287/70
f 973/2264/53 987/2263/59 980/2288/49
f 987/2263/59 1001/2270/68 980/2288/49
f 1004/2277/65 1021/2289/2 1005/2280/66
f 996/2290/64 1013/2291/74 997/2279/65
f 980/2292/49 1011/2293/75 995/2294/70
f 1005/2280/66 1022/2295/73 1006/2272/69
f 997/2279/65 1014/2296/2 998/2271/66
f 1006/2272/69 1023/2297/5 1007/2298/67
f 998/2271/66 1015/2299/73 999/2274/69
f 1001/2300/68 1009/2301/1 980/2302/49
f 1007/2298/67 1024/2303/72 1008/2304/68
f 999/2274/69 1016/2305/5 1000/2306/67
f 972/2307/49 1018/2308/75 1002/2309/70
f 1000/2306/67 1017/2310/72 1001/2300/68
f 1002/2309/70 1019/2311/3 1003/2312/64
f 1008/2304/68 1010/2313/1 972/2314/49
f 1003/2312/64 1020/2315/74 1004/2277/65
f 995/2294/70 1012/2316/3 996/2290/64
f 977/2257/55 1038/2317/3 978/2318/50
f 970/2319/50 1031/2320/29 971/2321/54
f 978/2318/50 1039/2322/29 979/2323/54
f 971/2321/54 1032/2324/6 972/2325/49
f 972/2326/49 1025/2327/27 965/2328/53
f 979/2323/54 1040/2329/6 980/2330/49
f 980/2331/49 1033/2332/27 973/2333/53
f 965/2328/53 1026/2334/5 966/2335/52
f 973/2333/53 1034/2336/5 974/2337/52
f 966/2335/52 1027/2338/25 967/2251/56
f 974/2337/52 1035/2339/25 975/2254/56
f 967/2251/56 1028/2340/4 968/2249/51
f 975/2254/56 1036/2341/4 976/2252/51
f 968/2249/51 1029/2342/23 969/2255/55
f 976/2252/51 1037/2343/23 977/2257/55
f 969/2255/55 1030/2344/3 970/2319/50
f 1051/2345/6 1044/2346/49 1043/2347/6
f 1049/2348/2 1042/2349/40 1041/2350/2
f 1056/2351/61 1041/2350/2 1048/2352/61
f 1054/2353/24 1047/2354/4 1046/2355/24
f 1052/2356/49 1045/2357/1 1044/2346/49
f 1050/2358/40 1043/2347/6 1042/2349/40
f 1055/2359/4 1048/2352/61 1047/2354/4
f 1053/2360/1 1046/2355/24 1045/2361/1
f 1067/2362/6 1060/2363/49 1059/2364/6
f 1065/2365/2 1058/2366/40 1057/2367/2
f 1072/2368/61 1057/2367/2 1064/2369/61
f 1070/2370/24 1063/2371/4 1062/2372/24
f 1068/2373/49 1061/2374/1 1060/2363/49
f 1066/2375/40 1059/2364/6 1058/2366/40
f 1071/2376/4 1064/2369/61 1063/2371/4
f 1069/2377/1 1062/2372/24 1061/2378/1
f 1083/2379/6 1076/2380/49 1075/2381/6
f 1081/2382/2 1074/2383/40 1073/2384/2
f 1088/2385/61 1073/2384/2 1080/2386/61
f 1086/2387/24 1079/2388/4 1078/2389/24
f 1084/2390/49 1077/2391/1 1076/2380/49
f 1082/2392/40 1075/2381/6 1074/2383/40
f 1087/2393/4 1080/2386/61 1079/2388/4
f 1085/2394/1 1078/2389/24 1077/2395/1
f 1099/2396/6 1092/2397/49 1091/2398/6
f 1097/2399/2 1090/2400/40 1089/2401/2
f 1104/2402/61 1089/2401/2 1096/2403/61
f 1102/2404/24 1095/2405/4 1094/2406/24
f 1100/2407/49 1093/2408/1 1092/2397/49
f 1098/2409/40 1091/2398/6 1090/2400/40
f 1103/2410/4 1096/2403/61 1095/2405/4
f 1101/2411/1 1094/2406/24 1093/2412/1
f 1544/2413/23 1551/2414/24 1543/2415/4
f 1542/2416/25 1549/2417/26 1541/2418/5
f 1540/2419/27 1547/2420/28 1539/2421/6
f 1538/2422/29 1545/2423/30 1537/2424/3
f 1537/2424/3 1552/2425/31 1544/2413/23
f 1543/2426/4 1550/2427/32 1542/2416/25
f 1541/2418/5 1548/2428/33 1540/2419/27
f 1539/2421/6 1546/2429/34 1538/2422/29
f 1545/2430/30 1554/2431/35 1553/2432/36
f 1545/2430/30 1559/2433/37 1552/2434/31
f 1548/2428/33 1557/2435/39 1556/2436/38
f 1547/2420/28 1554/2431/35 1546/2429/34
f 1550/2437/32 1557/2435/39 1549/2438/26
f 1547/2420/28 1556/2436/38 1555/2439/40
f 1558/2440/41 1564/2441/42 1557/2435/39
f 1555/2439/40 1563/2442/43 1562/2443/44
f 1553/2432/36 1561/2444/45 1560/2445/46
f 1559/2433/37 1560/2445/46 1566/2446/47
f 1557/2435/39 1563/2442/43 1556/2436/38
f 1555/2439/40 1561/2444/45 1554/2431/35
f 1550/2437/32 1551/2447/24 1558/2440/41
f 1558/2440/41 1551/2447/24 1565/2448/48
f 1552/2434/31 1559/2433/37 1551/2449/24
f 1559/2433/37 1566/2446/47 1551/2449/24
f 1574/2450/27 1581/2451/49 1573/2452/6
f 1572/2453/29 1579/2454/50 1571/2455/3
f 1570/2456/23 1577/2457/51 1569/2458/4
f 1568/2459/25 1575/2460/52 1567/2461/5
f 1567/2461/5 1582/2462/53 1574/2450/27
f 1573/2463/6 1580/2464/54 1572/2453/29
f 1571/2455/3 1578/2465/55 1570/2456/23
f 1569/2458/4 1576/2466/56 1568/2459/25
f 1575/2467/52 1584/2468/57 1583/2469/58
f 1575/2467/52 1589/2470/59 1582/2471/53
f 1578/2465/55 1587/2472/63 1586/2473/71
f 1577/2457/51 1584/2468/57 1576/2466/56
f 1580/2474/54 1587/2472/63 1579/2475/50
f 1577/2457/51 1586/2473/71 1585/2476/61
f 1588/2477/62 1594/2478/64 1587/2472/63
f 1586/2473/71 1592/2479/66 1585/2476/61
f 1583/2469/58 1591/2480/69 1590/2481/67
f 1589/2470/59 1590/2481/67 1596/2482/68
f 1587/2472/63 1593/2483/65 1586/2473/71
f 1585/2476/61 1591/2480/69 1584/2468/57
f 1580/2474/54 1581/2484/49 1588/2477/62
f 1588/2477/62 1581/2484/49 1595/2485/70
f 1582/2471/53 1589/2470/59 1581/2486/49
f 1589/2470/59 1596/2482/68 1581/2486/49
f 1592/2479/66 1561/2444/45 1562/2443/44
f 1591/2480/69 1562/2443/44 1563/2442/43
f 1590/2487/67 1563/2442/43 1564/2488/42
f 1596/2489/68 1564/2488/42 1565/2490/48
f 1581/2491/49 1565/2490/48 1551/2492/24
f 1551/2493/24 1595/2494/70 1581/2495/49
f 1594/2496/64 1566/2497/47 1560/2498/46
f 1593/2483/65 1560/2498/46 1561/2444/45
f 1604/2499/23 1611/2500/24 1603/2501/4
f 1602/2502/25 1609/2503/26 1601/2504/5
f 1600/2505/27 1607/2506/28 1599/2507/6
f 1598/2508/29 1605/2509/30 1597/2510/3
f 1597/2510/3 1612/2511/31 1604/2499/23
f 1603/2512/4 1610/2513/32 1602/2502/25
f 1601/2504/5 1608/2514/33 1600/2505/27
f 1599/2507/6 1606/2515/34 1598/2508/29
f 1605/2516/30 1614/2517/35 1613/2518/36
f 1605/2516/30 1619/2519/37 1612/2520/31
f 1608/2514/33 1617/2521/39 1616/2522/38
f 1607/2506/28 1614/2517/35 1606/2515/34
f 1610/2523/32 1617/2521/39 1609/2524/26
f 1607/2506/28 1616/2522/38 1615/2525/40
f 1618/2526/41 1624/2527/42 1617/2521/39
f 1615/2525/40 1623/2528/43 1622/2529/44
f 1613/2518/36 1621/2530/45 1620/2531/46
f 1619/2519/37 1620/2531/46 1626/2532/47
f 1617/2521/39 1623/2528/43 1616/2522/38
f 1615/2525/40 1621/2530/45 1614/2517/35
f 1610/2523/32 1611/2533/24 1618/2526/41
f 1618/2526/41 1611/2533/24 1625/2534/48
f 1612/2520/31 1619/2519/37 1611/2535/24
f 1619/2519/37 1626/2532/47 1611/2535/24
f 1634/2536/27 1641/2537/49 1633/2538/6
f 1632/2539/29 1639/2540/50 1631/2541/3
f 1630/2542/23 1637/2543/51 1629/2544/4
f 1628/2545/25 1635/2546/52 1627/2547/5
f 1627/2547/5 1642/2548/53 1634/2536/27
f 1633/2549/6 1640/2550/54 1632/2539/29
f 1631/2541/3 1638/2551/55 1630/2542/23
f 1629/2544/4 1636/2552/56 1628/2545/25
f 1635/2553/52 1644/2554/57 1643/2555/58
f 1635/2553/52 1649/2556/59 1642/2557/53
f 1638/2551/55 1647/2558/63 1646/2559/71
f 1636/2552/56 1645/2560/61 1644/2554/57
f 1639/2561/50 1648/2562/62 1647/2558/63
f 1638/2551/55 1645/2560/61 1637/2543/51
f 1648/2562/62 1654/2563/64 1647/2558/63
f 1645/2560/61 1653/2564/65 1652/2565/66
f 1643/2555/58 1651/2566/69 1650/2567/67
f 1649/2556/59 1650/2567/67 1656/2568/68
f 1647/2558/63 1653/2564/65 1646/2559/71
f 1645/2560/61 1651/2566/69 1644/2554/57
f 1640/2569/54 1641/2570/49 1648/2562/62
f 1648/2562/62 1641/2570/49 1655/2571/70
f 1642/2557/53 1649/2556/59 1641/2572/49
f 1649/2556/59 1656/2568/68 1641/2572/49
f 1652/2565/66 1621/2530/45 1622/2529/44
f 1623/2528/43 1652/2565/66 1622/2529/44
f 1650/2573/67 1623/2528/43 1624/2574/42
f 1656/2575/68 1624/2574/42 1625/2576/48
f 1641/2577/49 1625/2576/48 1611/2578/24
f 1626/2579/47 1641/2580/49 1611/2581/24
f 1654/2582/64 1626/2579/47 1620/2583/46
f 1653/2564/65 1620/2583/46 1621/2530/45
f 1664/2584/23 1671/2585/24 1663/2586/4
f 1662/2587/25 1669/2588/26 1661/2589/5
f 1660/2590/27 1667/2591/28 1659/2592/6
f 1658/2593/29 1665/2594/30 1657/2595/3
f 1657/2595/3 1672/2596/31 1664/2584/23
f 1663/2597/4 1670/2598/32 1662/2587/25
f 1661/2589/5 1668/2599/33 1660/2590/27
f 1659/2592/6 1666/2600/34 1658/2593/29
f 1665/2601/30 1674/2602/35 1673/2603/36
f 1665/2601/30 1679/2604/37 1672/2605/31
f 1668/2599/33 1677/2606/39 1676/2607/38
f 1667/2591/28 1674/2602/35 1666/2600/34
f 1669/2608/26 1678/2609/41 1677/2606/39
f 1668/2599/33 1675/2610/40 1667/2591/28
f 1678/2609/41 1684/2611/42 1677/2606/39
f 1675/2610/40 1683/2612/43 1682/2613/44
f 1673/2603/36 1681/2614/45 1680/2615/46
f 1679/2604/37 1680/2615/46 1686/2616/47
f 1677/2606/39 1683/2612/43 1676/2607/38
f 1675/2610/40 1681/2614/45 1674/2602/35
f 1670/2617/32 1671/2618/24 1678/2609/41
f 1678/2609/41 1671/2618/24 1685/2619/48
f 1672/2605/31 1679/2604/37 1671/2620/24
f 1679/2604/37 1686/2616/47 1671/2620/24
f 1694/2621/27 1701/2622/49 1693/2623/6
f 1692/2624/29 1699/2625/50 1691/2626/3
f 1690/2627/23 1697/2628/51 1689/2629/4
f 1688/2630/25 1695/2631/52 1687/2632/5
f 1687/2632/5 1702/2633/53 1694/2621/27
f 1693/2634/6 1700/2635/54 1692/2624/29
f 1691/2626/3 1698/2636/55 1690/2627/23
f 1689/2629/4 1696/2637/56 1688/2630/25
f 1695/2638/52 1704/2639/57 1703/2640/58
f 1695/2638/52 1709/2641/59 1702/2642/53
f 1699/2643/50 1706/2644/154 1698/2636/55
f 1697/2628/51 1704/2639/57 1696/2637/56
f 1700/2645/54 1707/2646/63 1699/2643/50
f 1697/2628/51 1706/2644/154 1705/2647/61
f 1708/2648/62 1714/2649/64 1707/2646/63
f 1705/2647/61 1713/2650/65 1712/2651/66
f 1704/2639/57 1710/2652/67 1703/2640/58
f 1709/2641/59 1710/2652/67 1716/2653/68
f 1707/2646/63 1713/2650/65 1706/2644/154
f 1705/2647/61 1711/2654/69 1704/2639/57
f 1700/2645/54 1701/2655/49 1708/2648/62
f 1708/2648/62 1701/2655/49 1715/2656/70
f 1702/2642/53 1709/2641/59 1701/2657/49
f 1709/2641/59 1716/2653/68 1701/2657/49
f 1712/2651/66 1681/2614/45 1682/2613/44
f 1711/2654/69 1682/2613/44 1683/2612/43
f 1710/2658/67 1683/2612/43 1684/2659/42
f 1716/2660/68 1684/2659/42 1685/2661/48
f 1701/2662/49 1685/2661/48 1671/2663/24
f 1671/2664/24 1715/2665/70 1701/2666/49
f 1714/2667/64 1686/2668/47 1680/2669/46
f 1713/2650/65 1680/2669/46 1681/2614/45
f 1724/2670/23 1731/2671/24 1723/2672/4
f 1722/2673/25 1729/2674/26 1721/2675/5
f 1720/2676/27 1727/2677/28 1719/2678/6
f 1718/2679/29 1725/2680/30 1717/2681/3
f 1717/2681/3 1732/2682/31 1724/2670/23
f 1723/2683/4 1730/2684/32 1722/2673/25
f 1721/2675/5 1728/2685/33 1720/2676/27
f 1719/2678/6 1726/2686/34 1718/2679/29
f 1726/2686/34 1733/2687/36 1725/2688/30
f 1725/2688/30 1739/2689/37 1732/2690/31
f 1729/2691/26 1736/2692/38 1728/2685/33
f 1727/2677/28 1734/2693/35 1726/2686/34
f 1729/2691/26 1738/2694/41 1737/2695/39
f 1727/2677/28 1736/2692/38 1735/2696/40
f 1738/2694/41 1744/2697/42 1737/2695/39
f 1735/2696/40 1743/2698/43 1742/2699/44
f 1733/2687/36 1741/2700/45 1740/2701/46
f 1739/2689/37 1740/2701/46 1746/2702/47
f 1737/2695/39 1743/2698/43 1736/2692/38
f 1735/2696/40 1741/2700/45 1734/2693/35
f 1730/2703/32 1731/2704/24 1738/2694/41
f 1738/2694/41 1731/2704/24 1745/2705/48
f 1732/2690/31 1739/2689/37 1731/2706/24
f 1739/2689/37 1746/2702/47 1731/2706/24
f 1754/2707/27 1761/2708/49 1753/2709/6
f 1752/2710/29 1759/2711/50 1751/2712/3
f 1750/2713/23 1757/2714/51 1749/2715/4
f 1748/2716/25 1755/2717/52 1747/2718/5
f 1747/2718/5 1762/2719/53 1754/2707/27
f 1753/2720/6 1760/2721/54 1752/2710/29
f 1751/2712/3 1758/2722/55 1750/2713/23
f 1749/2715/4 1756/2723/56 1748/2716/25
f 1755/2724/52 1764/2725/57 1763/2726/58
f 1762/2727/53 1763/2726/58 1769/2728/59
f 1759/2729/50 1766/2730/71 1758/2722/55
f 1757/2714/51 1764/2725/57 1756/2723/56
f 1759/2729/50 1768/2731/62 1767/2732/63
f 1758/2722/55 1765/2733/61 1757/2714/51
f 1768/2731/62 1774/2734/64 1767/2732/63
f 1766/2730/71 1772/2735/66 1765/2733/61
f 1763/2726/58 1771/2736/69 1770/2737/67
f 1769/2728/59 1770/2737/67 1776/2738/68
f 1767/2732/63 1773/2739/65 1766/2730/71
f 1764/2725/57 1772/2735/66 1771/2736/69
f 1760/2740/54 1761/2741/49 1768/2731/62
f 1768/2731/62 1761/2741/49 1775/2742/70
f 1762/2727/53 1769/2728/59 1761/2743/49
f 1769/2728/59 1776/2738/68 1761/2743/49
f 1772/2735/66 1741/2700/45 1742/2699/44
f 1771/2736/69 1742/2699/44 1743/2698/43
f 1770/2744/67 1743/2698/43 1744/2745/42
f 1776/2746/68 1744/2745/42 1745/2747/48
f 1761/2748/49 1745/2747/48 1731/2749/24
f 1746/2750/47 1761/2751/49 1731/2752/24
f 1774/2753/64 1746/2750/47 1740/2754/46
f 1773/2739/65 1740/2754/46 1741/2700/45
f 1792/2755/23 1799/2756/24 1791/2757/4
f 1790/2758/25 1797/2759/26 1789/2760/5
f 1788/2761/27 1795/2762/28 1787/2763/6
f 1786/2764/29 1793/2765/30 1785/2766/3
f 1785/2766/3 1800/2767/31 1792/2755/23
f 1791/2768/4 1798/2769/32 1790/2758/25
f 1789/2760/5 1796/2770/33 1788/2761/27
f 1787/2763/6 1794/2771/34 1786/2764/29
f 1793/2772/30 1802/2773/35 1801/2774/36
f 1793/2772/30 1807/2775/37 1800/2776/31
f 1796/2770/33 1805/2777/39 1804/2778/38
f 1795/2762/28 1802/2773/35 1794/2771/34
f 1797/2779/26 1806/2780/41 1805/2777/39
f 1796/2770/33 1803/2781/40 1795/2762/28
f 1806/2780/41 1812/2782/42 1805/2777/39
f 1803/2781/40 1811/2783/43 1810/2784/44
f 1801/2774/36 1809/2785/45 1808/2786/46
f 1807/2775/37 1808/2786/46 1814/2787/47
f 1805/2777/39 1811/2783/43 1804/2778/38
f 1803/2781/40 1809/2785/45 1802/2773/35
f 1798/2788/32 1799/2789/24 1806/2780/41
f 1806/2780/41 1799/2789/24 1813/2790/48
f 1800/2776/31 1807/2775/37 1799/2791/24
f 1807/2775/37 1814/2787/47 1799/2791/24
f 1822/2792/27 1829/2793/49 1821/2794/6
f 1820/2795/29 1827/2796/50 1819/2797/3
f 1818/2798/23 1825/2799/51 1817/2800/4
f 1816/2801/25 1823/2802/52 1815/2803/5
f 1815/2803/5 1830/2804/53 1822/2792/27
f 1821/2805/6 1828/2806/54 1820/2795/29
f 1819/2797/3 1826/2807/55 1818/2798/23
f 1817/2800/4 1824/2808/56 1816/2801/25
f 1823/2809/52 1832/2810/57 1831/2811/58
f 1823/2809/52 1837/2812/59 1830/2813/53
f 1827/2814/50 1834/2815/60 1826/2807/55
f 1824/2808/56 1833/2816/61 1832/2810/57
f 1827/2814/50 1836/2817/62 1835/2818/63
f 1826/2807/55 1833/2816/61 1825/2799/51
f 1836/2817/62 1842/2819/64 1835/2818/63
f 1833/2816/61 1841/2820/65 1840/2821/66
f 1831/2811/58 1839/2822/69 1838/2823/67
f 1837/2812/59 1838/2823/67 1844/2824/68
f 1835/2818/63 1841/2820/65 1834/2815/60
f 1833/2816/61 1839/2822/69 1832/2810/57
f 1828/2825/54 1829/2826/49 1836/2817/62
f 1836/2817/62 1829/2826/49 1843/2827/70
f 1830/2813/53 1837/2812/59 1829/2828/49
f 1837/2812/59 1844/2824/68 1829/2828/49
f 1840/2821/66 1809/2785/45 1810/2784/44
f 1839/2822/69 1810/2784/44 1811/2783/43
f 1838/2829/67 1811/2783/43 1812/2830/42
f 1844/2831/68 1812/2830/42 1813/2832/48
f 1829/2833/49 1813/2832/48 1799/2834/24
f 1799/2835/24 1843/2836/70 1829/2837/49
f 1842/2838/64 1814/2839/47 1808/2840/46
f 1841/2820/65 1808/2840/46 1809/2785/45
f 1852/2841/23 1859/2842/24 1851/2843/4
f 1850/2844/25 1857/2845/26 1849/2846/5
f 1848/2847/27 1855/2848/28 1847/2849/6
f 1846/2850/29 1853/2851/30 1845/2852/3
f 1845/2852/3 1860/2853/31 1852/2841/23
f 1851/2854/4 1858/2855/32 1850/2844/25
f 1849/2846/5 1856/2856/33 1848/2847/27
f 1847/2849/6 1854/2857/34 1846/2850/29
f 1854/2857/34 1861/2858/36 1853/2859/30
f 1860/2860/31 1861/2858/36 1867/2861/37
f 1856/2856/33 1865/2862/39 1864/2863/38
f 1855/2848/28 1862/2864/35 1854/2857/34
f 1857/2865/26 1866/2866/41 1865/2862/39
f 1856/2856/33 1863/2867/40 1855/2848/28
f 1866/2866/41 1872/2868/42 1865/2862/39
f 1864/2863/38 1870/2869/44 1863/2867/40
f 1861/2858/36 1869/2870/45 1868/2871/46
f 1867/2861/37 1868/2871/46 1874/2872/47
f 1865/2862/39 1871/2873/43 1864/2863/38
f 1863/2867/40 1869/2870/45 1862/2864/35
f 1858/2874/32 1859/2875/24 1866/2866/41
f 1866/2866/41 1859/2875/24 1873/2876/48
f 1860/2860/31 1867/2861/37 1859/2877/24
f 1867/2861/37 1874/2872/47 1859/2877/24
f 1882/2878/27 1889/2879/49 1881/2880/6
f 1880/2881/29 1887/2882/50 1879/2883/3
f 1878/2884/23 1885/2885/51 1877/2886/4
f 1876/2887/25 1883/2888/52 1875/2889/5
f 1875/2889/5 1890/2890/53 1882/2878/27
f 1881/2891/6 1888/2892/54 1880/2881/29
f 1879/2883/3 1886/2893/55 1878/2884/23
f 1877/2886/4 1884/2894/56 1876/2887/25
f 1883/2895/52 1892/2896/57 1891/2897/58
f 1883/2895/52 1897/2898/59 1890/2899/53
f 1886/2893/55 1895/2900/63 1894/2901/71
f 1884/2894/56 1893/2902/61 1892/2896/57
f 1887/2903/50 1896/2904/62 1895/2900/63
f 1885/2885/51 1894/2901/71 1893/2902/61
f 1896/2904/62 1902/2905/64 1895/2900/63
f 1894/2901/71 1900/2906/66 1893/2902/61
f 1891/2897/58 1899/2907/69 1898/2908/67
f 1891/2897/58 1904/2909/68 1897/2898/59
f 1895/2900/63 1901/2910/65 1894/2901/71
f 1893/2902/61 1899/2907/69 1892/2896/57
f 1888/2911/54 1889/2912/49 1896/2904/62
f 1896/2904/62 1889/2912/49 1903/2913/70
f 1890/2899/53 1897/2898/59 1889/2914/49
f 1897/2898/59 1904/2909/68 1889/2914/49
f 1900/2906/66 1869/2870/45 1870/2869/44
f 1899/2907/69 1870/2869/44 1871/2873/43
f 1898/2915/67 1871/2873/43 1872/2916/42
f 1904/2917/68 1872/2916/42 1873/2918/48
f 1889/2919/49 1873/2918/48 1859/2920/24
f 1874/2921/47 1889/2922/49 1859/2923/24
f 1902/2924/64 1874/2921/47 1868/2925/46
f 1901/2910/65 1868/2925/46 1869/2870/45
f 1911/2926/1 1918/2927/72 1910/2928/72
f 1909/2929/5 1916/2930/73 1908/2931/73
f 1907/2932/2 1913/2933/74 1906/2934/74
f 1912/2935/75 1919/2936/1 1911/2937/1
f 1910/2928/72 1917/2938/5 1909/2929/5
f 1908/2931/73 1915/2939/2 1907/2932/2
f 1906/2934/74 1914/2940/3 1905/2941/3
f 1905/2941/3 1920/2942/75 1912/2935/75
f 1927/2943/1 1934/2944/72 1926/2945/72
f 1925/2946/5 1932/2947/73 1924/2948/73
f 1923/2949/2 1929/2950/74 1922/2951/74
f 1928/2952/75 1935/2953/1 1927/2954/1
f 1926/2945/72 1933/2955/5 1925/2946/5
f 1924/2948/73 1931/2956/2 1923/2949/2
f 1922/2951/74 1930/2957/3 1921/2958/3
f 1921/2958/3 1936/2959/75 1928/2952/75
f 101/1610/15 113/1623/15 112/1611/6
f 108/1613/16 120/1624/16 119/1614/17
f 98/1616/18 109/1626/18 110/1617/3
f 105/1619/19 117/1628/19 116/1620/20
f 102/1622/21 114/1630/21 113/1623/15
f 97/1618/3 110/1617/3 120/1624/16
f 99/1625/22 111/1632/22 109/1626/18
f 106/1627/4 118/1633/4 117/1628/19
f 103/1629/5 115/1634/5 114/1630/21
f 100/1631/6 112/2960/6 111/1632/22
f 107/1615/17 119/1614/17 118/1633/4
f 104/1621/20 116/1620/20 115/1634/5
f 124/1635/6 125/1647/15 137/1636/15
f 132/1638/16 144/1649/16 143/1639/17
f 122/1641/18 133/1651/18 134/1642/3
f 129/1644/19 141/1653/19 140/1645/20
f 125/1647/15 126/1655/21 138/1648/21
f 121/1643/3 134/1642/3 144/1649/16
f 123/1650/22 135/1657/22 133/1651/18
f 130/1652/4 142/1658/4 141/1653/19
f 127/1654/5 139/1659/5 138/1648/21
f 124/1656/6 136/2961/6 135/1657/22
f 130/1652/4 131/1640/17 143/1639/17
f 128/1646/20 140/1645/20 139/1659/5
f 149/1660/15 161/1673/15 160/1661/6
f 156/1663/16 168/1674/16 167/1664/17
f 146/1666/18 157/1676/18 158/1667/3
f 153/1669/19 165/1678/19 164/1670/20
f 150/1672/21 162/1680/21 161/1673/15
f 145/1668/3 158/1667/3 168/1674/16
f 147/1675/22 159/1682/22 157/1676/18
f 154/1677/4 166/1683/4 165/1678/19
f 151/1679/5 163/1684/5 162/1680/21
f 148/1681/6 160/2962/6 159/1682/22
f 155/1665/17 167/1664/17 166/1683/4
f 152/1671/20 164/1670/20 163/1684/5
f 173/1685/15 185/1698/15 184/1686/6
f 180/1688/16 192/1699/16 191/1689/17
f 170/1691/18 181/1701/18 182/1692/3
f 177/1694/19 189/1703/19 188/1695/20
f 174/1697/21 186/1705/21 185/1698/15
f 169/1693/3 182/1692/3 192/1699/16
f 170/1691/18 171/1707/22 183/1700/22
f 178/1702/4 190/1708/4 189/1703/19
f 175/1704/5 187/1709/5 186/1705/21
f 172/1706/6 184/2963/6 183/1700/22
f 178/1702/4 179/1690/17 191/1689/17
f 176/1696/20 188/1695/20 187/1709/5
f 224/1710/23 232/1722/31 231/1711/24
f 222/1713/25 230/1724/32 229/1714/26
f 220/1716/27 228/1725/33 227/1717/28
f 218/1719/29 226/1726/34 225/1720/30
f 217/1721/3 225/1720/30 232/1722/31
f 223/1723/4 231/2964/24 230/1724/32
f 221/1715/5 229/1714/26 228/1725/33
f 219/1718/6 227/1717/28 226/1726/34
f 225/1727/30 226/1726/34 234/1728/35
f 225/1727/30 233/1729/36 239/1730/37
f 229/1732/26 237/1735/39 236/1733/38
f 227/1717/28 235/1736/40 234/1728/35
f 230/1734/32 238/1737/41 237/1735/39
f 228/1725/33 236/1733/38 235/1736/40
f 238/1737/41 245/1745/48 244/1738/42
f 235/1736/40 236/1733/38 243/1739/43
f 233/1729/36 234/1728/35 241/1741/45
f 239/1730/37 233/1729/36 240/1742/46
f 237/1735/39 244/1738/42 243/1739/43
f 235/1736/40 242/1740/44 241/1741/45
f 254/1747/27 262/1759/53 261/1748/49
f 252/1750/29 260/1761/54 259/1751/50
f 250/1753/23 258/1762/55 257/1754/51
f 248/1756/25 256/1763/56 255/1757/52
f 247/1758/5 255/1757/52 262/1759/53
f 253/1760/6 261/2965/49 260/1761/54
f 251/1752/3 259/1751/50 258/1762/55
f 249/1755/4 257/1754/51 256/1763/56
f 255/1764/52 256/1763/56 264/1765/57
f 255/1764/52 263/1766/58 269/1767/59
f 259/1769/50 267/1773/63 266/1770/60
f 256/1763/56 257/1754/51 265/1771/61
f 259/1769/50 260/1780/54 268/1772/62
f 258/1762/55 266/1770/60 265/1771/61
f 268/1772/62 275/1782/70 274/1774/64
f 265/1771/61 266/1770/60 273/1775/65
f 264/1765/57 271/1779/69 270/1777/67
f 263/1766/58 270/1777/67 276/1778/68
f 267/1773/63 274/1774/64 273/1775/65
f 265/1771/61 272/1776/66 271/1779/69
f 272/1776/66 273/1775/65 241/1741/45
f 271/1779/69 272/1776/66 242/1740/44
f 270/1784/67 271/1779/69 243/1739/43
f 276/1786/68 270/1784/67 244/1785/42
f 261/1788/49 276/1786/68 245/1787/48
f 231/1790/24 246/1794/47 275/1791/70
f 274/1793/64 275/1791/70 246/1794/47
f 273/1775/65 274/1793/64 240/1795/46
f 284/1796/23 292/1808/31 291/1797/24
f 282/1799/25 290/1810/32 289/1800/26
f 280/1802/27 288/1811/33 287/1803/28
f 278/1805/29 286/1812/34 285/1806/30
f 277/1807/3 285/1806/30 292/1808/31
f 283/1809/4 291/2966/24 290/1810/32
f 281/1801/5 289/1800/26 288/1811/33
f 279/1804/6 287/1803/28 286/1812/34
f 285/1813/30 286/1812/34 294/1814/35
f 285/1813/30 293/1815/36 299/1816/37
f 288/1811/33 289/1821/26 297/1818/39
f 286/1812/34 287/1803/28 295/1820/40
f 289/1821/26 290/1829/32 298/1822/41
f 287/1803/28 288/1811/33 296/1819/38
f 298/1822/41 305/1831/48 304/1823/42
f 296/1819/38 303/1827/43 302/1824/44
f 294/1814/35 301/1828/45 300/1825/46
f 299/1816/37 293/1815/36 300/1825/46
f 297/1818/39 304/1823/42 303/1827/43
f 295/1820/40 302/1824/44 301/1828/45
f 314/1833/27 322/1845/53 321/1834/49
f 312/1836/29 320/1847/54 319/1837/50
f 310/1839/23 318/1848/55 317/1840/51
f 308/1842/25 316/1849/56 315/1843/52
f 307/1844/5 315/1843/52 322/1845/53
f 313/1846/6 321/2967/49 320/1847/54
f 311/1838/3 319/1837/50 318/1848/55
f 309/1841/4 317/1840/51 316/1849/56
f 315/1850/52 316/1849/56 324/1851/57
f 315/1850/52 323/1852/58 329/1853/59
f 319/1855/50 327/1859/63 326/1856/71
f 316/1849/56 317/1840/51 325/1857/61
f 319/1855/50 320/1866/54 328/1858/62
f 318/1848/55 326/1856/71 325/1857/61
f 328/1858/62 335/1868/70 334/1860/64
f 326/1856/71 333/1865/65 332/1861/66
f 323/1852/58 324/1851/57 331/1862/69
f 329/1853/59 323/1852/58 330/1863/67
f 326/1856/71 327/1859/63 334/1860/64
f 325/1857/61 332/1861/66 331/1862/69
f 332/1861/66 333/1865/65 301/1828/45
f 303/1827/43 331/1862/69 332/1861/66
f 330/1870/67 331/1862/69 303/1827/43
f 336/1872/68 330/1870/67 304/1871/42
f 321/1874/49 336/1872/68 305/1873/48
f 291/1876/24 306/1880/47 335/1877/70
f 334/1879/64 335/1877/70 306/1880/47
f 333/1865/65 334/1879/64 300/1881/46
f 343/1882/1 351/2968/1 350/1883/72
f 341/1885/5 349/1894/5 348/1886/73
f 339/1888/2 347/1895/2 345/1889/74
f 344/1891/75 352/1898/75 351/1892/1
f 342/1884/72 350/1883/72 349/1894/5
f 340/1887/73 348/1886/73 347/1895/2
f 338/1890/74 345/1889/74 346/1896/3
f 337/1897/3 346/1896/3 352/1898/75
f 412/1899/2 436/1909/2 435/1900/11
f 419/1902/9 443/1911/9 442/1903/1
f 416/1905/10 440/1916/10 439/1906/5
f 413/1908/8 437/1918/8 436/1909/2
f 420/1910/13 444/1919/13 443/1911/9
f 410/1912/7 434/1920/7 433/1913/3
f 417/1915/14 441/1922/14 440/1916/10
f 414/1917/12 438/1923/12 437/1918/8
f 409/1914/3 433/1913/3 444/1919/13
f 411/1901/11 435/1900/11 434/1920/7
f 418/1921/1 442/1960/1 441/1922/14
f 415/1907/5 439/1906/5 438/1923/12
f 445/1924/3 446/1935/7 422/1925/7
f 452/1927/10 453/1937/14 429/1928/14
f 449/1930/8 450/1939/12 426/1931/12
f 456/1933/13 445/1924/3 421/1926/3
f 446/1935/7 447/1941/11 423/1936/11
f 453/1937/14 454/1998/1 430/1938/1
f 450/1939/12 451/1946/5 427/1940/5
f 447/1941/11 448/1947/2 424/1942/2
f 454/1943/1 455/1948/9 431/1944/9
f 451/1946/5 452/1927/10 428/1929/10
f 448/1947/2 449/1930/8 425/1932/8
f 455/1948/9 456/1933/13 432/1934/13
f 458/265/76 459/267/77 411/1901/77
f 459/297/77 460/296/40 412/1899/40
f 412/1899/40 460/295/40 461/294/78
f 461/292/78 462/291/79 414/1917/79
f 462/288/79 463/289/27 415/1907/27
f 415/1907/27 463/287/27 464/286/80
f 464/282/80 465/284/81 417/1915/81
f 465/279/81 466/281/49 418/1921/49
f 466/276/49 467/278/82 419/1902/82
f 467/273/82 468/275/83 420/1910/83
f 420/1910/83 468/271/83 457/272/29
f 409/1914/29 457/270/29 458/269/76
f 433/1913/23 434/1920/84 470/1949/84
f 435/1900/85 471/2969/85 470/1951/84
f 436/1909/61 472/2970/61 471/1952/85
f 436/1909/61 437/1918/86 473/1953/86
f 438/1923/87 474/2971/87 473/1955/86
f 439/1906/25 475/2972/25 474/1956/87
f 439/1906/25 440/1916/88 476/1957/88
f 441/1922/89 477/2973/89 476/1959/88
f 442/1960/24 478/2974/24 477/1961/89
f 443/1911/90 479/2975/90 478/1962/24
f 444/1919/91 480/2976/91 479/1963/90
f 433/1913/23 469/2977/23 480/1964/91
f 490/1423/1 502/317/1 503/316/9
f 487/285/5 499/308/5 500/310/10
f 484/293/2 496/302/2 497/304/8
f 491/277/9 503/316/9 504/319/13
f 481/268/3 493/321/3 494/300/7
f 488/1424/10 500/310/10 501/312/14
f 485/290/8 497/304/8 498/306/12
f 492/274/13 504/319/13 493/321/3
f 482/1422/7 494/300/7 495/299/11
f 489/283/14 501/312/14 502/314/1
f 486/1425/12 498/306/12 499/308/5
f 483/266/11 495/299/11 496/302/2
f 538/1439/1 550/375/1 551/374/9
f 535/343/5 547/366/5 548/368/10
f 532/351/2 544/360/2 545/362/8
f 539/335/9 551/374/9 552/377/13
f 529/326/3 541/379/3 542/358/7
f 536/1440/10 548/368/10 549/370/14
f 533/348/8 545/362/8 546/364/12
f 540/332/13 552/377/13 541/379/3
f 530/1438/7 542/358/7 543/357/11
f 537/341/14 549/370/14 550/372/1
f 534/1441/12 546/364/12 547/366/5
f 531/324/11 543/357/11 544/360/2
f 423/1936/85 555/1442/85 554/356/84
f 424/1942/61 556/1443/61 555/359/85
f 424/1942/61 425/1932/86 557/1444/86
f 426/1931/87 558/363/87 557/1445/86
f 427/1940/25 559/1446/25 558/365/87
f 427/1940/25 428/1929/88 560/367/88
f 429/1928/89 561/1448/89 560/369/88
f 430/1938/24 562/1449/24 561/371/89
f 431/1944/90 563/1450/90 562/373/24
f 432/1934/91 564/1451/91 563/376/90
f 432/1934/91 421/1926/23 553/1452/23
f 421/1926/23 422/1925/84 554/380/84
f 518/1965/7 519/1968/11 507/1966/11
f 519/1968/11 520/1970/2 508/1969/2
f 520/1970/2 521/1972/8 509/1971/8
f 521/1972/8 522/1974/12 510/1973/12
f 522/1974/12 523/1976/5 511/1975/5
f 523/1976/5 524/1978/10 512/1977/10
f 524/1978/10 525/1980/14 513/1979/14
f 525/1980/14 526/2978/1 514/1981/1
f 526/1982/1 527/1985/9 515/1983/9
f 527/1985/9 528/1987/13 516/1986/13
f 528/1987/13 517/1989/3 505/1988/3
f 517/1989/3 518/1965/7 506/1967/7
f 446/1935/76 566/2979/76 567/1990/77
f 567/1991/77 568/2980/40 448/1947/40
f 448/1947/40 568/2981/40 569/1992/78
f 569/1993/78 570/2982/79 450/1939/79
f 570/1994/79 571/2983/27 451/1946/27
f 451/1946/27 571/2984/27 572/1995/80
f 572/1996/80 573/2985/81 453/1937/81
f 573/1997/81 574/2986/49 454/1998/49
f 574/1999/49 575/2987/82 455/1948/82
f 575/2000/82 576/2988/83 456/1933/83
f 576/2001/83 565/2989/29 445/1924/29
f 445/1924/29 565/2990/29 566/2002/76
f 616/2003/29 624/2015/95 623/2004/75
f 614/2006/23 622/2017/96 621/2007/92
f 612/2009/25 620/2018/97 619/2010/93
f 610/2012/27 618/2019/98 617/2013/94
f 609/2014/6 617/2013/94 624/2015/95
f 615/2016/3 623/2991/75 622/2017/96
f 613/2008/4 621/2007/92 620/2018/97
f 611/2011/5 619/2010/93 618/2019/98
f 618/2019/98 626/2026/103 625/2020/99
f 617/2021/94 625/2020/99 631/2022/100
f 620/2018/97 621/2027/92 629/2024/101
f 619/2010/93 627/2029/73 626/2026/103
f 621/2027/92 622/2036/96 630/2028/104
f 619/2010/93 620/2018/97 628/2025/102
f 630/2028/104 637/2038/111 636/2030/105
f 627/2029/73 628/2025/102 635/2031/106
f 625/2020/99 626/2026/103 633/2033/108
f 631/2022/100 625/2020/99 632/2034/109
f 629/2024/101 636/2030/105 635/2031/106
f 627/2029/73 634/2032/107 633/2033/108
f 646/2040/112 654/2052/122 653/2041/72
f 644/2043/114 652/2054/123 651/2044/115
f 642/2046/117 650/2055/124 649/2047/118
f 640/2049/120 648/2056/125 647/2050/121
f 639/2051/61 647/2050/121 654/2052/122
f 645/2053/113 653/2992/72 652/2054/123
f 643/2045/116 651/2044/115 650/2055/124
f 641/2048/119 649/2047/118 648/2056/125
f 647/2057/121 648/2056/125 656/2058/126
f 647/2057/121 655/2059/127 661/2060/128
f 651/2062/115 659/2065/131 658/2063/129
f 649/2047/118 657/2066/74 656/2058/126
f 651/2062/115 652/2073/123 660/2064/130
f 650/2055/124 658/2063/129 657/2066/74
f 660/2064/130 667/2075/138 666/2067/132
f 657/2066/74 658/2063/129 665/2068/133
f 655/2059/127 656/2058/126 663/2070/135
f 661/2060/128 655/2059/127 662/2071/136
f 659/2065/131 666/2067/132 665/2068/133
f 657/2066/74 664/2069/134 663/2070/135
f 664/2069/134 665/2068/133 633/2033/108
f 663/2070/135 664/2069/134 634/2032/107
f 662/2077/136 663/2070/135 635/2031/106
f 668/2079/137 662/2077/136 636/2078/105
f 653/2081/72 668/2079/137 637/2080/111
f 638/2083/110 667/2993/138 653/2084/72
f 666/2086/132 667/2993/138 638/2083/110
f 665/2068/133 666/2086/132 632/2087/109
f 676/2088/29 684/2100/95 683/2089/75
f 674/2091/23 682/2102/96 681/2092/92
f 672/2094/25 680/2103/97 679/2095/93
f 670/2097/27 678/2104/98 677/2098/94
f 669/2099/6 677/2098/94 684/2100/95
f 675/2101/3 683/2994/75 682/2102/96
f 673/2093/4 681/2092/92 680/2103/97
f 671/2096/5 679/2095/93 678/2104/98
f 678/2104/98 686/2111/139 685/2105/99
f 677/2106/94 685/2105/99 691/2107/100
f 681/2109/92 689/2113/101 688/2110/102
f 679/2095/93 687/2114/73 686/2111/139
f 681/2109/92 682/2121/96 690/2112/104
f 680/2103/97 688/2110/102 687/2114/73
f 690/2112/104 697/2123/111 696/2115/105
f 688/2110/102 695/2120/106 694/2116/107
f 685/2105/99 686/2111/139 693/2117/108
f 691/2107/100 685/2105/99 692/2118/109
f 689/2113/101 696/2115/105 695/2120/106
f 687/2114/73 694/2116/107 693/2117/108
f 706/2125/112 714/2137/122 713/2126/72
f 704/2128/114 712/2139/123 711/2129/115
f 702/2131/117 710/2140/124 709/2132/118
f 700/2134/120 708/2141/125 707/2135/121
f 699/2136/61 707/2135/121 714/2137/122
f 705/2138/113 713/2995/72 712/2139/123
f 703/2130/116 711/2129/115 710/2140/124
f 701/2133/119 709/2132/118 708/2141/125
f 708/2141/125 716/2148/140 715/2142/127
f 707/2143/121 715/2142/127 721/2144/128
f 711/2146/115 719/2150/131 718/2147/129
f 709/2132/118 717/2151/74 716/2148/140
f 711/2146/115 712/2158/123 720/2149/130
f 709/2132/118 710/2140/124 718/2147/129
f 720/2149/130 727/2160/138 726/2152/132
f 718/2147/129 725/2157/133 724/2153/134
f 715/2142/127 716/2148/140 723/2154/135
f 721/2144/128 715/2142/127 722/2155/136
f 719/2150/131 726/2152/132 725/2157/133
f 716/2148/140 717/2151/74 724/2153/134
f 724/2153/134 725/2157/133 693/2117/108
f 723/2154/135 724/2153/134 694/2116/107
f 722/2162/136 723/2154/135 695/2120/106
f 728/2164/137 722/2162/136 696/2163/105
f 713/2166/72 728/2164/137 697/2165/111
f 698/2168/110 727/2996/138 713/2169/72
f 726/2171/132 727/2996/138 698/2168/110
f 725/2157/133 726/2171/132 692/2172/109
f 645/2173/113 734/2195/146 735/2174/141
f 705/2176/113 741/2207/146 742/2177/141
f 642/2046/117 731/2194/142 732/2179/49
f 703/2130/116 702/2131/117 738/2180/142
f 643/2045/116 732/2179/49 733/2182/143
f 703/2130/116 739/2181/49 740/2183/143
f 641/2184/119 640/2214/120 729/2185/144
f 700/2187/120 736/2212/144 737/2188/145
f 644/2043/114 733/2182/143 734/2190/146
f 704/2128/114 740/2183/143 741/2192/146
f 641/2184/119 730/2186/145 731/2194/142
f 701/2189/119 737/2188/145 738/2180/142
f 734/2195/146 748/2997/152 749/2196/147
f 731/2194/142 745/2209/153 746/2197/148
f 739/2181/49 753/2210/148 754/2198/149
f 737/2188/145 736/2212/144 750/2199/150
f 732/2179/49 746/2197/148 747/2201/149
f 741/2192/146 740/2183/143 754/2198/149
f 730/2186/145 729/2185/144 743/2203/150
f 737/2188/145 751/2200/151 752/2205/153
f 734/2190/146 733/2182/143 747/2201/149
f 741/2207/146 755/2998/152 756/2208/147
f 730/2186/145 744/2204/151 745/2209/153
f 739/2181/49 738/2180/142 752/2205/153
f 752/2205/153 768/2241/75 769/2215/1
f 744/2216/151 760/2242/3 761/2217/75
f 639/2218/61 757/2227/2 759/2219/74
f 753/2210/148 769/2215/1 770/2221/72
f 745/2209/153 761/2217/75 762/2222/1
f 755/2223/152 754/2198/149 770/2221/72
f 746/2197/148 762/2222/1 763/2225/72
f 639/2218/61 749/2237/147 765/2226/73
f 755/2228/152 771/2999/5 772/2229/73
f 748/2231/152 747/2201/149 763/2225/72
f 699/2233/61 758/2240/2 766/2234/74
f 748/2236/152 764/3000/5 765/2226/73
f 751/2238/151 750/2235/150 766/2234/74
f 699/2233/61 756/2230/147 772/2229/73
f 751/2238/151 767/2239/3 768/2241/75
f 744/2216/151 743/2220/150 759/2219/74
f 970/2243/50 971/2282/54 988/2244/62
f 978/2246/50 979/2286/54 981/2247/62
f 968/2249/51 991/2256/61 992/2250/57
f 976/2252/51 984/2258/61 985/2253/57
f 969/2255/55 990/2268/71 991/2256/61
f 977/2257/55 983/2267/71 984/2258/61
f 966/2259/52 993/2266/58 994/2260/59
f 974/2262/52 986/2265/58 987/2263/59
f 974/2262/52 975/2254/56 985/2253/57
f 967/2251/56 992/2250/57 993/2266/58
f 977/2257/55 978/2246/50 982/2248/63
f 969/2255/55 970/2243/50 989/2245/63
f 987/2263/59 986/2265/58 1000/2269/67
f 983/2267/71 997/2279/65 998/2271/66
f 991/2256/61 1005/2280/66 1006/2272/69
f 988/2244/62 1002/2283/70 1003/2273/64
f 984/2258/61 998/2271/66 999/2274/69
f 993/2266/58 992/2250/57 1006/2272/69
f 981/2247/62 995/2287/70 996/2276/64
f 990/2268/71 989/2245/63 1003/2273/64
f 986/2265/58 985/2253/57 999/2274/69
f 994/2260/59 993/2266/58 1007/2275/67
f 983/2267/71 982/2248/63 996/2276/64
f 990/2268/71 1004/2277/65 1005/2280/66
f 1004/2277/65 1020/2315/74 1021/2289/2
f 996/2290/64 1012/2316/3 1013/2291/74
f 980/2292/49 1009/3001/1 1011/2293/75
f 1005/2280/66 1021/2289/2 1022/2295/73
f 997/2279/65 1013/2291/74 1014/2296/2
f 1006/2272/69 1022/2295/73 1023/2297/5
f 998/2271/66 1014/2296/2 1015/2299/73
f 1001/2300/68 1017/2310/72 1009/2301/1
f 1007/2298/67 1023/2297/5 1024/2303/72
f 999/2274/69 1015/2299/73 1016/2305/5
f 972/2307/49 1010/3002/1 1018/2308/75
f 1000/2306/67 1016/2305/5 1017/2310/72
f 1002/2309/70 1018/2308/75 1019/2311/3
f 1008/2304/68 1024/2303/72 1010/2313/1
f 1003/2312/64 1019/2311/3 1020/2315/74
f 995/2294/70 1011/2293/75 1012/2316/3
f 977/2257/55 1037/2343/23 1038/2317/3
f 970/2319/50 1030/2344/3 1031/2320/29
f 978/2318/50 1038/2317/3 1039/2322/29
f 971/2321/54 1031/2320/29 1032/2324/6
f 972/2326/49 1032/3003/6 1025/2327/27
f 979/2323/54 1039/2322/29 1040/2329/6
f 980/2331/49 1040/3004/6 1033/2332/27
f 965/2328/53 1025/2327/27 1026/2334/5
f 973/2333/53 1033/2332/27 1034/2336/5
f 966/2335/52 1026/2334/5 1027/2338/25
f 974/2337/52 1034/2336/5 1035/2339/25
f 967/2251/56 1027/2338/25 1028/2340/4
f 975/2254/56 1035/2339/25 1036/2341/4
f 968/2249/51 1028/2340/4 1029/2342/23
f 976/2252/51 1036/2341/4 1037/2343/23
f 969/2255/55 1029/2342/23 1030/2344/3
f 1051/2345/6 1052/2356/49 1044/2346/49
f 1049/2348/2 1050/2358/40 1042/2349/40
f 1056/2351/61 1049/2348/2 1041/2350/2
f 1054/2353/24 1055/2359/4 1047/2354/4
f 1052/2356/49 1053/3005/1 1045/2357/1
f 1050/2358/40 1051/2345/6 1043/2347/6
f 1055/2359/4 1056/2351/61 1048/2352/61
f 1053/2360/1 1054/2353/24 1046/2355/24
f 1067/2362/6 1068/2373/49 1060/2363/49
f 1065/2365/2 1066/2375/40 1058/2366/40
f 1072/2368/61 1065/2365/2 1057/2367/2
f 1070/2370/24 1071/2376/4 1063/2371/4
f 1068/2373/49 1069/3006/1 1061/2374/1
f 1066/2375/40 1067/2362/6 1059/2364/6
f 1071/2376/4 1072/2368/61 1064/2369/61
f 1069/2377/1 1070/2370/24 1062/2372/24
f 1083/2379/6 1084/2390/49 1076/2380/49
f 1081/2382/2 1082/2392/40 1074/2383/40
f 1088/2385/61 1081/2382/2 1073/2384/2
f 1086/2387/24 1087/2393/4 1079/2388/4
f 1084/2390/49 1085/3007/1 1077/2391/1
f 1082/2392/40 1083/2379/6 1075/2381/6
f 1087/2393/4 1088/2385/61 1080/2386/61
f 1085/2394/1 1086/2387/24 1078/2389/24
f 1099/2396/6 1100/2407/49 1092/2397/49
f 1097/2399/2 1098/2409/40 1090/2400/40
f 1104/2402/61 1097/2399/2 1089/2401/2
f 1102/2404/24 1103/2410/4 1095/2405/4
f 1100/2407/49 1101/3008/1 1093/2408/1
f 1098/2409/40 1099/2396/6 1091/2398/6
f 1103/2410/4 1104/2402/61 1096/2403/61
f 1101/2411/1 1102/2404/24 1094/2406/24
f 1544/2413/23 1552/2425/31 1551/2414/24
f 1542/2416/25 1550/2427/32 1549/2417/26
f 1540/2419/27 1548/2428/33 1547/2420/28
f 1538/2422/29 1546/2429/34 1545/2423/30
f 1537/2424/3 1545/2423/30 1552/2425/31
f 1543/2426/4 1551/3009/24 1550/2427/32
f 1541/2418/5 1549/2417/26 1548/2428/33
f 1539/2421/6 1547/2420/28 1546/2429/34
f 1545/2430/30 1546/2429/34 1554/2431/35
f 1545/2430/30 1553/2432/36 1559/2433/37
f 1548/2428/33 1549/2438/26 1557/2435/39
f 1547/2420/28 1555/2439/40 1554/2431/35
f 1550/2437/32 1558/2440/41 1557/2435/39
f 1547/2420/28 1548/2428/33 1556/2436/38
f 1558/2440/41 1565/2448/48 1564/2441/42
f 1555/2439/40 1556/2436/38 1563/2442/43
f 1553/2432/36 1554/2431/35 1561/2444/45
f 1559/2433/37 1553/2432/36 1560/2445/46
f 1557/2435/39 1564/2441/42 1563/2442/43
f 1555/2439/40 1562/2443/44 1561/2444/45
f 1574/2450/27 1582/2462/53 1581/2451/49
f 1572/2453/29 1580/2464/54 1579/2454/50
f 1570/2456/23 1578/2465/55 1577/2457/51
f 1568/2459/25 1576/2466/56 1575/2460/52
f 1567/2461/5 1575/2460/52 1582/2462/53
f 1573/2463/6 1581/3010/49 1580/2464/54
f 1571/2455/3 1579/2454/50 1578/2465/55
f 1569/2458/4 1577/2457/51 1576/2466/56
f 1575/2467/52 1576/2466/56 1584/2468/57
f 1575/2467/52 1583/2469/58 1589/2470/59
f 1578/2465/55 1579/2475/50 1587/2472/63
f 1577/2457/51 1585/2476/61 1584/2468/57
f 1580/2474/54 1588/2477/62 1587/2472/63
f 1577/2457/51 1578/2465/55 1586/2473/71
f 1588/2477/62 1595/2485/70 1594/2478/64
f 1586/2473/71 1593/2483/65 1592/2479/66
f 1583/2469/58 1584/2468/57 1591/2480/69
f 1589/2470/59 1583/2469/58 1590/2481/67
f 1587/2472/63 1594/2478/64 1593/2483/65
f 1585/2476/61 1592/2479/66 1591/2480/69
f 1592/2479/66 1593/2483/65 1561/2444/45
f 1591/2480/69 1592/2479/66 1562/2443/44
f 1590/2487/67 1591/2480/69 1563/2442/43
f 1596/2489/68 1590/2487/67 1564/2488/42
f 1581/2491/49 1596/2489/68 1565/2490/48
f 1551/2493/24 1566/2497/47 1595/2494/70
f 1594/2496/64 1595/2494/70 1566/2497/47
f 1593/2483/65 1594/2496/64 1560/2498/46
f 1604/2499/23 1612/2511/31 1611/2500/24
f 1602/2502/25 1610/2513/32 1609/2503/26
f 1600/2505/27 1608/2514/33 1607/2506/28
f 1598/2508/29 1606/2515/34 1605/2509/30
f 1597/2510/3 1605/2509/30 1612/2511/31
f 1603/2512/4 1611/3011/24 1610/2513/32
f 1601/2504/5 1609/2503/26 1608/2514/33
f 1599/2507/6 1607/2506/28 1606/2515/34
f 1605/2516/30 1606/2515/34 1614/2517/35
f 1605/2516/30 1613/2518/36 1619/2519/37
f 1608/2514/33 1609/2524/26 1617/2521/39
f 1607/2506/28 1615/2525/40 1614/2517/35
f 1610/2523/32 1618/2526/41 1617/2521/39
f 1607/2506/28 1608/2514/33 1616/2522/38
f 1618/2526/41 1625/2534/48 1624/2527/42
f 1615/2525/40 1616/2522/38 1623/2528/43
f 1613/2518/36 1614/2517/35 1621/2530/45
f 1619/2519/37 1613/2518/36 1620/2531/46
f 1617/2521/39 1624/2527/42 1623/2528/43
f 1615/2525/40 1622/2529/44 1621/2530/45
f 1634/2536/27 1642/2548/53 1641/2537/49
f 1632/2539/29 1640/2550/54 1639/2540/50
f 1630/2542/23 1638/2551/55 1637/2543/51
f 1628/2545/25 1636/2552/56 1635/2546/52
f 1627/2547/5 1635/2546/52 1642/2548/53
f 1633/2549/6 1641/3012/49 1640/2550/54
f 1631/2541/3 1639/2540/50 1638/2551/55
f 1629/2544/4 1637/2543/51 1636/2552/56
f 1635/2553/52 1636/2552/56 1644/2554/57
f 1635/2553/52 1643/2555/58 1649/2556/59
f 1638/2551/55 1639/2561/50 1647/2558/63
f 1636/2552/56 1637/2543/51 1645/2560/61
f 1639/2561/50 1640/2569/54 1648/2562/62
f 1638/2551/55 1646/2559/71 1645/2560/61
f 1648/2562/62 1655/2571/70 1654/2563/64
f 1645/2560/61 1646/2559/71 1653/2564/65
f 1643/2555/58 1644/2554/57 1651/2566/69
f 1649/2556/59 1643/2555/58 1650/2567/67
f 1647/2558/63 1654/2563/64 1653/2564/65
f 1645/2560/61 1652/2565/66 1651/2566/69
f 1652/2565/66 1653/2564/65 1621/2530/45
f 1623/2528/43 1651/2566/69 1652/2565/66
f 1650/2573/67 1651/2566/69 1623/2528/43
f 1656/2575/68 1650/2573/67 1624/2574/42
f 1641/2577/49 1656/2575/68 1625/2576/48
f 1626/2579/47 1655/3013/70 1641/2580/49
f 1654/2582/64 1655/3013/70 1626/2579/47
f 1653/2564/65 1654/2582/64 1620/2583/46
f 1664/2584/23 1672/2596/31 1671/2585/24
f 1662/2587/25 1670/2598/32 1669/2588/26
f 1660/2590/27 1668/2599/33 1667/2591/28
f 1658/2593/29 1666/2600/34 1665/2594/30
f 1657/2595/3 1665/2594/30 1672/2596/31
f 1663/2597/4 1671/3014/24 1670/2598/32
f 1661/2589/5 1669/2588/26 1668/2599/33
f 1659/2592/6 1667/2591/28 1666/2600/34
f 1665/2601/30 1666/2600/34 1674/2602/35
f 1665/2601/30 1673/2603/36 1679/2604/37
f 1668/2599/33 1669/2608/26 1677/2606/39
f 1667/2591/28 1675/2610/40 1674/2602/35
f 1669/2608/26 1670/2617/32 1678/2609/41
f 1668/2599/33 1676/2607/38 1675/2610/40
f 1678/2609/41 1685/2619/48 1684/2611/42
f 1675/2610/40 1676/2607/38 1683/2612/43
f 1673/2603/36 1674/2602/35 1681/2614/45
f 1679/2604/37 1673/2603/36 1680/2615/46
f 1677/2606/39 1684/2611/42 1683/2612/43
f 1675/2610/40 1682/2613/44 1681/2614/45
f 1694/2621/27 1702/2633/53 1701/2622/49
f 1692/2624/29 1700/2635/54 1699/2625/50
f 1690/2627/23 1698/2636/55 1697/2628/51
f 1688/2630/25 1696/2637/56 1695/2631/52
f 1687/2632/5 1695/2631/52 1702/2633/53
f 1693/2634/6 1701/3015/49 1700/2635/54
f 1691/2626/3 1699/2625/50 1698/2636/55
f 1689/2629/4 1697/2628/51 1696/2637/56
f 1695/2638/52 1696/2637/56 1704/2639/57
f 1695/2638/52 1703/2640/58 1709/2641/59
f 1699/2643/50 1707/2646/63 1706/2644/154
f 1697/2628/51 1705/2647/61 1704/2639/57
f 1700/2645/54 1708/2648/62 1707/2646/63
f 1697/2628/51 1698/2636/55 1706/2644/154
f 1708/2648/62 1715/2656/70 1714/2649/64
f 1705/2647/61 1706/2644/154 1713/2650/65
f 1704/2639/57 1711/2654/69 1710/2652/67
f 1709/2641/59 1703/2640/58 1710/2652/67
f 1707/2646/63 1714/2649/64 1713/2650/65
f 1705/2647/61 1712/2651/66 1711/2654/69
f 1712/2651/66 1713/2650/65 1681/2614/45
f 1711/2654/69 1712/2651/66 1682/2613/44
f 1710/2658/67 1711/2654/69 1683/2612/43
f 1716/2660/68 1710/2658/67 1684/2659/42
f 1701/2662/49 1716/2660/68 1685/2661/48
f 1671/2664/24 1686/2668/47 1715/2665/70
f 1714/2667/64 1715/2665/70 1686/2668/47
f 1713/2650/65 1714/2667/64 1680/2669/46
f 1724/2670/23 1732/2682/31 1731/2671/24
f 1722/2673/25 1730/2684/32 1729/2674/26
f 1720/2676/27 1728/2685/33 1727/2677/28
f 1718/2679/29 1726/2686/34 1725/2680/30
f 1717/2681/3 1725/2680/30 1732/2682/31
f 1723/2683/4 1731/3016/24 1730/2684/32
f 1721/2675/5 1729/2674/26 1728/2685/33
f 1719/2678/6 1727/2677/28 1726/2686/34
f 1726/2686/34 1734/2693/35 1733/2687/36
f 1725/2688/30 1733/2687/36 1739/2689/37
f 1729/2691/26 1737/2695/39 1736/2692/38
f 1727/2677/28 1735/2696/40 1734/2693/35
f 1729/2691/26 1730/2703/32 1738/2694/41
f 1727/2677/28 1728/2685/33 1736/2692/38
f 1738/2694/41 1745/2705/48 1744/2697/42
f 1735/2696/40 1736/2692/38 1743/2698/43
f 1733/2687/36 1734/2693/35 1741/2700/45
f 1739/2689/37 1733/2687/36 1740/2701/46
f 1737/2695/39 1744/2697/42 1743/2698/43
f 1735/2696/40 1742/2699/44 1741/2700/45
f 1754/2707/27 1762/2719/53 1761/2708/49
f 1752/2710/29 1760/2721/54 1759/2711/50
f 1750/2713/23 1758/2722/55 1757/2714/51
f 1748/2716/25 1756/2723/56 1755/2717/52
f 1747/2718/5 1755/2717/52 1762/2719/53
f 1753/2720/6 1761/3017/49 1760/2721/54
f 1751/2712/3 1759/2711/50 1758/2722/55
f 1749/2715/4 1757/2714/51 1756/2723/56
f 1755/2724/52 1756/2723/56 1764/2725/57
f 1762/2727/53 1755/2724/52 1763/2726/58
f 1759/2729/50 1767/2732/63 1766/2730/71
f 1757/2714/51 1765/2733/61 1764/2725/57
f 1759/2729/50 1760/2740/54 1768/2731/62
f 1758/2722/55 1766/2730/71 1765/2733/61
f 1768/2731/62 1775/2742/70 1774/2734/64
f 1766/2730/71 1773/2739/65 1772/2735/66
f 1763/2726/58 1764/2725/57 1771/2736/69
f 1769/2728/59 1763/2726/58 1770/2737/67
f 1767/2732/63 1774/2734/64 1773/2739/65
f 1764/2725/57 1765/2733/61 1772/2735/66
f 1772/2735/66 1773/2739/65 1741/2700/45
f 1771/2736/69 1772/2735/66 1742/2699/44
f 1770/2744/67 1771/2736/69 1743/2698/43
f 1776/2746/68 1770/2744/67 1744/2745/42
f 1761/2748/49 1776/2746/68 1745/2747/48
f 1746/2750/47 1775/3018/70 1761/2751/49
f 1774/2753/64 1775/3018/70 1746/2750/47
f 1773/2739/65 1774/2753/64 1740/2754/46
f 1792/2755/23 1800/2767/31 1799/2756/24
f 1790/2758/25 1798/2769/32 1797/2759/26
f 1788/2761/27 1796/2770/33 1795/2762/28
f 1786/2764/29 1794/2771/34 1793/2765/30
f 1785/2766/3 1793/2765/30 1800/2767/31
f 1791/2768/4 1799/3019/24 1798/2769/32
f 1789/2760/5 1797/2759/26 1796/2770/33
f 1787/2763/6 1795/2762/28 1794/2771/34
f 1793/2772/30 1794/2771/34 1802/2773/35
f 1793/2772/30 1801/2774/36 1807/2775/37
f 1796/2770/33 1797/2779/26 1805/2777/39
f 1795/2762/28 1803/2781/40 1802/2773/35
f 1797/2779/26 1798/2788/32 1806/2780/41
f 1796/2770/33 1804/2778/38 1803/2781/40
f 1806/2780/41 1813/2790/48 1812/2782/42
f 1803/2781/40 1804/2778/38 1811/2783/43
f 1801/2774/36 1802/2773/35 1809/2785/45
f 1807/2775/37 1801/2774/36 1808/2786/46
f 1805/2777/39 1812/2782/42 1811/2783/43
f 1803/2781/40 1810/2784/44 1809/2785/45
f 1822/2792/27 1830/2804/53 1829/2793/49
f 1820/2795/29 1828/2806/54 1827/2796/50
f 1818/2798/23 1826/2807/55 1825/2799/51
f 1816/2801/25 1824/2808/56 1823/2802/52
f 1815/2803/5 1823/2802/52 1830/2804/53
f 1821/2805/6 1829/3020/49 1828/2806/54
f 1819/2797/3 1827/2796/50 1826/2807/55
f 1817/2800/4 1825/2799/51 1824/2808/56
f 1823/2809/52 1824/2808/56 1832/2810/57
f 1823/2809/52 1831/2811/58 1837/2812/59
f 1827/2814/50 1835/2818/63 1834/2815/60
f 1824/2808/56 1825/2799/51 1833/2816/61
f 1827/2814/50 1828/2825/54 1836/2817/62
f 1826/2807/55 1834/2815/60 1833/2816/61
f 1836/2817/62 1843/2827/70 1842/2819/64
f 1833/2816/61 1834/2815/60 1841/2820/65
f 1831/2811/58 1832/2810/57 1839/2822/69
f 1837/2812/59 1831/2811/58 1838/2823/67
f 1835/2818/63 1842/2819/64 1841/2820/65
f 1833/2816/61 1840/2821/66 1839/2822/69
f 1840/2821/66 1841/2820/65 1809/2785/45
f 1839/2822/69 1840/2821/66 1810/2784/44
f 1838/2829/67 1839/2822/69 1811/2783/43
f 1844/2831/68 1838/2829/67 1812/2830/42
f 1829/2833/49 1844/2831/68 1813/2832/48
f 1799/2835/24 1814/2839/47 1843/2836/70
f 1842/2838/64 1843/2836/70 1814/2839/47
f 1841/2820/65 1842/2838/64 1808/2840/46
f 1852/2841/23 1860/2853/31 1859/2842/24
f 1850/2844/25 1858/2855/32 1857/2845/26
f 1848/2847/27 1856/2856/33 1855/2848/28
f 1846/2850/29 1854/2857/34 1853/2851/30
f 1845/2852/3 1853/2851/30 1860/2853/31
f 1851/2854/4 1859/3021/24 1858/2855/32
f 1849/2846/5 1857/2845/26 1856/2856/33
f 1847/2849/6 1855/2848/28 1854/2857/34
f 1854/2857/34 1862/2864/35 1861/2858/36
f 1860/2860/31 1853/2859/30 1861/2858/36
f 1856/2856/33 1857/2865/26 1865/2862/39
f 1855/2848/28 1863/2867/40 1862/2864/35
f 1857/2865/26 1858/2874/32 1866/2866/41
f 1856/2856/33 1864/2863/38 1863/2867/40
f 1866/2866/41 1873/2876/48 1872/2868/42
f 1864/2863/38 1871/2873/43 1870/2869/44
f 1861/2858/36 1862/2864/35 1869/2870/45
f 1867/2861/37 1861/2858/36 1868/2871/46
f 1865/2862/39 1872/2868/42 1871/2873/43
f 1863/2867/40 1870/2869/44 1869/2870/45
f 1882/2878/27 1890/2890/53 1889/2879/49
f 1880/2881/29 1888/2892/54 1887/2882/50
f 1878/2884/23 1886/2893/55 1885/2885/51
f 1876/2887/25 1884/2894/56 1883/2888/52
f 1875/2889/5 1883/2888/52 1890/2890/53
f 1881/2891/6 1889/3022/49 1888/2892/54
f 1879/2883/3 1887/2882/50 1886/2893/55
f 1877/2886/4 1885/2885/51 1884/2894/56
f 1883/2895/52 1884/2894/56 1892/2896/57
f 1883/2895/52 1891/2897/58 1897/2898/59
f 1886/2893/55 1887/2903/50 1895/2900/63
f 1884/2894/56 1885/2885/51 1893/2902/61
f 1887/2903/50 1888/2911/54 1896/2904/62
f 1885/2885/51 1886/2893/55 1894/2901/71
f 1896/2904/62 1903/2913/70 1902/2905/64
f 1894/2901/71 1901/2910/65 1900/2906/66
f 1891/2897/58 1892/2896/57 1899/2907/69
f 1891/2897/58 1898/2908/67 1904/2909/68
f 1895/2900/63 1902/2905/64 1901/2910/65
f 1893/2902/61 1900/2906/66 1899/2907/69
f 1900/2906/66 1901/2910/65 1869/2870/45
f 1899/2907/69 1900/2906/66 1870/2869/44
f 1898/2915/67 1899/2907/69 1871/2873/43
f 1904/2917/68 1898/2915/67 1872/2916/42
f 1889/2919/49 1904/2917/68 1873/2918/48
f 1874/2921/47 1903/3023/70 1889/2922/49
f 1902/2924/64 1903/3023/70 1874/2921/47
f 1901/2910/65 1902/2924/64 1868/2925/46
f 1911/2926/1 1919/3024/1 1918/2927/72
f 1909/2929/5 1917/2938/5 1916/2930/73
f 1907/2932/2 1915/2939/2 1913/2933/74
f 1912/2935/75 1920/2942/75 1919/2936/1
f 1910/2928/72 1918/2927/72 1917/2938/5
f 1908/2931/73 1916/2930/73 1915/2939/2
f 1906/2934/74 1913/2933/74 1914/2940/3
f 1905/2941/3 1914/2940/3 1920/2942/75
f 1927/2943/1 1935/3025/1 1934/2944/72
f 1925/2946/5 1933/2955/5 1932/2947/73
f 1923/2949/2 1931/2956/2 1929/2950/74
f 1928/2952/75 1936/2959/75 1935/2953/1
f 1926/2945/72 1934/2944/72 1933/2955/5
f 1924/2948/73 1932/2947/73 1931/2956/2
f 1922/2951/74 1929/2950/74 1930/2957/3
f 1921/2958/3 1930/2957/3 1936/2959/75
